[20Dec2025 03:22:16.947] [main/INFO] [cpw.mods.modlauncher.Launcher/MODLAUNCHER]: ModLauncher running: args [--launchTarget, forgeserver, --fml.forgeVersion, 47.3.7, --fml.mcVersion, 1.20.1, --fml.forgeGroup, net.minecraftforge, --fml.mcpVersion, 20230612.114412, nogui]
[20Dec2025 03:22:16.953] [main/INFO] [cpw.mods.modlauncher.Launcher/MODLAUNCHER]: ModLauncher 10.0.9+10.0.9+main.dcd20f30 starting: java version 21.0.9 by Ubuntu; OS Linux arch amd64 version 6.8.0-1030-azure
[20Dec2025 03:22:16.978] [main/DEBUG] [cpw.mods.modlauncher.LaunchServiceHandler/MODLAUNCHER]: Found launch services [fmlclientdev,forgeclient,minecraft,forgegametestserverdev,fmlserveruserdev,fmlclient,fmldatauserdev,forgeserverdev,forgeserveruserdev,forgeclientdev,forgeclientuserdev,forgeserver,forgedatadev,fmlserver,fmlclientuserdev,fmlserverdev,forgedatauserdev,testharness,forgegametestserveruserdev]
[20Dec2025 03:22:16.990] [main/DEBUG] [cpw.mods.modlauncher.NameMappingServiceHandler/MODLAUNCHER]: Found naming services : [srgtomcp]
[20Dec2025 03:22:17.003] [main/DEBUG] [cpw.mods.modlauncher.LaunchPluginHandler/MODLAUNCHER]: Found launch plugins: [mixin,eventbus,slf4jfixer,object_holder_definalize,runtime_enum_extender,capability_token_subclass,accesstransformer,runtimedistcleaner]
[20Dec2025 03:22:17.013] [main/DEBUG] [cpw.mods.modlauncher.TransformationServicesHandler/MODLAUNCHER]: Discovering transformation services
[20Dec2025 03:22:17.016] [main/DEBUG] [net.minecraftforge.fml.loading.FMLPaths/CORE]: Path GAMEDIR is /workspaces/MSP-2.6/servidor_minecraft
[20Dec2025 03:22:17.016] [main/DEBUG] [net.minecraftforge.fml.loading.FMLPaths/CORE]: Path MODSDIR is /workspaces/MSP-2.6/servidor_minecraft/mods
[20Dec2025 03:22:17.017] [main/DEBUG] [net.minecraftforge.fml.loading.FMLPaths/CORE]: Path CONFIGDIR is /workspaces/MSP-2.6/servidor_minecraft/config
[20Dec2025 03:22:17.017] [main/DEBUG] [net.minecraftforge.fml.loading.FMLPaths/CORE]: Path FMLCONFIG is /workspaces/MSP-2.6/servidor_minecraft/config/fml.toml
[20Dec2025 03:22:17.672] [main/DEBUG] [cpw.mods.modlauncher.TransformationServicesHandler/MODLAUNCHER]: Found additional transformation services from discovery services: 
[20Dec2025 03:22:17.678] [main/INFO] [net.minecraftforge.fml.loading.ImmediateWindowHandler/]: ImmediateWindowProvider not loading because launch target is forgeserver
[20Dec2025 03:22:17.684] [main/DEBUG] [cpw.mods.modlauncher.TransformationServicesHandler/MODLAUNCHER]: Found transformer services : [mixin,fml]
[20Dec2025 03:22:17.684] [main/DEBUG] [cpw.mods.modlauncher.TransformationServicesHandler/MODLAUNCHER]: Transformation services loading
[20Dec2025 03:22:17.684] [main/DEBUG] [cpw.mods.modlauncher.TransformationServiceDecorator/MODLAUNCHER]: Loading service mixin
[20Dec2025 03:22:17.685] [main/DEBUG] [cpw.mods.modlauncher.TransformationServiceDecorator/MODLAUNCHER]: Loaded service mixin
[20Dec2025 03:22:17.685] [main/DEBUG] [cpw.mods.modlauncher.TransformationServiceDecorator/MODLAUNCHER]: Loading service fml
[20Dec2025 03:22:17.685] [main/DEBUG] [net.minecraftforge.fml.loading.LauncherVersion/CORE]: Found FMLLauncher version 1.0
[20Dec2025 03:22:17.685] [main/DEBUG] [net.minecraftforge.fml.loading.FMLLoader/CORE]: FML 1.0 loading
[20Dec2025 03:22:17.686] [main/DEBUG] [net.minecraftforge.fml.loading.FMLLoader/CORE]: FML found ModLauncher version : 10.0.9+10.0.9+main.dcd20f30
[20Dec2025 03:22:17.686] [main/DEBUG] [net.minecraftforge.fml.loading.FMLLoader/CORE]: FML found AccessTransformer version : 8.0.4+66+master.c09db6d7
[20Dec2025 03:22:17.686] [main/DEBUG] [net.minecraftforge.fml.loading.FMLLoader/CORE]: FML found EventBus version : 6.0.5+6.0.5+master.eb8e549b
[20Dec2025 03:22:17.687] [main/DEBUG] [net.minecraftforge.fml.loading.FMLLoader/CORE]: Found Runtime Dist Cleaner
[20Dec2025 03:22:17.688] [main/DEBUG] [net.minecraftforge.fml.loading.FMLLoader/CORE]: FML found CoreMod version : 5.1.6
[20Dec2025 03:22:17.688] [main/DEBUG] [net.minecraftforge.fml.loading.FMLLoader/CORE]: Found ForgeSPI package implementation version 7.0.1+7.0.1+master.d2b38bf6
[20Dec2025 03:22:17.688] [main/DEBUG] [net.minecraftforge.fml.loading.FMLLoader/CORE]: Found ForgeSPI package specification 5
[20Dec2025 03:22:17.688] [main/DEBUG] [cpw.mods.modlauncher.TransformationServiceDecorator/MODLAUNCHER]: Loaded service fml
[20Dec2025 03:22:17.689] [main/DEBUG] [cpw.mods.modlauncher.TransformationServicesHandler/MODLAUNCHER]: Configuring option handling for services
[20Dec2025 03:22:17.694] [main/DEBUG] [cpw.mods.modlauncher.TransformationServicesHandler/MODLAUNCHER]: Transformation services initializing
[20Dec2025 03:22:17.694] [main/DEBUG] [cpw.mods.modlauncher.TransformationServiceDecorator/MODLAUNCHER]: Initializing transformation service mixin
[20Dec2025 03:22:17.708] [main/DEBUG] [mixin/]: MixinService [ModLauncher] was successfully booted in cpw.mods.cl.ModuleClassLoader@1da51a35
[20Dec2025 03:22:17.728] [main/INFO] [mixin/]: SpongePowered MIXIN Subsystem Version=0.8.5 Source=union:/workspaces/MSP-2.6/servidor_minecraft/libraries/org/spongepowered/mixin/0.8.5/mixin-0.8.5.jar%2365!/ Service=ModLauncher Env=SERVER
[20Dec2025 03:22:17.731] [main/DEBUG] [mixin/]: Initialising Mixin Platform Manager
[20Dec2025 03:22:17.731] [main/DEBUG] [mixin/]: Adding mixin platform agents for container ModLauncher Root Container(ModLauncher:4f56a0a2)
[20Dec2025 03:22:17.732] [main/DEBUG] [mixin/]: Instancing new MixinPlatformAgentMinecraftForge for ModLauncher Root Container(ModLauncher:4f56a0a2)
[20Dec2025 03:22:17.732] [main/DEBUG] [mixin/]: MixinPlatformAgentMinecraftForge rejected container ModLauncher Root Container(ModLauncher:4f56a0a2)
[20Dec2025 03:22:17.733] [main/DEBUG] [mixin/]: Instancing new MixinPlatformAgentDefault for ModLauncher Root Container(ModLauncher:4f56a0a2)
[20Dec2025 03:22:17.733] [main/DEBUG] [mixin/]: MixinPlatformAgentDefault accepted container ModLauncher Root Container(ModLauncher:4f56a0a2)
[20Dec2025 03:22:17.736] [main/DEBUG] [cpw.mods.modlauncher.TransformationServiceDecorator/MODLAUNCHER]: Initialized transformation service mixin
[20Dec2025 03:22:17.736] [main/DEBUG] [cpw.mods.modlauncher.TransformationServiceDecorator/MODLAUNCHER]: Initializing transformation service fml
[20Dec2025 03:22:17.736] [main/DEBUG] [net.minecraftforge.fml.loading.FMLServiceProvider/CORE]: Setting up basic FML game directories
[20Dec2025 03:22:17.736] [main/DEBUG] [net.minecraftforge.fml.loading.FMLPaths/CORE]: Path GAMEDIR is /workspaces/MSP-2.6/servidor_minecraft
[20Dec2025 03:22:17.737] [main/DEBUG] [net.minecraftforge.fml.loading.FMLPaths/CORE]: Path MODSDIR is /workspaces/MSP-2.6/servidor_minecraft/mods
[20Dec2025 03:22:17.737] [main/DEBUG] [net.minecraftforge.fml.loading.FMLPaths/CORE]: Path CONFIGDIR is /workspaces/MSP-2.6/servidor_minecraft/config
[20Dec2025 03:22:17.737] [main/DEBUG] [net.minecraftforge.fml.loading.FMLPaths/CORE]: Path FMLCONFIG is /workspaces/MSP-2.6/servidor_minecraft/config/fml.toml
[20Dec2025 03:22:17.737] [main/DEBUG] [net.minecraftforge.fml.loading.FMLServiceProvider/CORE]: Loading configuration
[20Dec2025 03:22:17.739] [main/DEBUG] [net.minecraftforge.fml.loading.FMLServiceProvider/CORE]: Preparing ModFile
[20Dec2025 03:22:17.742] [main/DEBUG] [net.minecraftforge.fml.loading.FMLServiceProvider/CORE]: Preparing launch handler
[20Dec2025 03:22:17.742] [main/DEBUG] [net.minecraftforge.fml.loading.FMLLoader/CORE]: Using forgeserver as launch service
[20Dec2025 03:22:17.756] [main/DEBUG] [net.minecraftforge.fml.loading.FMLLoader/CORE]: Received command line version data  : VersionInfo[forgeVersion=47.3.7, mcVersion=1.20.1, mcpVersion=20230612.114412, forgeGroup=net.minecraftforge]
[20Dec2025 03:22:17.758] [main/DEBUG] [cpw.mods.modlauncher.TransformationServiceDecorator/MODLAUNCHER]: Initialized transformation service fml
[20Dec2025 03:22:17.758] [main/DEBUG] [cpw.mods.modlauncher.NameMappingServiceHandler/MODLAUNCHER]: Current naming domain is 'srg'
[20Dec2025 03:22:17.758] [main/DEBUG] [cpw.mods.modlauncher.NameMappingServiceHandler/MODLAUNCHER]: Identified name mapping providers {}
[20Dec2025 03:22:17.759] [main/DEBUG] [cpw.mods.modlauncher.TransformationServicesHandler/MODLAUNCHER]: Transformation services begin scanning
[20Dec2025 03:22:17.759] [main/DEBUG] [cpw.mods.modlauncher.TransformationServiceDecorator/MODLAUNCHER]: Beginning scan trigger - transformation service mixin
[20Dec2025 03:22:17.759] [main/DEBUG] [cpw.mods.modlauncher.TransformationServiceDecorator/MODLAUNCHER]: End scan trigger - transformation service mixin
[20Dec2025 03:22:17.760] [main/DEBUG] [cpw.mods.modlauncher.TransformationServiceDecorator/MODLAUNCHER]: Beginning scan trigger - transformation service fml
[20Dec2025 03:22:17.760] [main/DEBUG] [net.minecraftforge.fml.loading.FMLServiceProvider/CORE]: Initiating mod scan
[20Dec2025 03:22:17.767] [main/DEBUG] [net.minecraftforge.fml.loading.moddiscovery.ModListHandler/CORE]: Found mod coordinates from lists: []
[20Dec2025 03:22:17.770] [main/DEBUG] [net.minecraftforge.fml.loading.moddiscovery.ModDiscoverer/CORE]: Found Mod Locators : (mods folder:null),(maven libs:null),(exploded directory:null),(minecraft:null),(userdev classpath:null)
[20Dec2025 03:22:17.770] [main/DEBUG] [net.minecraftforge.fml.loading.moddiscovery.ModDiscoverer/CORE]: Found Dependency Locators : (JarInJar:null)
[20Dec2025 03:22:17.775] [main/DEBUG] [net.minecraftforge.fml.loading.moddiscovery.ModFileParser/LOADING]: Considering mod file candidate /workspaces/MSP-2.6/servidor_minecraft/mods/AI-Improvements-1.20-0.5.2.jar
[20Dec2025 03:22:17.818] [main/DEBUG] [net.minecraftforge.fml.loading.moddiscovery.ModFileInfo/LOADING]: Found valid mod file AI-Improvements-1.20-0.5.2.jar with {aiimprovements} mods - versions {0.5.2}
[20Dec2025 03:22:17.819] [main/DEBUG] [net.minecraftforge.fml.loading.moddiscovery.ModFileParser/LOADING]: Considering mod file candidate /workspaces/MSP-2.6/servidor_minecraft/mods/balm-forge-1.20.1-7.3.37-all.jar
[20Dec2025 03:22:17.821] [main/DEBUG] [net.minecraftforge.fml.loading.moddiscovery.ModFileInfo/LOADING]: Found valid mod file balm-forge-1.20.1-7.3.37-all.jar with {balm} mods - versions {7.3.37}
[20Dec2025 03:22:17.822] [main/DEBUG] [net.minecraftforge.fml.loading.moddiscovery.ModFileParser/LOADING]: Considering mod file candidate /workspaces/MSP-2.6/servidor_minecraft/mods/bossesrise-1.20.1-forge-1.0.9.2b.jar
[20Dec2025 03:22:17.823] [main/DEBUG] [net.minecraftforge.fml.loading.moddiscovery.ModFileInfo/LOADING]: Found valid mod file bossesrise-1.20.1-forge-1.0.9.2b.jar with {block_factorys_bosses} mods - versions {1.0.9.2.}
[20Dec2025 03:22:17.824] [main/DEBUG] [net.minecraftforge.fml.loading.moddiscovery.ModFileParser/LOADING]: Considering mod file candidate /workspaces/MSP-2.6/servidor_minecraft/mods/citadel-2.6.2-1.20.1.jar
[20Dec2025 03:22:17.825] [main/DEBUG] [net.minecraftforge.fml.loading.moddiscovery.ModFileInfo/LOADING]: Found valid mod file citadel-2.6.2-1.20.1.jar with {citadel} mods - versions {2.6.2}
[20Dec2025 03:22:17.826] [main/DEBUG] [net.minecraftforge.fml.loading.moddiscovery.ModFileParser/LOADING]: Considering mod file candidate /workspaces/MSP-2.6/servidor_minecraft/mods/cloth-config-11.1.136-forge.jar
[20Dec2025 03:22:17.827] [main/DEBUG] [net.minecraftforge.fml.loading.moddiscovery.ModFileInfo/LOADING]: Found valid mod file cloth-config-11.1.136-forge.jar with {cloth_config} mods - versions {11.1.136}
[20Dec2025 03:22:17.827] [main/DEBUG] [net.minecraftforge.fml.loading.moddiscovery.ModFileParser/LOADING]: Considering mod file candidate /workspaces/MSP-2.6/servidor_minecraft/mods/coroutil-forge-1.20.1-1.3.7.jar
[20Dec2025 03:22:17.828] [main/DEBUG] [net.minecraftforge.fml.loading.moddiscovery.ModFileInfo/LOADING]: Found valid mod file coroutil-forge-1.20.1-1.3.7.jar with {coroutil} mods - versions {1.20.1-1.3.7}
[20Dec2025 03:22:17.829] [main/DEBUG] [net.minecraftforge.fml.loading.moddiscovery.ModFileParser/LOADING]: Considering mod file candidate /workspaces/MSP-2.6/servidor_minecraft/mods/curios-forge-5.14.1+1.20.1.jar
[20Dec2025 03:22:17.830] [main/DEBUG] [net.minecraftforge.fml.loading.moddiscovery.ModFileInfo/LOADING]: Found valid mod file curios-forge-5.14.1+1.20.1.jar with {curios} mods - versions {5.14.1+1.20.1}
[20Dec2025 03:22:17.831] [main/DEBUG] [net.minecraftforge.fml.loading.moddiscovery.ModFileParser/LOADING]: Considering mod file candidate /workspaces/MSP-2.6/servidor_minecraft/mods/Dungeon Crawl-1.20.1-2.3.15.jar
[20Dec2025 03:22:17.831] [main/DEBUG] [net.minecraftforge.fml.loading.moddiscovery.ModFileInfo/LOADING]: Found valid mod file Dungeon Crawl-1.20.1-2.3.15.jar with {dungeoncrawl} mods - versions {2.3.15}
[20Dec2025 03:22:17.832] [main/DEBUG] [net.minecraftforge.fml.loading.moddiscovery.ModFileParser/LOADING]: Considering mod file candidate /workspaces/MSP-2.6/servidor_minecraft/mods/EasyEmerald-Forge-1.20.1-1.5.8.jar
[20Dec2025 03:22:17.833] [main/DEBUG] [net.minecraftforge.fml.loading.moddiscovery.ModFileInfo/LOADING]: Found valid mod file EasyEmerald-Forge-1.20.1-1.5.8.jar with {easy_emerald} mods - versions {1.5.8}
[20Dec2025 03:22:17.833] [main/DEBUG] [net.minecraftforge.fml.loading.moddiscovery.ModFileParser/LOADING]: Considering mod file candidate /workspaces/MSP-2.6/servidor_minecraft/mods/eh1.3.1-1.20.1.jar
[20Dec2025 03:22:17.834] [main/DEBUG] [net.minecraftforge.fml.loading.moddiscovery.ModFileInfo/LOADING]: Found valid mod file eh1.3.1-1.20.1.jar with {horde_hoard} mods - versions {1.1.0}
[20Dec2025 03:22:17.834] [main/DEBUG] [net.minecraftforge.fml.loading.moddiscovery.ModFileParser/LOADING]: Considering mod file candidate /workspaces/MSP-2.6/servidor_minecraft/mods/ElysiumAPI-1.20.1-1.1.3.jar
[20Dec2025 03:22:17.835] [main/DEBUG] [net.minecraftforge.fml.loading.moddiscovery.ModFileInfo/LOADING]: Found valid mod file ElysiumAPI-1.20.1-1.1.3.jar with {elysium_api} mods - versions {1.1.3}
[20Dec2025 03:22:17.836] [main/DEBUG] [net.minecraftforge.fml.loading.moddiscovery.ModFileParser/LOADING]: Considering mod file candidate /workspaces/MSP-2.6/servidor_minecraft/mods/emi-1.1.22+1.20.1+forge.jar
[20Dec2025 03:22:17.836] [main/DEBUG] [net.minecraftforge.fml.loading.moddiscovery.ModFileInfo/LOADING]: Found valid mod file emi-1.1.22+1.20.1+forge.jar with {emi} mods - versions {1.1.22+1.20.1+forge}
[20Dec2025 03:22:17.838] [main/DEBUG] [net.minecraftforge.fml.loading.moddiscovery.ModFileParser/LOADING]: Considering mod file candidate /workspaces/MSP-2.6/servidor_minecraft/mods/EnchantingInfuser-v8.0.3-1.20.1-Forge.jar
[20Dec2025 03:22:17.839] [main/DEBUG] [net.minecraftforge.fml.loading.moddiscovery.ModFileInfo/LOADING]: Found valid mod file EnchantingInfuser-v8.0.3-1.20.1-Forge.jar with {enchantinginfuser} mods - versions {8.0.3}
[20Dec2025 03:22:17.845] [main/DEBUG] [net.minecraftforge.fml.loading.moddiscovery.ModFileParser/LOADING]: Considering mod file candidate /workspaces/MSP-2.6/servidor_minecraft/mods/framework-forge-1.20.1-0.7.15.jar
[20Dec2025 03:22:17.846] [main/DEBUG] [net.minecraftforge.fml.loading.moddiscovery.ModFileInfo/LOADING]: Found valid mod file framework-forge-1.20.1-0.7.15.jar with {framework} mods - versions {0.7.15}
[20Dec2025 03:22:17.846] [main/DEBUG] [net.minecraftforge.fml.loading.moddiscovery.ModFileParser/LOADING]: Considering mod file candidate /workspaces/MSP-2.6/servidor_minecraft/mods/geckolib-forge-1.20.1-4.8.2.jar
[20Dec2025 03:22:17.847] [main/DEBUG] [net.minecraftforge.fml.loading.moddiscovery.ModFileInfo/LOADING]: Found valid mod file geckolib-forge-1.20.1-4.8.2.jar with {geckolib} mods - versions {4.8.2}
[20Dec2025 03:22:17.848] [main/DEBUG] [net.minecraftforge.fml.loading.moddiscovery.ModFileParser/LOADING]: Considering mod file candidate /workspaces/MSP-2.6/servidor_minecraft/mods/Gobber2-Forge-1.20.1-2.8.9.jar
[20Dec2025 03:22:17.851] [main/DEBUG] [net.minecraftforge.fml.loading.moddiscovery.ModFileInfo/LOADING]: Found valid mod file Gobber2-Forge-1.20.1-2.8.9.jar with {gobber2} mods - versions {2.8.9}
[20Dec2025 03:22:17.854] [main/DEBUG] [net.minecraftforge.fml.loading.moddiscovery.ModFileParser/LOADING]: Considering mod file candidate /workspaces/MSP-2.6/servidor_minecraft/mods/goblintraders-forge-1.20.1-1.11.5.jar
[20Dec2025 03:22:17.856] [main/DEBUG] [net.minecraftforge.fml.loading.moddiscovery.ModFileInfo/LOADING]: Found valid mod file goblintraders-forge-1.20.1-1.11.5.jar with {goblintraders} mods - versions {1.11.5}
[20Dec2025 03:22:17.857] [main/DEBUG] [net.minecraftforge.fml.loading.moddiscovery.ModFileParser/LOADING]: Considering mod file candidate /workspaces/MSP-2.6/servidor_minecraft/mods/gravestone-forge-1.20.1-1.0.35.jar
[20Dec2025 03:22:17.858] [main/DEBUG] [net.minecraftforge.fml.loading.moddiscovery.ModFileInfo/LOADING]: Found valid mod file gravestone-forge-1.20.1-1.0.35.jar with {gravestone} mods - versions {1.20.1-1.0.35}
[20Dec2025 03:22:17.861] [main/DEBUG] [net.minecraftforge.fml.loading.moddiscovery.ModFileParser/LOADING]: Considering mod file candidate /workspaces/MSP-2.6/servidor_minecraft/mods/iceandfire-2.1.13-1.20.1-beta-5.jar
[20Dec2025 03:22:17.864] [main/DEBUG] [net.minecraftforge.fml.loading.moddiscovery.ModFileInfo/LOADING]: Found valid mod file iceandfire-2.1.13-1.20.1-beta-5.jar with {iceandfire} mods - versions {2.1.13-1.20.1}
[20Dec2025 03:22:17.865] [main/DEBUG] [net.minecraftforge.fml.loading.moddiscovery.ModFileParser/LOADING]: Considering mod file candidate /workspaces/MSP-2.6/servidor_minecraft/mods/immersive_aircraft-1.4.0+1.20.1-forge.jar
[20Dec2025 03:22:17.866] [main/DEBUG] [net.minecraftforge.fml.loading.moddiscovery.ModFileInfo/LOADING]: Found valid mod file immersive_aircraft-1.4.0+1.20.1-forge.jar with {immersive_aircraft} mods - versions {1.4.0+1.20.1}
[20Dec2025 03:22:17.867] [main/DEBUG] [net.minecraftforge.fml.loading.moddiscovery.ModFileParser/LOADING]: Considering mod file candidate /workspaces/MSP-2.6/servidor_minecraft/mods/Jade-1.20.1-Forge-11.13.2.jar
[20Dec2025 03:22:17.868] [main/DEBUG] [net.minecraftforge.fml.loading.moddiscovery.ModFileInfo/LOADING]: Found valid mod file Jade-1.20.1-Forge-11.13.2.jar with {jade} mods - versions {11.13.2+forge}
[20Dec2025 03:22:17.872] [main/DEBUG] [net.minecraftforge.fml.loading.moddiscovery.ModFileParser/LOADING]: Considering mod file candidate /workspaces/MSP-2.6/servidor_minecraft/mods/Jadens-Nether-Expansion-2.3.5.jar
[20Dec2025 03:22:17.872] [main/DEBUG] [net.minecraftforge.fml.loading.moddiscovery.ModFileInfo/LOADING]: Found valid mod file Jadens-Nether-Expansion-2.3.5.jar with {netherexp} mods - versions {2.3.5}
[20Dec2025 03:22:17.874] [main/DEBUG] [net.minecraftforge.fml.loading.moddiscovery.ModFileParser/LOADING]: Considering mod file candidate /workspaces/MSP-2.6/servidor_minecraft/mods/jei-1.20.1-forge-15.20.0.127.jar
[20Dec2025 03:22:17.875] [main/DEBUG] [net.minecraftforge.fml.loading.moddiscovery.ModFileInfo/LOADING]: Found valid mod file jei-1.20.1-forge-15.20.0.127.jar with {jei} mods - versions {15.20.0.127}
[20Dec2025 03:22:17.877] [main/DEBUG] [net.minecraftforge.fml.loading.moddiscovery.ModFileParser/LOADING]: Considering mod file candidate /workspaces/MSP-2.6/servidor_minecraft/mods/JustEnoughGuns-0.13.2-1.20.1.jar
[20Dec2025 03:22:17.880] [main/DEBUG] [net.minecraftforge.fml.loading.moddiscovery.ModFileInfo/LOADING]: Found valid mod file JustEnoughGuns-0.13.2-1.20.1.jar with {jeg} mods - versions {0.13.2}
[20Dec2025 03:22:17.882] [main/DEBUG] [net.minecraftforge.fml.loading.moddiscovery.ModFileParser/LOADING]: Considering mod file candidate /workspaces/MSP-2.6/servidor_minecraft/mods/M'TEG-1.1.2-1.20.1.jar
[20Dec2025 03:22:17.883] [main/DEBUG] [net.minecraftforge.fml.loading.moddiscovery.ModFileInfo/LOADING]: Found valid mod file M'TEG-1.1.2-1.20.1.jar with {mteg} mods - versions {1.1.2}
[20Dec2025 03:22:17.884] [main/DEBUG] [net.minecraftforge.fml.loading.moddiscovery.ModFileParser/LOADING]: Considering mod file candidate /workspaces/MSP-2.6/servidor_minecraft/mods/man_of_many_planes-0.2.0+1.20.1-forge.jar
[20Dec2025 03:22:17.885] [main/DEBUG] [net.minecraftforge.fml.loading.moddiscovery.ModFileInfo/LOADING]: Found valid mod file man_of_many_planes-0.2.0+1.20.1-forge.jar with {man_of_many_planes} mods - versions {0.2.0+1.20.1}
[20Dec2025 03:22:17.886] [main/DEBUG] [net.minecraftforge.fml.loading.moddiscovery.ModFileParser/LOADING]: Considering mod file candidate /workspaces/MSP-2.6/servidor_minecraft/mods/protect-mobs-from-daylight-forge-1.0.1.jar
[20Dec2025 03:22:17.887] [main/DEBUG] [net.minecraftforge.fml.loading.moddiscovery.ModFileInfo/LOADING]: Found valid mod file protect-mobs-from-daylight-forge-1.0.1.jar with {protectmobsfromdaylight} mods - versions {1.0.1}
[20Dec2025 03:22:17.899] [main/DEBUG] [net.minecraftforge.fml.loading.moddiscovery.ModFileParser/LOADING]: Considering mod file candidate /workspaces/MSP-2.6/servidor_minecraft/mods/PuzzlesLib-v8.1.33-1.20.1-Forge.jar
[20Dec2025 03:22:17.900] [main/DEBUG] [net.minecraftforge.fml.loading.moddiscovery.ModFileInfo/LOADING]: Found valid mod file PuzzlesLib-v8.1.33-1.20.1-Forge.jar with {puzzleslib} mods - versions {8.1.33}
[20Dec2025 03:22:17.901] [main/DEBUG] [net.minecraftforge.fml.loading.moddiscovery.ModFileParser/LOADING]: Considering mod file candidate /workspaces/MSP-2.6/servidor_minecraft/mods/Ribbits-1.20.1-Forge-3.0.4.jar
[20Dec2025 03:22:17.902] [main/DEBUG] [net.minecraftforge.fml.loading.moddiscovery.ModFileInfo/LOADING]: Found valid mod file Ribbits-1.20.1-Forge-3.0.4.jar with {ribbits} mods - versions {1.20.1-Forge-3.0.4}
[20Dec2025 03:22:17.903] [main/DEBUG] [net.minecraftforge.fml.loading.moddiscovery.ModFileParser/LOADING]: Considering mod file candidate /workspaces/MSP-2.6/servidor_minecraft/mods/skinrestorer-2.4.3+1.20-forge.jar
[20Dec2025 03:22:17.903] [main/DEBUG] [net.minecraftforge.fml.loading.moddiscovery.ModFileInfo/LOADING]: Found valid mod file skinrestorer-2.4.3+1.20-forge.jar with {skinrestorer} mods - versions {2.4.3+1.20-forge}
[20Dec2025 03:22:17.904] [main/DEBUG] [net.minecraftforge.fml.loading.moddiscovery.ModFileParser/LOADING]: Considering mod file candidate /workspaces/MSP-2.6/servidor_minecraft/mods/trashslot-forge-1.20-15.1.2.jar
[20Dec2025 03:22:17.905] [main/DEBUG] [net.minecraftforge.fml.loading.moddiscovery.ModFileInfo/LOADING]: Found valid mod file trashslot-forge-1.20-15.1.2.jar with {trashslot} mods - versions {15.1.2}
[20Dec2025 03:22:17.906] [main/DEBUG] [net.minecraftforge.fml.loading.moddiscovery.ModFileParser/LOADING]: Considering mod file candidate /workspaces/MSP-2.6/servidor_minecraft/mods/travelersbackpack-forge-1.20.1-9.1.46.jar
[20Dec2025 03:22:17.907] [main/DEBUG] [net.minecraftforge.fml.loading.moddiscovery.ModFileInfo/LOADING]: Found valid mod file travelersbackpack-forge-1.20.1-9.1.46.jar with {travelersbackpack} mods - versions {9.1.46}
[20Dec2025 03:22:17.908] [main/DEBUG] [net.minecraftforge.fml.loading.moddiscovery.ModFileParser/LOADING]: Considering mod file candidate /workspaces/MSP-2.6/servidor_minecraft/mods/UndergroundBunkers-1.0.5-1.20.x-forge.jar
[20Dec2025 03:22:17.908] [main/DEBUG] [net.minecraftforge.fml.loading.moddiscovery.ModFileInfo/LOADING]: Found valid mod file UndergroundBunkers-1.0.5-1.20.x-forge.jar with {underground_bunkers} mods - versions {1.0.5}
[20Dec2025 03:22:17.909] [main/DEBUG] [net.minecraftforge.fml.loading.moddiscovery.ModFileParser/LOADING]: Considering mod file candidate /workspaces/MSP-2.6/servidor_minecraft/mods/warfare_wings-1.1.2-1.20.1-forge.jar
[20Dec2025 03:22:17.910] [main/DEBUG] [net.minecraftforge.fml.loading.moddiscovery.ModFileInfo/LOADING]: Found valid mod file warfare_wings-1.1.2-1.20.1-forge.jar with {warfare_wings} mods - versions {1.1.2}
[20Dec2025 03:22:17.911] [main/DEBUG] [net.minecraftforge.fml.loading.moddiscovery.ModFileParser/LOADING]: Considering mod file candidate /workspaces/MSP-2.6/servidor_minecraft/mods/waystones-forge-1.20.1-14.1.17.jar
[20Dec2025 03:22:17.911] [main/DEBUG] [net.minecraftforge.fml.loading.moddiscovery.ModFileInfo/LOADING]: Found valid mod file waystones-forge-1.20.1-14.1.17.jar with {waystones} mods - versions {14.1.17}
[20Dec2025 03:22:17.912] [main/DEBUG] [net.minecraftforge.fml.loading.moddiscovery.ModFileParser/LOADING]: Considering mod file candidate /workspaces/MSP-2.6/servidor_minecraft/mods/YungsApi-1.20-Forge-4.0.6.jar
[20Dec2025 03:22:17.913] [main/DEBUG] [net.minecraftforge.fml.loading.moddiscovery.ModFileInfo/LOADING]: Found valid mod file YungsApi-1.20-Forge-4.0.6.jar with {yungsapi} mods - versions {1.20-Forge-4.0.6}
[20Dec2025 03:22:17.913] [main/DEBUG] [net.minecraftforge.fml.loading.moddiscovery.ModFileParser/LOADING]: Considering mod file candidate /workspaces/MSP-2.6/servidor_minecraft/mods/YungsBetterCaves-1.20.1-Forge-2.0.5.jar
[20Dec2025 03:22:17.914] [main/DEBUG] [net.minecraftforge.fml.loading.moddiscovery.ModFileInfo/LOADING]: Found valid mod file YungsBetterCaves-1.20.1-Forge-2.0.5.jar with {bettercaves} mods - versions {1.20.1-Forge-2.0.5}
[20Dec2025 03:22:17.914] [main/DEBUG] [net.minecraftforge.fml.loading.moddiscovery.ModFileParser/LOADING]: Considering mod file candidate /workspaces/MSP-2.6/servidor_minecraft/mods/zombieawareness-1.20.1-1.13.1.jar
[20Dec2025 03:22:17.915] [main/DEBUG] [net.minecraftforge.fml.loading.moddiscovery.ModFileInfo/LOADING]: Found valid mod file zombieawareness-1.20.1-1.13.1.jar with {zombieawareness} mods - versions {1.20.1-1.13.1}
[20Dec2025 03:22:17.998] [main/DEBUG] [net.minecraftforge.fml.loading.moddiscovery.ModFileInfo/LOADING]: Found valid mod file server-1.20.1-20230612.114412-srg.jar with {minecraft} mods - versions {1.20.1}
[20Dec2025 03:22:18.002] [main/DEBUG] [net.minecraftforge.fml.loading.moddiscovery.ModFileParser/LOADING]: Considering mod file candidate /workspaces/MSP-2.6/servidor_minecraft/libraries/net/minecraftforge/fmlcore/1.20.1-47.3.7/fmlcore-1.20.1-47.3.7.jar
[20Dec2025 03:22:18.002] [main/WARN] [net.minecraftforge.fml.loading.moddiscovery.ModFileParser/LOADING]: Mod file /workspaces/MSP-2.6/servidor_minecraft/libraries/net/minecraftforge/fmlcore/1.20.1-47.3.7/fmlcore-1.20.1-47.3.7.jar is missing mods.toml file
[20Dec2025 03:22:18.003] [main/DEBUG] [net.minecraftforge.fml.loading.moddiscovery.ModFileParser/LOADING]: Considering mod file candidate /workspaces/MSP-2.6/servidor_minecraft/libraries/net/minecraftforge/javafmllanguage/1.20.1-47.3.7/javafmllanguage-1.20.1-47.3.7.jar
[20Dec2025 03:22:18.004] [main/WARN] [net.minecraftforge.fml.loading.moddiscovery.ModFileParser/LOADING]: Mod file /workspaces/MSP-2.6/servidor_minecraft/libraries/net/minecraftforge/javafmllanguage/1.20.1-47.3.7/javafmllanguage-1.20.1-47.3.7.jar is missing mods.toml file
[20Dec2025 03:22:18.005] [main/DEBUG] [net.minecraftforge.fml.loading.moddiscovery.ModFileParser/LOADING]: Considering mod file candidate /workspaces/MSP-2.6/servidor_minecraft/libraries/net/minecraftforge/lowcodelanguage/1.20.1-47.3.7/lowcodelanguage-1.20.1-47.3.7.jar
[20Dec2025 03:22:18.005] [main/WARN] [net.minecraftforge.fml.loading.moddiscovery.ModFileParser/LOADING]: Mod file /workspaces/MSP-2.6/servidor_minecraft/libraries/net/minecraftforge/lowcodelanguage/1.20.1-47.3.7/lowcodelanguage-1.20.1-47.3.7.jar is missing mods.toml file
[20Dec2025 03:22:18.006] [main/DEBUG] [net.minecraftforge.fml.loading.moddiscovery.ModFileParser/LOADING]: Considering mod file candidate /workspaces/MSP-2.6/servidor_minecraft/libraries/net/minecraftforge/mclanguage/1.20.1-47.3.7/mclanguage-1.20.1-47.3.7.jar
[20Dec2025 03:22:18.006] [main/WARN] [net.minecraftforge.fml.loading.moddiscovery.ModFileParser/LOADING]: Mod file /workspaces/MSP-2.6/servidor_minecraft/libraries/net/minecraftforge/mclanguage/1.20.1-47.3.7/mclanguage-1.20.1-47.3.7.jar is missing mods.toml file
[20Dec2025 03:22:18.052] [main/DEBUG] [net.minecraftforge.fml.loading.moddiscovery.ModFileParser/LOADING]: Considering mod file candidate /workspaces/MSP-2.6/servidor_minecraft/libraries/net/minecraftforge/forge/1.20.1-47.3.7/forge-1.20.1-47.3.7-universal.jar
[20Dec2025 03:22:18.054] [main/DEBUG] [net.minecraftforge.fml.loading.moddiscovery.ModFileInfo/LOADING]: Found valid mod file forge-1.20.1-47.3.7-universal.jar with {forge} mods - versions {47.3.7}
[20Dec2025 03:22:18.066] [main/DEBUG] [net.minecraftforge.fml.loading.moddiscovery.AbstractJarFileDependencyLocator/]: Failed to load resource META-INF/jarjar/metadata.json from server-1.20.1-20230612.114412-srg.jar, it does not contain dependency information.
[20Dec2025 03:22:18.066] [main/DEBUG] [net.minecraftforge.fml.loading.moddiscovery.AbstractJarFileDependencyLocator/]: Failed to load resource META-INF/jarjar/metadata.json from emi-1.1.22+1.20.1+forge.jar, it does not contain dependency information.
[20Dec2025 03:22:18.066] [main/DEBUG] [net.minecraftforge.fml.loading.moddiscovery.AbstractJarFileDependencyLocator/]: Failed to load resource META-INF/jarjar/metadata.json from man_of_many_planes-0.2.0+1.20.1-forge.jar, it does not contain dependency information.
[20Dec2025 03:22:18.066] [main/DEBUG] [net.minecraftforge.fml.loading.moddiscovery.AbstractJarFileDependencyLocator/]: Failed to load resource META-INF/jarjar/metadata.json from bossesrise-1.20.1-forge-1.0.9.2b.jar, it does not contain dependency information.
[20Dec2025 03:22:18.066] [main/DEBUG] [net.minecraftforge.fml.loading.moddiscovery.AbstractJarFileDependencyLocator/]: Failed to load resource META-INF/jarjar/metadata.json from trashslot-forge-1.20-15.1.2.jar, it does not contain dependency information.
[20Dec2025 03:22:18.067] [main/DEBUG] [net.minecraftforge.fml.loading.moddiscovery.AbstractJarFileDependencyLocator/]: Failed to load resource META-INF/jarjar/metadata.json from protect-mobs-from-daylight-forge-1.0.1.jar, it does not contain dependency information.
[20Dec2025 03:22:18.067] [main/DEBUG] [net.minecraftforge.fml.loading.moddiscovery.AbstractJarFileDependencyLocator/]: Failed to load resource META-INF/jarjar/metadata.json from Jade-1.20.1-Forge-11.13.2.jar, it does not contain dependency information.
[20Dec2025 03:22:18.067] [main/DEBUG] [net.minecraftforge.fml.loading.moddiscovery.AbstractJarFileDependencyLocator/]: Failed to load resource META-INF/jarjar/metadata.json from ElysiumAPI-1.20.1-1.1.3.jar, it does not contain dependency information.
[20Dec2025 03:22:18.067] [main/DEBUG] [net.minecraftforge.fml.loading.moddiscovery.AbstractJarFileDependencyLocator/]: Failed to load resource META-INF/jarjar/metadata.json from JustEnoughGuns-0.13.2-1.20.1.jar, it does not contain dependency information.
[20Dec2025 03:22:18.067] [main/DEBUG] [net.minecraftforge.fml.loading.moddiscovery.AbstractJarFileDependencyLocator/]: Failed to load resource META-INF/jarjar/metadata.json from jei-1.20.1-forge-15.20.0.127.jar, it does not contain dependency information.
[20Dec2025 03:22:18.067] [main/DEBUG] [net.minecraftforge.fml.loading.moddiscovery.AbstractJarFileDependencyLocator/]: Failed to load resource META-INF/jarjar/metadata.json from goblintraders-forge-1.20.1-1.11.5.jar, it does not contain dependency information.
[20Dec2025 03:22:18.067] [main/DEBUG] [net.minecraftforge.fml.loading.moddiscovery.AbstractJarFileDependencyLocator/]: Failed to load resource META-INF/jarjar/metadata.json from Ribbits-1.20.1-Forge-3.0.4.jar, it does not contain dependency information.
[20Dec2025 03:22:18.068] [main/DEBUG] [net.minecraftforge.fml.loading.moddiscovery.AbstractJarFileDependencyLocator/]: Failed to load resource META-INF/jarjar/metadata.json from curios-forge-5.14.1+1.20.1.jar, it does not contain dependency information.
[20Dec2025 03:22:18.068] [main/DEBUG] [net.minecraftforge.fml.loading.moddiscovery.AbstractJarFileDependencyLocator/]: Failed to load resource META-INF/jarjar/metadata.json from YungsBetterCaves-1.20.1-Forge-2.0.5.jar, it does not contain dependency information.
[20Dec2025 03:22:18.068] [main/DEBUG] [net.minecraftforge.fml.loading.moddiscovery.AbstractJarFileDependencyLocator/]: Failed to load resource META-INF/jarjar/metadata.json from UndergroundBunkers-1.0.5-1.20.x-forge.jar, it does not contain dependency information.
[20Dec2025 03:22:18.068] [main/DEBUG] [net.minecraftforge.fml.loading.moddiscovery.AbstractJarFileDependencyLocator/]: Failed to load resource META-INF/jarjar/metadata.json from EasyEmerald-Forge-1.20.1-1.5.8.jar, it does not contain dependency information.
[20Dec2025 03:22:18.068] [main/DEBUG] [net.minecraftforge.fml.loading.moddiscovery.AbstractJarFileDependencyLocator/]: Failed to load resource META-INF/jarjar/metadata.json from waystones-forge-1.20.1-14.1.17.jar, it does not contain dependency information.
[20Dec2025 03:22:18.068] [main/DEBUG] [net.minecraftforge.fml.loading.moddiscovery.AbstractJarFileDependencyLocator/]: Failed to load resource META-INF/jarjar/metadata.json from gravestone-forge-1.20.1-1.0.35.jar, it does not contain dependency information.
[20Dec2025 03:22:18.068] [main/DEBUG] [net.minecraftforge.fml.loading.moddiscovery.AbstractJarFileDependencyLocator/]: Failed to load resource META-INF/jarjar/metadata.json from citadel-2.6.2-1.20.1.jar, it does not contain dependency information.
[20Dec2025 03:22:18.068] [main/DEBUG] [net.minecraftforge.fml.loading.moddiscovery.AbstractJarFileDependencyLocator/]: Failed to load resource META-INF/jarjar/metadata.json from travelersbackpack-forge-1.20.1-9.1.46.jar, it does not contain dependency information.
[20Dec2025 03:22:18.069] [main/DEBUG] [net.minecraftforge.fml.loading.moddiscovery.AbstractJarFileDependencyLocator/]: Failed to load resource META-INF/jarjar/metadata.json from zombieawareness-1.20.1-1.13.1.jar, it does not contain dependency information.
[20Dec2025 03:22:18.069] [main/DEBUG] [net.minecraftforge.fml.loading.moddiscovery.AbstractJarFileDependencyLocator/]: Failed to load resource META-INF/jarjar/metadata.json from YungsApi-1.20-Forge-4.0.6.jar, it does not contain dependency information.
[20Dec2025 03:22:18.069] [main/DEBUG] [net.minecraftforge.fml.loading.moddiscovery.AbstractJarFileDependencyLocator/]: Failed to load resource META-INF/jarjar/metadata.json from Gobber2-Forge-1.20.1-2.8.9.jar, it does not contain dependency information.
[20Dec2025 03:22:18.069] [main/DEBUG] [net.minecraftforge.fml.loading.moddiscovery.AbstractJarFileDependencyLocator/]: Failed to load resource META-INF/jarjar/metadata.json from Dungeon Crawl-1.20.1-2.3.15.jar, it does not contain dependency information.
[20Dec2025 03:22:18.069] [main/DEBUG] [net.minecraftforge.fml.loading.moddiscovery.AbstractJarFileDependencyLocator/]: Failed to load resource META-INF/jarjar/metadata.json from coroutil-forge-1.20.1-1.3.7.jar, it does not contain dependency information.
[20Dec2025 03:22:18.069] [main/DEBUG] [net.minecraftforge.fml.loading.moddiscovery.AbstractJarFileDependencyLocator/]: Failed to load resource META-INF/jarjar/metadata.json from AI-Improvements-1.20-0.5.2.jar, it does not contain dependency information.
[20Dec2025 03:22:18.070] [main/DEBUG] [net.minecraftforge.fml.loading.moddiscovery.AbstractJarFileDependencyLocator/]: Failed to load resource META-INF/jarjar/metadata.json from iceandfire-2.1.13-1.20.1-beta-5.jar, it does not contain dependency information.
[20Dec2025 03:22:18.070] [main/DEBUG] [net.minecraftforge.fml.loading.moddiscovery.AbstractJarFileDependencyLocator/]: Failed to load resource META-INF/jarjar/metadata.json from framework-forge-1.20.1-0.7.15.jar, it does not contain dependency information.
[20Dec2025 03:22:18.070] [main/DEBUG] [net.minecraftforge.fml.loading.moddiscovery.AbstractJarFileDependencyLocator/]: Failed to load resource META-INF/jarjar/metadata.json from cloth-config-11.1.136-forge.jar, it does not contain dependency information.
[20Dec2025 03:22:18.070] [main/DEBUG] [net.minecraftforge.fml.loading.moddiscovery.AbstractJarFileDependencyLocator/]: Failed to load resource META-INF/jarjar/metadata.json from forge-1.20.1-47.3.7-universal.jar, it does not contain dependency information.
[20Dec2025 03:22:18.070] [main/DEBUG] [net.minecraftforge.fml.loading.moddiscovery.AbstractJarFileDependencyLocator/]: Failed to load resource META-INF/jarjar/metadata.json from eh1.3.1-1.20.1.jar, it does not contain dependency information.
[20Dec2025 03:22:18.070] [main/DEBUG] [net.minecraftforge.fml.loading.moddiscovery.AbstractJarFileDependencyLocator/]: Failed to load resource META-INF/jarjar/metadata.json from M'TEG-1.1.2-1.20.1.jar, it does not contain dependency information.
[20Dec2025 03:22:18.070] [main/DEBUG] [net.minecraftforge.fml.loading.moddiscovery.AbstractJarFileDependencyLocator/]: Failed to load resource META-INF/jarjar/metadata.json from mclanguage-1.20.1-47.3.7.jar, it does not contain dependency information.
[20Dec2025 03:22:18.071] [main/DEBUG] [net.minecraftforge.fml.loading.moddiscovery.AbstractJarFileDependencyLocator/]: Failed to load resource META-INF/jarjar/metadata.json from javafmllanguage-1.20.1-47.3.7.jar, it does not contain dependency information.
[20Dec2025 03:22:18.071] [main/DEBUG] [net.minecraftforge.fml.loading.moddiscovery.AbstractJarFileDependencyLocator/]: Failed to load resource META-INF/jarjar/metadata.json from fmlcore-1.20.1-47.3.7.jar, it does not contain dependency information.
[20Dec2025 03:22:18.071] [main/DEBUG] [net.minecraftforge.fml.loading.moddiscovery.AbstractJarFileDependencyLocator/]: Failed to load resource META-INF/jarjar/metadata.json from lowcodelanguage-1.20.1-47.3.7.jar, it does not contain dependency information.
[20Dec2025 03:22:18.127] [main/DEBUG] [net.minecraftforge.fml.loading.moddiscovery.ModFileParser/LOADING]: Considering mod file candidate 
[20Dec2025 03:22:18.128] [main/DEBUG] [net.minecraftforge.fml.loading.moddiscovery.ModFileInfo/LOADING]: Found valid mod file mixinextras-forge-0.4.1.jar with {mixinextras} mods - versions {0.4.1}
[20Dec2025 03:22:18.131] [main/DEBUG] [net.minecraftforge.fml.loading.moddiscovery.ModFileParser/LOADING]: Considering mod file candidate 
[20Dec2025 03:22:18.131] [main/DEBUG] [net.minecraftforge.fml.loading.moddiscovery.ModFileInfo/LOADING]: Found valid mod file puzzlesaccessapi-forge-20.1.1.jar with {puzzlesaccessapi} mods - versions {20.1.1}
[20Dec2025 03:22:18.133] [main/DEBUG] [net.minecraftforge.fml.loading.moddiscovery.ModFileParser/LOADING]: Considering mod file candidate 
[20Dec2025 03:22:18.133] [main/DEBUG] [net.minecraftforge.fml.loading.moddiscovery.ModFileInfo/LOADING]: Found valid mod file mixinextras-forge-0.4.1.jar with {mixinextras} mods - versions {0.4.1}
[20Dec2025 03:22:18.157] [main/DEBUG] [net.minecraftforge.fml.loading.moddiscovery.ModFileParser/LOADING]: Considering mod file candidate 
[20Dec2025 03:22:18.158] [main/DEBUG] [net.minecraftforge.fml.loading.moddiscovery.ModFileInfo/LOADING]: Found valid mod file kuma-api-forge-20.1.12+1.20.1.jar with {kuma_api} mods - versions {20.1.12}
[20Dec2025 03:22:18.164] [main/DEBUG] [net.minecraftforge.fml.loading.moddiscovery.AbstractJarFileDependencyLocator/]: Failed to load resource META-INF/jarjar/metadata.json from puzzlesaccessapi-forge-20.1.1.jar, it does not contain dependency information.
[20Dec2025 03:22:18.170] [main/DEBUG] [net.minecraftforge.fml.loading.moddiscovery.AbstractJarFileDependencyLocator/]: Failed to load resource META-INF/jarjar/metadata.json from MathParser.org-mXparser-5.2.1.jar, it does not contain dependency information.
[20Dec2025 03:22:18.170] [main/DEBUG] [net.minecraftforge.fml.loading.moddiscovery.AbstractJarFileDependencyLocator/]: Failed to load resource META-INF/jarjar/metadata.json from java-client-3.0.6-SNAPSHOT.jar, it does not contain dependency information.
[20Dec2025 03:22:18.170] [main/DEBUG] [net.minecraftforge.fml.loading.moddiscovery.AbstractJarFileDependencyLocator/]: Failed to load resource META-INF/jarjar/metadata.json from MathParser.org-mXparser-5.2.1.jar, it does not contain dependency information.
[20Dec2025 03:22:18.170] [main/DEBUG] [net.minecraftforge.fml.loading.moddiscovery.AbstractJarFileDependencyLocator/]: Failed to load resource META-INF/jarjar/metadata.json from mclib-20.jar, it does not contain dependency information.
[20Dec2025 03:22:18.170] [main/DEBUG] [net.minecraftforge.fml.loading.moddiscovery.AbstractJarFileDependencyLocator/]: Failed to load resource META-INF/jarjar/metadata.json from kuma-api-forge-20.1.12+1.20.1.jar, it does not contain dependency information.
[20Dec2025 03:22:18.170] [main/DEBUG] [net.minecraftforge.fml.loading.moddiscovery.AbstractJarFileDependencyLocator/]: Failed to load resource META-INF/jarjar/metadata.json from MixinExtras-0.4.1.jar, it does not contain dependency information.
[20Dec2025 03:22:18.170] [main/DEBUG] [net.minecraftforge.fml.loading.moddiscovery.AbstractJarFileDependencyLocator/]: Failed to load resource META-INF/jarjar/metadata.json from MixinExtras-0.4.1.jar, it does not contain dependency information.
[20Dec2025 03:22:18.191] [main/DEBUG] [net.minecraftforge.fml.loading.moddiscovery.ModFileParser/LOADING]: Considering mod file candidate 
[20Dec2025 03:22:18.192] [main/DEBUG] [net.minecraftforge.fml.loading.moddiscovery.ModFileInfo/LOADING]: Found valid mod file puzzlesaccessapi-forge-20.1.1.jar with {puzzlesaccessapi} mods - versions {20.1.1}
[20Dec2025 03:22:18.203] [main/DEBUG] [net.minecraftforge.fml.loading.moddiscovery.ModFileParser/LOADING]: Considering mod file candidate 
[20Dec2025 03:22:18.204] [main/DEBUG] [net.minecraftforge.fml.loading.moddiscovery.ModFileInfo/LOADING]: Found valid mod file mixinextras-forge-0.4.1.jar with {mixinextras} mods - versions {0.4.1}
[20Dec2025 03:22:18.207] [main/DEBUG] [net.minecraftforge.fml.loading.moddiscovery.ModFileParser/LOADING]: Considering mod file candidate 
[20Dec2025 03:22:18.208] [main/DEBUG] [net.minecraftforge.fml.loading.moddiscovery.ModFileInfo/LOADING]: Found valid mod file kuma-api-forge-20.1.12+1.20.1.jar with {kuma_api} mods - versions {20.1.12}
[20Dec2025 03:22:18.209] [main/INFO] [net.minecraftforge.fml.loading.moddiscovery.JarInJarDependencyLocator/]: Found 7 dependencies adding them to mods collection
[20Dec2025 03:22:18.211] [main/DEBUG] [net.minecraftforge.fml.loading.moddiscovery.ModFileParser/LOADING]: Considering mod file candidate /workspaces/MSP-2.6/servidor_minecraft/mods/emi-1.1.22+1.20.1+forge.jar
[20Dec2025 03:22:18.212] [main/DEBUG] [net.minecraftforge.fml.loading.moddiscovery.ModFileInfo/LOADING]: Found valid mod file emi-1.1.22+1.20.1+forge.jar with {emi} mods - versions {1.1.22+1.20.1+forge}
[20Dec2025 03:22:18.214] [main/DEBUG] [net.minecraftforge.fml.loading.moddiscovery.ModFile/LOADING]: Loading mod file /workspaces/MSP-2.6/servidor_minecraft/mods/emi-1.1.22+1.20.1+forge.jar with languages [LanguageSpec[languageName=javafml, acceptedVersions=[40,)]]
[20Dec2025 03:22:18.215] [main/DEBUG] [net.minecraftforge.fml.loading.moddiscovery.ModFileInfo/LOADING]: Found valid mod file server-1.20.1-20230612.114412-srg.jar with {minecraft} mods - versions {1.20.1}
[20Dec2025 03:22:18.215] [main/DEBUG] [net.minecraftforge.fml.loading.moddiscovery.ModFile/LOADING]: Loading mod file /workspaces/MSP-2.6/servidor_minecraft/libraries/net/minecraft/server/1.20.1-20230612.114412/server-1.20.1-20230612.114412-srg.jar with languages [LanguageSpec[languageName=minecraft, acceptedVersions=1]]
[20Dec2025 03:22:18.215] [main/DEBUG] [net.minecraftforge.fml.loading.moddiscovery.ModFileParser/LOADING]: Considering mod file candidate 
[20Dec2025 03:22:18.216] [main/DEBUG] [net.minecraftforge.fml.loading.moddiscovery.ModFileInfo/LOADING]: Found valid mod file kuma-api-forge-20.1.12+1.20.1.jar with {kuma_api} mods - versions {20.1.12}
[20Dec2025 03:22:18.216] [main/DEBUG] [net.minecraftforge.fml.loading.moddiscovery.ModFile/LOADING]: Loading mod file  with languages [LanguageSpec[languageName=javafml, acceptedVersions=[47,)]]
[20Dec2025 03:22:18.216] [main/DEBUG] [net.minecraftforge.fml.loading.moddiscovery.ModFileParser/LOADING]: Considering mod file candidate /workspaces/MSP-2.6/servidor_minecraft/mods/man_of_many_planes-0.2.0+1.20.1-forge.jar
[20Dec2025 03:22:18.217] [main/DEBUG] [net.minecraftforge.fml.loading.moddiscovery.ModFileInfo/LOADING]: Found valid mod file man_of_many_planes-0.2.0+1.20.1-forge.jar with {man_of_many_planes} mods - versions {0.2.0+1.20.1}
[20Dec2025 03:22:18.217] [main/DEBUG] [net.minecraftforge.fml.loading.moddiscovery.ModFile/LOADING]: Loading mod file /workspaces/MSP-2.6/servidor_minecraft/mods/man_of_many_planes-0.2.0+1.20.1-forge.jar with languages [LanguageSpec[languageName=javafml, acceptedVersions=[47,)]]
[20Dec2025 03:22:18.217] [main/DEBUG] [net.minecraftforge.fml.loading.moddiscovery.ModFileParser/LOADING]: Considering mod file candidate /workspaces/MSP-2.6/servidor_minecraft/mods/bossesrise-1.20.1-forge-1.0.9.2b.jar
[20Dec2025 03:22:18.218] [main/DEBUG] [net.minecraftforge.fml.loading.moddiscovery.ModFileInfo/LOADING]: Found valid mod file bossesrise-1.20.1-forge-1.0.9.2b.jar with {block_factorys_bosses} mods - versions {1.0.9.2.}
[20Dec2025 03:22:18.218] [main/DEBUG] [net.minecraftforge.fml.loading.moddiscovery.ModFile/LOADING]: Loading mod file /workspaces/MSP-2.6/servidor_minecraft/mods/bossesrise-1.20.1-forge-1.0.9.2b.jar with languages [LanguageSpec[languageName=javafml, acceptedVersions=[47,)]]
[20Dec2025 03:22:18.218] [main/DEBUG] [net.minecraftforge.fml.loading.moddiscovery.ModFileParser/LOADING]: Considering mod file candidate /workspaces/MSP-2.6/servidor_minecraft/mods/trashslot-forge-1.20-15.1.2.jar
[20Dec2025 03:22:18.218] [main/DEBUG] [net.minecraftforge.fml.loading.moddiscovery.ModFileInfo/LOADING]: Found valid mod file trashslot-forge-1.20-15.1.2.jar with {trashslot} mods - versions {15.1.2}
[20Dec2025 03:22:18.219] [main/DEBUG] [net.minecraftforge.fml.loading.moddiscovery.ModFile/LOADING]: Loading mod file /workspaces/MSP-2.6/servidor_minecraft/mods/trashslot-forge-1.20-15.1.2.jar with languages [LanguageSpec[languageName=javafml, acceptedVersions=[46,)]]
[20Dec2025 03:22:18.219] [main/DEBUG] [net.minecraftforge.fml.loading.moddiscovery.ModFileParser/LOADING]: Considering mod file candidate /workspaces/MSP-2.6/servidor_minecraft/mods/Jadens-Nether-Expansion-2.3.5.jar
[20Dec2025 03:22:18.219] [main/DEBUG] [net.minecraftforge.fml.loading.moddiscovery.ModFileInfo/LOADING]: Found valid mod file Jadens-Nether-Expansion-2.3.5.jar with {netherexp} mods - versions {2.3.5}
[20Dec2025 03:22:18.220] [main/DEBUG] [net.minecraftforge.fml.loading.moddiscovery.ModFile/LOADING]: Loading mod file /workspaces/MSP-2.6/servidor_minecraft/mods/Jadens-Nether-Expansion-2.3.5.jar with languages [LanguageSpec[languageName=javafml, acceptedVersions=[47,)]]
[20Dec2025 03:22:18.220] [main/DEBUG] [net.minecraftforge.fml.loading.moddiscovery.ModFileParser/LOADING]: Considering mod file candidate /workspaces/MSP-2.6/servidor_minecraft/mods/Jade-1.20.1-Forge-11.13.2.jar
[20Dec2025 03:22:18.220] [main/DEBUG] [net.minecraftforge.fml.loading.moddiscovery.ModFileInfo/LOADING]: Found valid mod file Jade-1.20.1-Forge-11.13.2.jar with {jade} mods - versions {11.13.2+forge}
[20Dec2025 03:22:18.220] [main/DEBUG] [net.minecraftforge.fml.loading.moddiscovery.ModFile/LOADING]: Loading mod file /workspaces/MSP-2.6/servidor_minecraft/mods/Jade-1.20.1-Forge-11.13.2.jar with languages [LanguageSpec[languageName=javafml, acceptedVersions=[46,)]]
[20Dec2025 03:22:18.220] [main/DEBUG] [net.minecraftforge.fml.loading.moddiscovery.ModFileParser/LOADING]: Considering mod file candidate /workspaces/MSP-2.6/servidor_minecraft/mods/protect-mobs-from-daylight-forge-1.0.1.jar
[20Dec2025 03:22:18.221] [main/DEBUG] [net.minecraftforge.fml.loading.moddiscovery.ModFileInfo/LOADING]: Found valid mod file protect-mobs-from-daylight-forge-1.0.1.jar with {protectmobsfromdaylight} mods - versions {1.0.1}
[20Dec2025 03:22:18.221] [main/DEBUG] [net.minecraftforge.fml.loading.moddiscovery.ModFile/LOADING]: Loading mod file /workspaces/MSP-2.6/servidor_minecraft/mods/protect-mobs-from-daylight-forge-1.0.1.jar with languages [LanguageSpec[languageName=javafml, acceptedVersions=[41,)]]
[20Dec2025 03:22:18.221] [main/DEBUG] [net.minecraftforge.fml.loading.moddiscovery.ModFileParser/LOADING]: Considering mod file candidate /workspaces/MSP-2.6/servidor_minecraft/mods/geckolib-forge-1.20.1-4.8.2.jar
[20Dec2025 03:22:18.222] [main/DEBUG] [net.minecraftforge.fml.loading.moddiscovery.ModFileInfo/LOADING]: Found valid mod file geckolib-forge-1.20.1-4.8.2.jar with {geckolib} mods - versions {4.8.2}
[20Dec2025 03:22:18.222] [main/DEBUG] [net.minecraftforge.fml.loading.moddiscovery.ModFile/LOADING]: Loading mod file /workspaces/MSP-2.6/servidor_minecraft/mods/geckolib-forge-1.20.1-4.8.2.jar with languages [LanguageSpec[languageName=javafml, acceptedVersions=[47,)]]
[20Dec2025 03:22:18.222] [main/DEBUG] [net.minecraftforge.fml.loading.moddiscovery.ModFileParser/LOADING]: Considering mod file candidate /workspaces/MSP-2.6/servidor_minecraft/mods/ElysiumAPI-1.20.1-1.1.3.jar
[20Dec2025 03:22:18.223] [main/DEBUG] [net.minecraftforge.fml.loading.moddiscovery.ModFileInfo/LOADING]: Found valid mod file ElysiumAPI-1.20.1-1.1.3.jar with {elysium_api} mods - versions {1.1.3}
[20Dec2025 03:22:18.223] [main/DEBUG] [net.minecraftforge.fml.loading.moddiscovery.ModFile/LOADING]: Loading mod file /workspaces/MSP-2.6/servidor_minecraft/mods/ElysiumAPI-1.20.1-1.1.3.jar with languages [LanguageSpec[languageName=javafml, acceptedVersions=[47,)]]
[20Dec2025 03:22:18.223] [main/DEBUG] [net.minecraftforge.fml.loading.moddiscovery.ModFileParser/LOADING]: Considering mod file candidate /workspaces/MSP-2.6/servidor_minecraft/mods/JustEnoughGuns-0.13.2-1.20.1.jar
[20Dec2025 03:22:18.224] [main/DEBUG] [net.minecraftforge.fml.loading.moddiscovery.ModFileInfo/LOADING]: Found valid mod file JustEnoughGuns-0.13.2-1.20.1.jar with {jeg} mods - versions {0.13.2}
[20Dec2025 03:22:18.224] [main/DEBUG] [net.minecraftforge.fml.loading.moddiscovery.ModFile/LOADING]: Loading mod file /workspaces/MSP-2.6/servidor_minecraft/mods/JustEnoughGuns-0.13.2-1.20.1.jar with languages [LanguageSpec[languageName=javafml, acceptedVersions=[40,)]]
[20Dec2025 03:22:18.224] [main/DEBUG] [net.minecraftforge.fml.loading.moddiscovery.ModFileParser/LOADING]: Considering mod file candidate /workspaces/MSP-2.6/servidor_minecraft/mods/jei-1.20.1-forge-15.20.0.127.jar
[20Dec2025 03:22:18.225] [main/DEBUG] [net.minecraftforge.fml.loading.moddiscovery.ModFileInfo/LOADING]: Found valid mod file jei-1.20.1-forge-15.20.0.127.jar with {jei} mods - versions {15.20.0.127}
[20Dec2025 03:22:18.225] [main/DEBUG] [net.minecraftforge.fml.loading.moddiscovery.ModFile/LOADING]: Loading mod file /workspaces/MSP-2.6/servidor_minecraft/mods/jei-1.20.1-forge-15.20.0.127.jar with languages [LanguageSpec[languageName=javafml, acceptedVersions=[47,)]]
[20Dec2025 03:22:18.225] [main/DEBUG] [net.minecraftforge.fml.loading.moddiscovery.ModFileParser/LOADING]: Considering mod file candidate /workspaces/MSP-2.6/servidor_minecraft/mods/goblintraders-forge-1.20.1-1.11.5.jar
[20Dec2025 03:22:18.226] [main/DEBUG] [net.minecraftforge.fml.loading.moddiscovery.ModFileInfo/LOADING]: Found valid mod file goblintraders-forge-1.20.1-1.11.5.jar with {goblintraders} mods - versions {1.11.5}
[20Dec2025 03:22:18.226] [main/DEBUG] [net.minecraftforge.fml.loading.moddiscovery.ModFile/LOADING]: Loading mod file /workspaces/MSP-2.6/servidor_minecraft/mods/goblintraders-forge-1.20.1-1.11.5.jar with languages [LanguageSpec[languageName=javafml, acceptedVersions=[39,)]]
[20Dec2025 03:22:18.226] [main/DEBUG] [net.minecraftforge.fml.loading.moddiscovery.ModFileParser/LOADING]: Considering mod file candidate /workspaces/MSP-2.6/servidor_minecraft/mods/immersive_aircraft-1.4.0+1.20.1-forge.jar
[20Dec2025 03:22:18.227] [main/DEBUG] [net.minecraftforge.fml.loading.moddiscovery.ModFileInfo/LOADING]: Found valid mod file immersive_aircraft-1.4.0+1.20.1-forge.jar with {immersive_aircraft} mods - versions {1.4.0+1.20.1}
[20Dec2025 03:22:18.227] [main/DEBUG] [net.minecraftforge.fml.loading.moddiscovery.ModFile/LOADING]: Loading mod file /workspaces/MSP-2.6/servidor_minecraft/mods/immersive_aircraft-1.4.0+1.20.1-forge.jar with languages [LanguageSpec[languageName=javafml, acceptedVersions=[47,)]]
[20Dec2025 03:22:18.227] [main/DEBUG] [net.minecraftforge.fml.loading.moddiscovery.ModFileParser/LOADING]: Considering mod file candidate /workspaces/MSP-2.6/servidor_minecraft/mods/Ribbits-1.20.1-Forge-3.0.4.jar
[20Dec2025 03:22:18.227] [main/DEBUG] [net.minecraftforge.fml.loading.moddiscovery.ModFileInfo/LOADING]: Found valid mod file Ribbits-1.20.1-Forge-3.0.4.jar with {ribbits} mods - versions {1.20.1-Forge-3.0.4}
[20Dec2025 03:22:18.228] [main/DEBUG] [net.minecraftforge.fml.loading.moddiscovery.ModFile/LOADING]: Loading mod file /workspaces/MSP-2.6/servidor_minecraft/mods/Ribbits-1.20.1-Forge-3.0.4.jar with languages [LanguageSpec[languageName=javafml, acceptedVersions=[47,)]]
[20Dec2025 03:22:18.228] [main/DEBUG] [net.minecraftforge.fml.loading.moddiscovery.ModFileParser/LOADING]: Considering mod file candidate /workspaces/MSP-2.6/servidor_minecraft/mods/curios-forge-5.14.1+1.20.1.jar
[20Dec2025 03:22:18.228] [main/DEBUG] [net.minecraftforge.fml.loading.moddiscovery.ModFileInfo/LOADING]: Found valid mod file curios-forge-5.14.1+1.20.1.jar with {curios} mods - versions {5.14.1+1.20.1}
[20Dec2025 03:22:18.228] [main/DEBUG] [net.minecraftforge.fml.loading.moddiscovery.ModFile/LOADING]: Loading mod file /workspaces/MSP-2.6/servidor_minecraft/mods/curios-forge-5.14.1+1.20.1.jar with languages [LanguageSpec[languageName=javafml, acceptedVersions=[41,)]]
[20Dec2025 03:22:18.229] [main/DEBUG] [net.minecraftforge.fml.loading.moddiscovery.ModFileParser/LOADING]: Considering mod file candidate /workspaces/MSP-2.6/servidor_minecraft/mods/EasyEmerald-Forge-1.20.1-1.5.8.jar
[20Dec2025 03:22:18.229] [main/DEBUG] [net.minecraftforge.fml.loading.moddiscovery.ModFileInfo/LOADING]: Found valid mod file EasyEmerald-Forge-1.20.1-1.5.8.jar with {easy_emerald} mods - versions {1.5.8}
[20Dec2025 03:22:18.229] [main/DEBUG] [net.minecraftforge.fml.loading.moddiscovery.ModFile/LOADING]: Loading mod file /workspaces/MSP-2.6/servidor_minecraft/mods/EasyEmerald-Forge-1.20.1-1.5.8.jar with languages [LanguageSpec[languageName=javafml, acceptedVersions=[47,)]]
[20Dec2025 03:22:18.229] [main/DEBUG] [net.minecraftforge.fml.loading.moddiscovery.ModFileParser/LOADING]: Considering mod file candidate /workspaces/MSP-2.6/servidor_minecraft/mods/UndergroundBunkers-1.0.5-1.20.x-forge.jar
[20Dec2025 03:22:18.230] [main/DEBUG] [net.minecraftforge.fml.loading.moddiscovery.ModFileInfo/LOADING]: Found valid mod file UndergroundBunkers-1.0.5-1.20.x-forge.jar with {underground_bunkers} mods - versions {1.0.5}
[20Dec2025 03:22:18.230] [main/DEBUG] [net.minecraftforge.fml.loading.moddiscovery.ModFile/LOADING]: Loading mod file /workspaces/MSP-2.6/servidor_minecraft/mods/UndergroundBunkers-1.0.5-1.20.x-forge.jar with languages [LanguageSpec[languageName=javafml, acceptedVersions=[47,)]]
[20Dec2025 03:22:18.230] [main/DEBUG] [net.minecraftforge.fml.loading.moddiscovery.ModFileParser/LOADING]: Considering mod file candidate /workspaces/MSP-2.6/servidor_minecraft/mods/YungsBetterCaves-1.20.1-Forge-2.0.5.jar
[20Dec2025 03:22:18.231] [main/DEBUG] [net.minecraftforge.fml.loading.moddiscovery.ModFileInfo/LOADING]: Found valid mod file YungsBetterCaves-1.20.1-Forge-2.0.5.jar with {bettercaves} mods - versions {1.20.1-Forge-2.0.5}
[20Dec2025 03:22:18.231] [main/DEBUG] [net.minecraftforge.fml.loading.moddiscovery.ModFile/LOADING]: Loading mod file /workspaces/MSP-2.6/servidor_minecraft/mods/YungsBetterCaves-1.20.1-Forge-2.0.5.jar with languages [LanguageSpec[languageName=javafml, acceptedVersions=[46,)]]
[20Dec2025 03:22:18.231] [main/DEBUG] [net.minecraftforge.fml.loading.moddiscovery.ModFileParser/LOADING]: Considering mod file candidate /workspaces/MSP-2.6/servidor_minecraft/mods/waystones-forge-1.20.1-14.1.17.jar
[20Dec2025 03:22:18.232] [main/DEBUG] [net.minecraftforge.fml.loading.moddiscovery.ModFileInfo/LOADING]: Found valid mod file waystones-forge-1.20.1-14.1.17.jar with {waystones} mods - versions {14.1.17}
[20Dec2025 03:22:18.232] [main/DEBUG] [net.minecraftforge.fml.loading.moddiscovery.ModFile/LOADING]: Loading mod file /workspaces/MSP-2.6/servidor_minecraft/mods/waystones-forge-1.20.1-14.1.17.jar with languages [LanguageSpec[languageName=javafml, acceptedVersions=[46,)]]
[20Dec2025 03:22:18.232] [main/DEBUG] [net.minecraftforge.fml.loading.moddiscovery.ModFileParser/LOADING]: Considering mod file candidate /workspaces/MSP-2.6/servidor_minecraft/mods/gravestone-forge-1.20.1-1.0.35.jar
[20Dec2025 03:22:18.233] [main/DEBUG] [net.minecraftforge.fml.loading.moddiscovery.ModFileInfo/LOADING]: Found valid mod file gravestone-forge-1.20.1-1.0.35.jar with {gravestone} mods - versions {1.20.1-1.0.35}
[20Dec2025 03:22:18.233] [main/DEBUG] [net.minecraftforge.fml.loading.moddiscovery.ModFile/LOADING]: Loading mod file /workspaces/MSP-2.6/servidor_minecraft/mods/gravestone-forge-1.20.1-1.0.35.jar with languages [LanguageSpec[languageName=javafml, acceptedVersions=*]]
[20Dec2025 03:22:18.233] [main/DEBUG] [net.minecraftforge.fml.loading.moddiscovery.ModFileParser/LOADING]: Considering mod file candidate /workspaces/MSP-2.6/servidor_minecraft/mods/citadel-2.6.2-1.20.1.jar
[20Dec2025 03:22:18.233] [main/DEBUG] [net.minecraftforge.fml.loading.moddiscovery.ModFileInfo/LOADING]: Found valid mod file citadel-2.6.2-1.20.1.jar with {citadel} mods - versions {2.6.2}
[20Dec2025 03:22:18.233] [main/DEBUG] [net.minecraftforge.fml.loading.moddiscovery.ModFile/LOADING]: Loading mod file /workspaces/MSP-2.6/servidor_minecraft/mods/citadel-2.6.2-1.20.1.jar with languages [LanguageSpec[languageName=javafml, acceptedVersions=[47,)]]
[20Dec2025 03:22:18.234] [main/DEBUG] [net.minecraftforge.fml.loading.moddiscovery.ModFileParser/LOADING]: Considering mod file candidate /workspaces/MSP-2.6/servidor_minecraft/mods/travelersbackpack-forge-1.20.1-9.1.46.jar
[20Dec2025 03:22:18.234] [main/DEBUG] [net.minecraftforge.fml.loading.moddiscovery.ModFileInfo/LOADING]: Found valid mod file travelersbackpack-forge-1.20.1-9.1.46.jar with {travelersbackpack} mods - versions {9.1.46}
[20Dec2025 03:22:18.234] [main/DEBUG] [net.minecraftforge.fml.loading.moddiscovery.ModFile/LOADING]: Loading mod file /workspaces/MSP-2.6/servidor_minecraft/mods/travelersbackpack-forge-1.20.1-9.1.46.jar with languages [LanguageSpec[languageName=javafml, acceptedVersions=[46,)]]
[20Dec2025 03:22:18.234] [main/DEBUG] [net.minecraftforge.fml.loading.moddiscovery.ModFileParser/LOADING]: Considering mod file candidate /workspaces/MSP-2.6/servidor_minecraft/mods/YungsApi-1.20-Forge-4.0.6.jar
[20Dec2025 03:22:18.235] [main/DEBUG] [net.minecraftforge.fml.loading.moddiscovery.ModFileInfo/LOADING]: Found valid mod file YungsApi-1.20-Forge-4.0.6.jar with {yungsapi} mods - versions {1.20-Forge-4.0.6}
[20Dec2025 03:22:18.235] [main/DEBUG] [net.minecraftforge.fml.loading.moddiscovery.ModFile/LOADING]: Loading mod file /workspaces/MSP-2.6/servidor_minecraft/mods/YungsApi-1.20-Forge-4.0.6.jar with languages [LanguageSpec[languageName=javafml, acceptedVersions=[46,)]]
[20Dec2025 03:22:18.235] [main/DEBUG] [net.minecraftforge.fml.loading.moddiscovery.ModFileParser/LOADING]: Considering mod file candidate /workspaces/MSP-2.6/servidor_minecraft/mods/zombieawareness-1.20.1-1.13.1.jar
[20Dec2025 03:22:18.236] [main/DEBUG] [net.minecraftforge.fml.loading.moddiscovery.ModFileInfo/LOADING]: Found valid mod file zombieawareness-1.20.1-1.13.1.jar with {zombieawareness} mods - versions {1.20.1-1.13.1}
[20Dec2025 03:22:18.236] [main/DEBUG] [net.minecraftforge.fml.loading.moddiscovery.ModFile/LOADING]: Loading mod file /workspaces/MSP-2.6/servidor_minecraft/mods/zombieawareness-1.20.1-1.13.1.jar with languages [LanguageSpec[languageName=javafml, acceptedVersions=[47,)]]
[20Dec2025 03:22:18.236] [main/DEBUG] [net.minecraftforge.fml.loading.moddiscovery.ModFileParser/LOADING]: Considering mod file candidate /workspaces/MSP-2.6/servidor_minecraft/mods/Gobber2-Forge-1.20.1-2.8.9.jar
[20Dec2025 03:22:18.236] [main/DEBUG] [net.minecraftforge.fml.loading.moddiscovery.ModFileInfo/LOADING]: Found valid mod file Gobber2-Forge-1.20.1-2.8.9.jar with {gobber2} mods - versions {2.8.9}
[20Dec2025 03:22:18.237] [main/DEBUG] [net.minecraftforge.fml.loading.moddiscovery.ModFile/LOADING]: Loading mod file /workspaces/MSP-2.6/servidor_minecraft/mods/Gobber2-Forge-1.20.1-2.8.9.jar with languages [LanguageSpec[languageName=javafml, acceptedVersions=[47,)]]
[20Dec2025 03:22:18.237] [main/DEBUG] [net.minecraftforge.fml.loading.moddiscovery.ModFileParser/LOADING]: Considering mod file candidate /workspaces/MSP-2.6/servidor_minecraft/mods/Dungeon Crawl-1.20.1-2.3.15.jar
[20Dec2025 03:22:18.237] [main/DEBUG] [net.minecraftforge.fml.loading.moddiscovery.ModFileInfo/LOADING]: Found valid mod file Dungeon Crawl-1.20.1-2.3.15.jar with {dungeoncrawl} mods - versions {2.3.15}
[20Dec2025 03:22:18.237] [main/DEBUG] [net.minecraftforge.fml.loading.moddiscovery.ModFile/LOADING]: Loading mod file /workspaces/MSP-2.6/servidor_minecraft/mods/Dungeon Crawl-1.20.1-2.3.15.jar with languages [LanguageSpec[languageName=javafml, acceptedVersions=[47,)]]
[20Dec2025 03:22:18.237] [main/DEBUG] [net.minecraftforge.fml.loading.moddiscovery.ModFileParser/LOADING]: Considering mod file candidate /workspaces/MSP-2.6/servidor_minecraft/mods/coroutil-forge-1.20.1-1.3.7.jar
[20Dec2025 03:22:18.238] [main/DEBUG] [net.minecraftforge.fml.loading.moddiscovery.ModFileInfo/LOADING]: Found valid mod file coroutil-forge-1.20.1-1.3.7.jar with {coroutil} mods - versions {1.20.1-1.3.7}
[20Dec2025 03:22:18.238] [main/DEBUG] [net.minecraftforge.fml.loading.moddiscovery.ModFile/LOADING]: Loading mod file /workspaces/MSP-2.6/servidor_minecraft/mods/coroutil-forge-1.20.1-1.3.7.jar with languages [LanguageSpec[languageName=javafml, acceptedVersions=[47,)]]
[20Dec2025 03:22:18.238] [main/DEBUG] [net.minecraftforge.fml.loading.moddiscovery.ModFileParser/LOADING]: Considering mod file candidate /workspaces/MSP-2.6/servidor_minecraft/mods/warfare_wings-1.1.2-1.20.1-forge.jar
[20Dec2025 03:22:18.239] [main/DEBUG] [net.minecraftforge.fml.loading.moddiscovery.ModFileInfo/LOADING]: Found valid mod file warfare_wings-1.1.2-1.20.1-forge.jar with {warfare_wings} mods - versions {1.1.2}
[20Dec2025 03:22:18.239] [main/DEBUG] [net.minecraftforge.fml.loading.moddiscovery.ModFile/LOADING]: Loading mod file /workspaces/MSP-2.6/servidor_minecraft/mods/warfare_wings-1.1.2-1.20.1-forge.jar with languages [LanguageSpec[languageName=javafml, acceptedVersions=[47,)]]
[20Dec2025 03:22:18.239] [main/DEBUG] [net.minecraftforge.fml.loading.moddiscovery.ModFileParser/LOADING]: Considering mod file candidate /workspaces/MSP-2.6/servidor_minecraft/mods/AI-Improvements-1.20-0.5.2.jar
[20Dec2025 03:22:18.239] [main/DEBUG] [net.minecraftforge.fml.loading.moddiscovery.ModFileInfo/LOADING]: Found valid mod file AI-Improvements-1.20-0.5.2.jar with {aiimprovements} mods - versions {0.5.2}
[20Dec2025 03:22:18.240] [main/DEBUG] [net.minecraftforge.fml.loading.moddiscovery.ModFile/LOADING]: Loading mod file /workspaces/MSP-2.6/servidor_minecraft/mods/AI-Improvements-1.20-0.5.2.jar with languages [LanguageSpec[languageName=javafml, acceptedVersions=[46,)]]
[20Dec2025 03:22:18.240] [main/DEBUG] [net.minecraftforge.fml.loading.moddiscovery.ModFileParser/LOADING]: Considering mod file candidate /workspaces/MSP-2.6/servidor_minecraft/mods/iceandfire-2.1.13-1.20.1-beta-5.jar
[20Dec2025 03:22:18.240] [main/DEBUG] [net.minecraftforge.fml.loading.moddiscovery.ModFileInfo/LOADING]: Found valid mod file iceandfire-2.1.13-1.20.1-beta-5.jar with {iceandfire} mods - versions {2.1.13-1.20.1}
[20Dec2025 03:22:18.240] [main/DEBUG] [net.minecraftforge.fml.loading.moddiscovery.ModFile/LOADING]: Loading mod file /workspaces/MSP-2.6/servidor_minecraft/mods/iceandfire-2.1.13-1.20.1-beta-5.jar with languages [LanguageSpec[languageName=javafml, acceptedVersions=[37.0,)]]
[20Dec2025 03:22:18.241] [main/DEBUG] [net.minecraftforge.fml.loading.moddiscovery.ModFileParser/LOADING]: Considering mod file candidate /workspaces/MSP-2.6/servidor_minecraft/mods/balm-forge-1.20.1-7.3.37-all.jar
[20Dec2025 03:22:18.241] [main/DEBUG] [net.minecraftforge.fml.loading.moddiscovery.ModFileInfo/LOADING]: Found valid mod file balm-forge-1.20.1-7.3.37-all.jar with {balm} mods - versions {7.3.37}
[20Dec2025 03:22:18.241] [main/DEBUG] [net.minecraftforge.fml.loading.moddiscovery.ModFile/LOADING]: Loading mod file /workspaces/MSP-2.6/servidor_minecraft/mods/balm-forge-1.20.1-7.3.37-all.jar with languages [LanguageSpec[languageName=javafml, acceptedVersions=[46,)]]
[20Dec2025 03:22:18.241] [main/DEBUG] [net.minecraftforge.fml.loading.moddiscovery.ModFileParser/LOADING]: Considering mod file candidate /workspaces/MSP-2.6/servidor_minecraft/mods/PuzzlesLib-v8.1.33-1.20.1-Forge.jar
[20Dec2025 03:22:18.242] [main/DEBUG] [net.minecraftforge.fml.loading.moddiscovery.ModFileInfo/LOADING]: Found valid mod file PuzzlesLib-v8.1.33-1.20.1-Forge.jar with {puzzleslib} mods - versions {8.1.33}
[20Dec2025 03:22:18.242] [main/DEBUG] [net.minecraftforge.fml.loading.moddiscovery.ModFile/LOADING]: Loading mod file /workspaces/MSP-2.6/servidor_minecraft/mods/PuzzlesLib-v8.1.33-1.20.1-Forge.jar with languages [LanguageSpec[languageName=javafml, acceptedVersions=[47,)]]
[20Dec2025 03:22:18.242] [main/DEBUG] [net.minecraftforge.fml.loading.moddiscovery.ModFileParser/LOADING]: Considering mod file candidate /workspaces/MSP-2.6/servidor_minecraft/mods/framework-forge-1.20.1-0.7.15.jar
[20Dec2025 03:22:18.243] [main/DEBUG] [net.minecraftforge.fml.loading.moddiscovery.ModFileInfo/LOADING]: Found valid mod file framework-forge-1.20.1-0.7.15.jar with {framework} mods - versions {0.7.15}
[20Dec2025 03:22:18.243] [main/DEBUG] [net.minecraftforge.fml.loading.moddiscovery.ModFile/LOADING]: Loading mod file /workspaces/MSP-2.6/servidor_minecraft/mods/framework-forge-1.20.1-0.7.15.jar with languages [LanguageSpec[languageName=javafml, acceptedVersions=[39,)]]
[20Dec2025 03:22:18.243] [main/DEBUG] [net.minecraftforge.fml.loading.moddiscovery.ModFileParser/LOADING]: Considering mod file candidate 
[20Dec2025 03:22:18.244] [main/DEBUG] [net.minecraftforge.fml.loading.moddiscovery.ModFileInfo/LOADING]: Found valid mod file puzzlesaccessapi-forge-20.1.1.jar with {puzzlesaccessapi} mods - versions {20.1.1}
[20Dec2025 03:22:18.244] [main/DEBUG] [net.minecraftforge.fml.loading.moddiscovery.ModFile/LOADING]: Loading mod file  with languages [LanguageSpec[languageName=javafml, acceptedVersions=*]]
[20Dec2025 03:22:18.244] [main/DEBUG] [net.minecraftforge.fml.loading.moddiscovery.ModFileParser/LOADING]: Considering mod file candidate /workspaces/MSP-2.6/servidor_minecraft/mods/cloth-config-11.1.136-forge.jar
[20Dec2025 03:22:18.244] [main/DEBUG] [net.minecraftforge.fml.loading.moddiscovery.ModFileInfo/LOADING]: Found valid mod file cloth-config-11.1.136-forge.jar with {cloth_config} mods - versions {11.1.136}
[20Dec2025 03:22:18.244] [main/DEBUG] [net.minecraftforge.fml.loading.moddiscovery.ModFile/LOADING]: Loading mod file /workspaces/MSP-2.6/servidor_minecraft/mods/cloth-config-11.1.136-forge.jar with languages [LanguageSpec[languageName=javafml, acceptedVersions=[34,)]]
[20Dec2025 03:22:18.245] [main/DEBUG] [net.minecraftforge.fml.loading.moddiscovery.ModFileParser/LOADING]: Considering mod file candidate /workspaces/MSP-2.6/servidor_minecraft/libraries/net/minecraftforge/forge/1.20.1-47.3.7/forge-1.20.1-47.3.7-universal.jar
[20Dec2025 03:22:18.245] [main/DEBUG] [net.minecraftforge.fml.loading.moddiscovery.ModFileInfo/LOADING]: Found valid mod file forge-1.20.1-47.3.7-universal.jar with {forge} mods - versions {47.3.7}
[20Dec2025 03:22:18.245] [main/DEBUG] [net.minecraftforge.fml.loading.moddiscovery.ModFile/LOADING]: Loading mod file /workspaces/MSP-2.6/servidor_minecraft/libraries/net/minecraftforge/forge/1.20.1-47.3.7/forge-1.20.1-47.3.7-universal.jar with languages [LanguageSpec[languageName=javafml, acceptedVersions=[24,]]]
[20Dec2025 03:22:18.247] [main/DEBUG] [net.minecraftforge.fml.loading.moddiscovery.ModFileParser/LOADING]: Found coremod field_to_method with Javascript path coremods/field_to_method.js
[20Dec2025 03:22:18.248] [main/DEBUG] [net.minecraftforge.fml.loading.moddiscovery.ModFileParser/LOADING]: Found coremod field_to_instanceof with Javascript path coremods/field_to_instanceof.js
[20Dec2025 03:22:18.248] [main/DEBUG] [net.minecraftforge.fml.loading.moddiscovery.ModFileParser/LOADING]: Found coremod add_bouncer_method with Javascript path coremods/add_bouncer_method.js
[20Dec2025 03:22:18.248] [main/DEBUG] [net.minecraftforge.fml.loading.moddiscovery.ModFileParser/LOADING]: Found coremod method_redirector with Javascript path coremods/method_redirector.js
[20Dec2025 03:22:18.248] [main/DEBUG] [net.minecraftforge.fml.loading.moddiscovery.ModFile/LOADING]: Found coremod coremods/field_to_method.js
[20Dec2025 03:22:18.248] [main/DEBUG] [net.minecraftforge.fml.loading.moddiscovery.ModFile/LOADING]: Found coremod coremods/field_to_instanceof.js
[20Dec2025 03:22:18.248] [main/DEBUG] [net.minecraftforge.fml.loading.moddiscovery.ModFile/LOADING]: Found coremod coremods/add_bouncer_method.js
[20Dec2025 03:22:18.248] [main/DEBUG] [net.minecraftforge.fml.loading.moddiscovery.ModFile/LOADING]: Found coremod coremods/method_redirector.js
[20Dec2025 03:22:18.248] [main/DEBUG] [net.minecraftforge.fml.loading.moddiscovery.ModFileParser/LOADING]: Considering mod file candidate /workspaces/MSP-2.6/servidor_minecraft/mods/eh1.3.1-1.20.1.jar
[20Dec2025 03:22:18.249] [main/DEBUG] [net.minecraftforge.fml.loading.moddiscovery.ModFileInfo/LOADING]: Found valid mod file eh1.3.1-1.20.1.jar with {horde_hoard} mods - versions {1.1.0}
[20Dec2025 03:22:18.249] [main/DEBUG] [net.minecraftforge.fml.loading.moddiscovery.ModFile/LOADING]: Loading mod file /workspaces/MSP-2.6/servidor_minecraft/mods/eh1.3.1-1.20.1.jar with languages [LanguageSpec[languageName=javafml, acceptedVersions=[47,)]]
[20Dec2025 03:22:18.249] [main/DEBUG] [net.minecraftforge.fml.loading.moddiscovery.ModFileParser/LOADING]: Considering mod file candidate /workspaces/MSP-2.6/servidor_minecraft/mods/EnchantingInfuser-v8.0.3-1.20.1-Forge.jar
[20Dec2025 03:22:18.250] [main/DEBUG] [net.minecraftforge.fml.loading.moddiscovery.ModFileInfo/LOADING]: Found valid mod file EnchantingInfuser-v8.0.3-1.20.1-Forge.jar with {enchantinginfuser} mods - versions {8.0.3}
[20Dec2025 03:22:18.250] [main/DEBUG] [net.minecraftforge.fml.loading.moddiscovery.ModFile/LOADING]: Loading mod file /workspaces/MSP-2.6/servidor_minecraft/mods/EnchantingInfuser-v8.0.3-1.20.1-Forge.jar with languages [LanguageSpec[languageName=javafml, acceptedVersions=[47,)]]
[20Dec2025 03:22:18.250] [main/DEBUG] [net.minecraftforge.fml.loading.moddiscovery.ModFileParser/LOADING]: Considering mod file candidate /workspaces/MSP-2.6/servidor_minecraft/mods/M'TEG-1.1.2-1.20.1.jar
[20Dec2025 03:22:18.251] [main/DEBUG] [net.minecraftforge.fml.loading.moddiscovery.ModFileInfo/LOADING]: Found valid mod file M'TEG-1.1.2-1.20.1.jar with {mteg} mods - versions {1.1.2}
[20Dec2025 03:22:18.251] [main/DEBUG] [net.minecraftforge.fml.loading.moddiscovery.ModFile/LOADING]: Loading mod file /workspaces/MSP-2.6/servidor_minecraft/mods/M'TEG-1.1.2-1.20.1.jar with languages [LanguageSpec[languageName=javafml, acceptedVersions=[40,)]]
[20Dec2025 03:22:18.251] [main/DEBUG] [net.minecraftforge.fml.loading.moddiscovery.ModFileParser/LOADING]: Considering mod file candidate /workspaces/MSP-2.6/servidor_minecraft/mods/skinrestorer-2.4.3+1.20-forge.jar
[20Dec2025 03:22:18.251] [main/DEBUG] [net.minecraftforge.fml.loading.moddiscovery.ModFileInfo/LOADING]: Found valid mod file skinrestorer-2.4.3+1.20-forge.jar with {skinrestorer} mods - versions {2.4.3+1.20-forge}
[20Dec2025 03:22:18.252] [main/DEBUG] [net.minecraftforge.fml.loading.moddiscovery.ModFile/LOADING]: Loading mod file /workspaces/MSP-2.6/servidor_minecraft/mods/skinrestorer-2.4.3+1.20-forge.jar with languages [LanguageSpec[languageName=javafml, acceptedVersions=[46,)]]
[20Dec2025 03:22:18.252] [main/DEBUG] [net.minecraftforge.fml.loading.moddiscovery.ModFile/LOADING]: Loading mod file  with languages []
[20Dec2025 03:22:18.252] [main/DEBUG] [net.minecraftforge.fml.loading.moddiscovery.ModFile/LOADING]: Loading mod file  with languages []
[20Dec2025 03:22:18.252] [main/DEBUG] [net.minecraftforge.fml.loading.moddiscovery.ModFile/LOADING]: Loading mod file  with languages []
[20Dec2025 03:22:18.252] [main/DEBUG] [net.minecraftforge.fml.loading.moddiscovery.ModFileParser/LOADING]: Considering mod file candidate 
[20Dec2025 03:22:18.252] [main/DEBUG] [net.minecraftforge.fml.loading.moddiscovery.ModFileInfo/LOADING]: Found valid mod file mixinextras-forge-0.4.1.jar with {mixinextras} mods - versions {0.4.1}
[20Dec2025 03:22:18.252] [main/DEBUG] [net.minecraftforge.fml.loading.moddiscovery.ModFile/LOADING]: Loading mod file  with languages [LanguageSpec[languageName=javafml, acceptedVersions=*]]
[20Dec2025 03:22:18.253] [main/DEBUG] [net.minecraftforge.fml.loading.moddiscovery.ModFile/LOADING]: Loading mod file  with languages []
[20Dec2025 03:22:18.253] [main/DEBUG] [net.minecraftforge.fml.loading.moddiscovery.ModFile/LOADING]: Loading mod file  with languages []
[20Dec2025 03:22:18.253] [main/DEBUG] [net.minecraftforge.fml.loading.moddiscovery.ModFile/LOADING]: Loading mod file  with languages []
[20Dec2025 03:22:18.253] [main/DEBUG] [net.minecraftforge.fml.loading.moddiscovery.ModFile/LOADING]: Loading mod file  with languages []
[20Dec2025 03:22:18.253] [main/DEBUG] [net.minecraftforge.fml.loading.moddiscovery.ModFileParser/LOADING]: Considering mod file candidate 
[20Dec2025 03:22:18.253] [main/DEBUG] [net.minecraftforge.fml.loading.moddiscovery.ModFileInfo/LOADING]: Found valid mod file mixinextras-forge-0.4.1.jar with {mixinextras} mods - versions {0.4.1}
[20Dec2025 03:22:18.254] [main/DEBUG] [net.minecraftforge.fml.loading.moddiscovery.ModFile/LOADING]: Loading mod file  with languages [LanguageSpec[languageName=javafml, acceptedVersions=*]]
[20Dec2025 03:22:18.254] [main/DEBUG] [net.minecraftforge.fml.loading.moddiscovery.ModFile/LOADING]: Loading mod file  with languages []
[20Dec2025 03:22:18.255] [main/DEBUG] [cpw.mods.modlauncher.TransformationServiceDecorator/MODLAUNCHER]: End scan trigger - transformation service fml
[20Dec2025 03:22:18.280] [main/DEBUG] [net.minecraftforge.fml.loading.LanguageLoadingProvider/CORE]: Found 3 language providers
[20Dec2025 03:22:18.281] [main/DEBUG] [net.minecraftforge.fml.loading.LanguageLoadingProvider/CORE]: Found language provider minecraft, version 1.0
[20Dec2025 03:22:18.282] [main/DEBUG] [net.minecraftforge.fml.loading.LanguageLoadingProvider/CORE]: Found language provider lowcodefml, version 47
[20Dec2025 03:22:18.282] [main/DEBUG] [net.minecraftforge.fml.loading.LanguageLoadingProvider/CORE]: Found language provider javafml, version 47
[20Dec2025 03:22:18.287] [main/DEBUG] [net.minecraftforge.fml.loading.UniqueModListBuilder/]: Found 2 mods for first modid mclib, selecting most recent based on version data
[20Dec2025 03:22:18.287] [main/DEBUG] [net.minecraftforge.fml.loading.UniqueModListBuilder/]: Selected file mclib-20.jar for modid mclib with version 0.0NONE
[20Dec2025 03:22:18.287] [main/DEBUG] [net.minecraftforge.fml.loading.UniqueModListBuilder/]: Found 2 mods for first modid MathParser.org.mXparser, selecting most recent based on version data
[20Dec2025 03:22:18.287] [main/DEBUG] [net.minecraftforge.fml.loading.UniqueModListBuilder/]: Selected file MathParser.org-mXparser-5.2.1.jar for modid MathParser.org.mXparser with version 0.0NONE
[20Dec2025 03:22:18.288] [main/DEBUG] [net.minecraftforge.fml.loading.UniqueModListBuilder/]: Found 2 mods for first modid java.client.SNAPSHOT, selecting most recent based on version data
[20Dec2025 03:22:18.288] [main/DEBUG] [net.minecraftforge.fml.loading.UniqueModListBuilder/]: Selected file java-client-3.0.6-SNAPSHOT.jar for modid java.client.SNAPSHOT with version 0.0NONE
[20Dec2025 03:22:18.288] [main/DEBUG] [net.minecraftforge.fml.loading.UniqueModListBuilder/]: Found 2 mods for first modid mixinextras, selecting most recent based on version data
[20Dec2025 03:22:18.288] [main/DEBUG] [net.minecraftforge.fml.loading.UniqueModListBuilder/]: Selected file mixinextras-forge-0.4.1.jar for modid mixinextras with version 0.4.1
[20Dec2025 03:22:18.288] [main/DEBUG] [net.minecraftforge.fml.loading.UniqueModListBuilder/]: Found 2 mods for first modid MixinExtras, selecting most recent based on version data
[20Dec2025 03:22:18.288] [main/DEBUG] [net.minecraftforge.fml.loading.UniqueModListBuilder/]: Selected file MixinExtras-0.4.1.jar for modid MixinExtras with version 0.0NONE
[20Dec2025 03:22:18.290] [main/DEBUG] [net.minecraftforge.fml.loading.ModSorter/]: Configured system mods: [minecraft, forge]
[20Dec2025 03:22:18.290] [main/DEBUG] [net.minecraftforge.fml.loading.ModSorter/]: Found system mod: minecraft
[20Dec2025 03:22:18.290] [main/DEBUG] [net.minecraftforge.fml.loading.ModSorter/]: Found system mod: forge
[20Dec2025 03:22:18.293] [main/DEBUG] [net.minecraftforge.fml.loading.ModSorter/LOADING]: Found 90 mod requirements (86 mandatory, 4 optional)
[20Dec2025 03:22:18.294] [main/DEBUG] [net.minecraftforge.fml.loading.ModSorter/LOADING]: Found 0 mod requirements missing (0 mandatory, 0 optional)
[20Dec2025 03:22:18.731] [main/DEBUG] [cpw.mods.modlauncher.TransformationServicesHandler/MODLAUNCHER]: Transformation services loading transformers
[20Dec2025 03:22:18.732] [main/DEBUG] [cpw.mods.modlauncher.TransformationServiceDecorator/MODLAUNCHER]: Initializing transformers for transformation service mixin
[20Dec2025 03:22:18.733] [main/DEBUG] [cpw.mods.modlauncher.TransformationServiceDecorator/MODLAUNCHER]: Initialized transformers for transformation service mixin
[20Dec2025 03:22:18.733] [main/DEBUG] [cpw.mods.modlauncher.TransformationServiceDecorator/MODLAUNCHER]: Initializing transformers for transformation service fml
[20Dec2025 03:22:18.733] [main/DEBUG] [net.minecraftforge.fml.loading.FMLServiceProvider/CORE]: Loading coremod transformers
[20Dec2025 03:22:18.733] [main/DEBUG] [net.minecraftforge.coremod.CoreModEngine/COREMOD]: Loading CoreMod from coremods/field_to_method.js
[20Dec2025 03:22:18.909] [main/DEBUG] [net.minecraftforge.coremod.CoreModEngine/COREMOD]: CoreMod loaded successfully
[20Dec2025 03:22:18.909] [main/DEBUG] [net.minecraftforge.coremod.CoreModEngine/COREMOD]: Loading CoreMod from coremods/field_to_instanceof.js
[20Dec2025 03:22:18.975] [main/DEBUG] [net.minecraftforge.coremod.CoreModEngine/COREMOD]: CoreMod loaded successfully
[20Dec2025 03:22:18.976] [main/DEBUG] [net.minecraftforge.coremod.CoreModEngine/COREMOD]: Loading CoreMod from coremods/add_bouncer_method.js
[20Dec2025 03:22:19.014] [main/DEBUG] [net.minecraftforge.coremod.CoreModEngine/COREMOD]: CoreMod loaded successfully
[20Dec2025 03:22:19.014] [main/DEBUG] [net.minecraftforge.coremod.CoreModEngine/COREMOD]: Loading CoreMod from coremods/method_redirector.js
[20Dec2025 03:22:19.076] [main/DEBUG] [net.minecraftforge.coremod.CoreModEngine/COREMOD]: CoreMod loaded successfully
[20Dec2025 03:22:19.085] [main/DEBUG] [cpw.mods.modlauncher.TransformStore/MODLAUNCHER]: Adding transformer net.minecraftforge.coremod.transformer.CoreModClassTransformer@40729f01 to Target : CLASS {Lnet/minecraft/world/level/biome/Biome;} {} {V}
[20Dec2025 03:22:19.086] [main/DEBUG] [cpw.mods.modlauncher.TransformStore/MODLAUNCHER]: Adding transformer net.minecraftforge.coremod.transformer.CoreModClassTransformer@575c3e9b to Target : CLASS {Lnet/minecraft/world/level/levelgen/structure/Structure;} {} {V}
[20Dec2025 03:22:19.087] [main/DEBUG] [cpw.mods.modlauncher.TransformStore/MODLAUNCHER]: Adding transformer net.minecraftforge.coremod.transformer.CoreModClassTransformer@74f827ad to Target : CLASS {Lnet/minecraft/world/effect/MobEffectInstance;} {} {V}
[20Dec2025 03:22:19.087] [main/DEBUG] [cpw.mods.modlauncher.TransformStore/MODLAUNCHER]: Adding transformer net.minecraftforge.coremod.transformer.CoreModClassTransformer@73c3cd09 to Target : CLASS {Lnet/minecraft/world/level/block/LiquidBlock;} {} {V}
[20Dec2025 03:22:19.087] [main/DEBUG] [cpw.mods.modlauncher.TransformStore/MODLAUNCHER]: Adding transformer net.minecraftforge.coremod.transformer.CoreModClassTransformer@4a8a0099 to Target : CLASS {Lnet/minecraft/world/item/BucketItem;} {} {V}
[20Dec2025 03:22:19.087] [main/DEBUG] [cpw.mods.modlauncher.TransformStore/MODLAUNCHER]: Adding transformer net.minecraftforge.coremod.transformer.CoreModClassTransformer@7c1447b5 to Target : CLASS {Lnet/minecraft/world/level/block/StairBlock;} {} {V}
[20Dec2025 03:22:19.087] [main/DEBUG] [cpw.mods.modlauncher.TransformStore/MODLAUNCHER]: Adding transformer net.minecraftforge.coremod.transformer.CoreModClassTransformer@49e4c2d5 to Target : CLASS {Lnet/minecraft/world/level/block/FlowerPotBlock;} {} {V}
[20Dec2025 03:22:19.087] [main/DEBUG] [cpw.mods.modlauncher.TransformStore/MODLAUNCHER]: Adding transformer net.minecraftforge.coremod.transformer.CoreModClassTransformer@24a2e565 to Target : CLASS {Lnet/minecraft/world/item/ItemStack;} {} {V}
[20Dec2025 03:22:19.087] [main/DEBUG] [cpw.mods.modlauncher.TransformStore/MODLAUNCHER]: Adding transformer net.minecraftforge.coremod.transformer.CoreModClassTransformer@3e36b7a0 to Target : CLASS {Lnet/minecraft/network/play/client/CClientSettingsPacket;} {} {V}
[20Dec2025 03:22:19.088] [main/DEBUG] [cpw.mods.modlauncher.TransformStore/MODLAUNCHER]: Adding transformer net.minecraftforge.coremod.transformer.CoreModClassTransformer@60c1663c to Target : CLASS {Lnet/minecraft/world/entity/monster/Evoker$EvokerSummonSpellGoal;} {} {V}
[20Dec2025 03:22:19.088] [main/DEBUG] [cpw.mods.modlauncher.TransformStore/MODLAUNCHER]: Adding transformer net.minecraftforge.coremod.transformer.CoreModClassTransformer@60c1663c to Target : CLASS {Lnet/minecraft/world/entity/monster/Spider;} {} {V}
[20Dec2025 03:22:19.088] [main/DEBUG] [cpw.mods.modlauncher.TransformStore/MODLAUNCHER]: Adding transformer net.minecraftforge.coremod.transformer.CoreModClassTransformer@60c1663c to Target : CLASS {Lnet/minecraft/world/entity/monster/Zombie;} {} {V}
[20Dec2025 03:22:19.088] [main/DEBUG] [cpw.mods.modlauncher.TransformStore/MODLAUNCHER]: Adding transformer net.minecraftforge.coremod.transformer.CoreModClassTransformer@60c1663c to Target : CLASS {Lnet/minecraft/world/level/levelgen/structure/structures/SwampHutPiece;} {} {V}
[20Dec2025 03:22:19.088] [main/DEBUG] [cpw.mods.modlauncher.TransformStore/MODLAUNCHER]: Adding transformer net.minecraftforge.coremod.transformer.CoreModClassTransformer@60c1663c to Target : CLASS {Lnet/minecraft/world/level/levelgen/structure/structures/WoodlandMansionPieces$WoodlandMansionPiece;} {} {V}
[20Dec2025 03:22:19.088] [main/DEBUG] [cpw.mods.modlauncher.TransformStore/MODLAUNCHER]: Adding transformer net.minecraftforge.coremod.transformer.CoreModClassTransformer@60c1663c to Target : CLASS {Lnet/minecraft/world/entity/animal/frog/Tadpole;} {} {V}
[20Dec2025 03:22:19.088] [main/DEBUG] [cpw.mods.modlauncher.TransformStore/MODLAUNCHER]: Adding transformer net.minecraftforge.coremod.transformer.CoreModClassTransformer@60c1663c to Target : CLASS {Lnet/minecraft/world/level/levelgen/structure/templatesystem/StructureTemplate;} {} {V}
[20Dec2025 03:22:19.088] [main/DEBUG] [cpw.mods.modlauncher.TransformStore/MODLAUNCHER]: Adding transformer net.minecraftforge.coremod.transformer.CoreModClassTransformer@60c1663c to Target : CLASS {Lnet/minecraft/server/commands/RaidCommand;} {} {V}
[20Dec2025 03:22:19.089] [main/DEBUG] [cpw.mods.modlauncher.TransformStore/MODLAUNCHER]: Adding transformer net.minecraftforge.coremod.transformer.CoreModClassTransformer@60c1663c to Target : CLASS {Lnet/minecraft/world/entity/animal/horse/SkeletonTrapGoal;} {} {V}
[20Dec2025 03:22:19.089] [main/DEBUG] [cpw.mods.modlauncher.TransformStore/MODLAUNCHER]: Adding transformer net.minecraftforge.coremod.transformer.CoreModClassTransformer@60c1663c to Target : CLASS {Lnet/minecraft/world/level/NaturalSpawner;} {} {V}
[20Dec2025 03:22:19.089] [main/DEBUG] [cpw.mods.modlauncher.TransformStore/MODLAUNCHER]: Adding transformer net.minecraftforge.coremod.transformer.CoreModClassTransformer@60c1663c to Target : CLASS {Lnet/minecraft/world/entity/monster/Strider;} {} {V}
[20Dec2025 03:22:19.089] [main/DEBUG] [cpw.mods.modlauncher.TransformStore/MODLAUNCHER]: Adding transformer net.minecraftforge.coremod.transformer.CoreModClassTransformer@60c1663c to Target : CLASS {Lnet/minecraft/world/entity/raid/Raid;} {} {V}
[20Dec2025 03:22:19.089] [main/DEBUG] [cpw.mods.modlauncher.TransformStore/MODLAUNCHER]: Adding transformer net.minecraftforge.coremod.transformer.CoreModClassTransformer@60c1663c to Target : CLASS {Lnet/minecraft/server/commands/SummonCommand;} {} {V}
[20Dec2025 03:22:19.089] [main/DEBUG] [cpw.mods.modlauncher.TransformStore/MODLAUNCHER]: Adding transformer net.minecraftforge.coremod.transformer.CoreModClassTransformer@60c1663c to Target : CLASS {Lnet/minecraft/world/level/levelgen/structure/structures/OceanMonumentPieces$OceanMonumentPiece;} {} {V}
[20Dec2025 03:22:19.089] [main/DEBUG] [cpw.mods.modlauncher.TransformStore/MODLAUNCHER]: Adding transformer net.minecraftforge.coremod.transformer.CoreModClassTransformer@60c1663c to Target : CLASS {Lnet/minecraft/world/entity/npc/CatSpawner;} {} {V}
[20Dec2025 03:22:19.089] [main/DEBUG] [cpw.mods.modlauncher.TransformStore/MODLAUNCHER]: Adding transformer net.minecraftforge.coremod.transformer.CoreModClassTransformer@60c1663c to Target : CLASS {Lnet/minecraft/world/entity/npc/Villager;} {} {V}
[20Dec2025 03:22:19.089] [main/DEBUG] [cpw.mods.modlauncher.TransformStore/MODLAUNCHER]: Adding transformer net.minecraftforge.coremod.transformer.CoreModClassTransformer@60c1663c to Target : CLASS {Lnet/minecraft/world/level/levelgen/PatrolSpawner;} {} {V}
[20Dec2025 03:22:19.089] [main/DEBUG] [cpw.mods.modlauncher.TransformStore/MODLAUNCHER]: Adding transformer net.minecraftforge.coremod.transformer.CoreModClassTransformer@60c1663c to Target : CLASS {Lnet/minecraft/world/entity/monster/ZombieVillager;} {} {V}
[20Dec2025 03:22:19.089] [main/DEBUG] [cpw.mods.modlauncher.TransformStore/MODLAUNCHER]: Adding transformer net.minecraftforge.coremod.transformer.CoreModClassTransformer@60c1663c to Target : CLASS {Lnet/minecraft/world/level/levelgen/PhantomSpawner;} {} {V}
[20Dec2025 03:22:19.090] [main/DEBUG] [cpw.mods.modlauncher.TransformStore/MODLAUNCHER]: Adding transformer net.minecraftforge.coremod.transformer.CoreModClassTransformer@60c1663c to Target : CLASS {Lnet/minecraft/world/level/levelgen/structure/structures/OceanRuinPieces$OceanRuinPiece;} {} {V}
[20Dec2025 03:22:19.090] [main/DEBUG] [cpw.mods.modlauncher.TransformStore/MODLAUNCHER]: Adding transformer net.minecraftforge.coremod.transformer.CoreModClassTransformer@60c1663c to Target : CLASS {Lnet/minecraft/world/entity/EntityType;} {} {V}
[20Dec2025 03:22:19.090] [main/DEBUG] [cpw.mods.modlauncher.TransformStore/MODLAUNCHER]: Adding transformer net.minecraftforge.coremod.transformer.CoreModClassTransformer@60c1663c to Target : CLASS {Lnet/minecraft/world/entity/ai/village/VillageSiege;} {} {V}
[20Dec2025 03:22:19.090] [main/DEBUG] [cpw.mods.modlauncher.TransformationServiceDecorator/MODLAUNCHER]: Initialized transformers for transformation service fml
[20Dec2025 03:22:20.117] [main/DEBUG] [mixin/]: Processing prepare() for PlatformAgent[MixinPlatformAgentDefault:ModLauncher Root Container(ModLauncher:4f56a0a2)]
[20Dec2025 03:22:20.118] [main/DEBUG] [mixin/]: Processing launch tasks for PlatformAgent[MixinPlatformAgentDefault:ModLauncher Root Container(ModLauncher:4f56a0a2)]
[20Dec2025 03:22:20.118] [main/DEBUG] [mixin/]: Adding mixin platform agents for container SecureJarResource(minecraft)
[20Dec2025 03:22:20.118] [main/DEBUG] [mixin/]: Instancing new MixinPlatformAgentMinecraftForge for SecureJarResource(minecraft)
[20Dec2025 03:22:20.118] [main/DEBUG] [mixin/]: MixinPlatformAgentMinecraftForge rejected container SecureJarResource(minecraft)
[20Dec2025 03:22:20.118] [main/DEBUG] [mixin/]: Instancing new MixinPlatformAgentDefault for SecureJarResource(minecraft)
[20Dec2025 03:22:20.118] [main/DEBUG] [mixin/]: MixinPlatformAgentDefault accepted container SecureJarResource(minecraft)
[20Dec2025 03:22:20.118] [main/DEBUG] [mixin/]: Processing prepare() for PlatformAgent[MixinPlatformAgentDefault:SecureJarResource(minecraft)]
[20Dec2025 03:22:20.119] [main/DEBUG] [mixin/]: Adding mixin platform agents for container SecureJarResource(emi)
[20Dec2025 03:22:20.119] [main/DEBUG] [mixin/]: Instancing new MixinPlatformAgentMinecraftForge for SecureJarResource(emi)
[20Dec2025 03:22:20.119] [main/DEBUG] [mixin/]: MixinPlatformAgentMinecraftForge rejected container SecureJarResource(emi)
[20Dec2025 03:22:20.119] [main/DEBUG] [mixin/]: Instancing new MixinPlatformAgentDefault for SecureJarResource(emi)
[20Dec2025 03:22:20.119] [main/DEBUG] [mixin/]: MixinPlatformAgentDefault accepted container SecureJarResource(emi)
[20Dec2025 03:22:20.119] [main/DEBUG] [mixin/]: Processing prepare() for PlatformAgent[MixinPlatformAgentDefault:SecureJarResource(emi)]
[20Dec2025 03:22:20.119] [main/DEBUG] [mixin/]: Registering mixin config: emi.mixins.json
[20Dec2025 03:22:20.136] [main/DEBUG] [mixin/]: Compatibility level JAVA_17 specified by emi.mixins.json is higher than the maximum level supported by this version of mixin (JAVA_13).
[20Dec2025 03:22:20.139] [main/INFO] [mixin/]: Compatibility level set to JAVA_17
[20Dec2025 03:22:20.140] [main/DEBUG] [mixin/]: Registering mixin config: emi-forge.mixins.json
[20Dec2025 03:22:20.142] [main/DEBUG] [mixin/]: Adding mixin platform agents for container SecureJarResource(man_of_many_planes)
[20Dec2025 03:22:20.142] [main/DEBUG] [mixin/]: Instancing new MixinPlatformAgentMinecraftForge for SecureJarResource(man_of_many_planes)
[20Dec2025 03:22:20.142] [main/DEBUG] [mixin/]: MixinPlatformAgentMinecraftForge rejected container SecureJarResource(man_of_many_planes)
[20Dec2025 03:22:20.142] [main/DEBUG] [mixin/]: Instancing new MixinPlatformAgentDefault for SecureJarResource(man_of_many_planes)
[20Dec2025 03:22:20.142] [main/DEBUG] [mixin/]: MixinPlatformAgentDefault accepted container SecureJarResource(man_of_many_planes)
[20Dec2025 03:22:20.142] [main/DEBUG] [mixin/]: Processing prepare() for PlatformAgent[MixinPlatformAgentDefault:SecureJarResource(man_of_many_planes)]
[20Dec2025 03:22:20.142] [main/DEBUG] [mixin/]: Adding mixin platform agents for container SecureJarResource(kuma_api)
[20Dec2025 03:22:20.142] [main/DEBUG] [mixin/]: Instancing new MixinPlatformAgentMinecraftForge for SecureJarResource(kuma_api)
[20Dec2025 03:22:20.142] [main/DEBUG] [mixin/]: MixinPlatformAgentMinecraftForge rejected container SecureJarResource(kuma_api)
[20Dec2025 03:22:20.143] [main/DEBUG] [mixin/]: Instancing new MixinPlatformAgentDefault for SecureJarResource(kuma_api)
[20Dec2025 03:22:20.143] [main/DEBUG] [mixin/]: MixinPlatformAgentDefault accepted container SecureJarResource(kuma_api)
[20Dec2025 03:22:20.143] [main/DEBUG] [mixin/]: Processing prepare() for PlatformAgent[MixinPlatformAgentDefault:SecureJarResource(kuma_api)]
[20Dec2025 03:22:20.143] [main/DEBUG] [mixin/]: Registering mixin config: kuma_api.mixins.json
[20Dec2025 03:22:20.144] [main/DEBUG] [mixin/]: Registering mixin config: kuma_api.forge.mixins.json
[20Dec2025 03:22:20.146] [main/DEBUG] [mixin/]: Adding mixin platform agents for container SecureJarResource(block_factorys_bosses)
[20Dec2025 03:22:20.146] [main/DEBUG] [mixin/]: Instancing new MixinPlatformAgentMinecraftForge for SecureJarResource(block_factorys_bosses)
[20Dec2025 03:22:20.146] [main/DEBUG] [mixin/]: MixinPlatformAgentMinecraftForge rejected container SecureJarResource(block_factorys_bosses)
[20Dec2025 03:22:20.146] [main/DEBUG] [mixin/]: Instancing new MixinPlatformAgentDefault for SecureJarResource(block_factorys_bosses)
[20Dec2025 03:22:20.146] [main/DEBUG] [mixin/]: MixinPlatformAgentDefault accepted container SecureJarResource(block_factorys_bosses)
[20Dec2025 03:22:20.146] [main/DEBUG] [mixin/]: Processing prepare() for PlatformAgent[MixinPlatformAgentDefault:SecureJarResource(block_factorys_bosses)]
[20Dec2025 03:22:20.146] [main/DEBUG] [mixin/]: Registering mixin config: mixins.block_factorys_bosses.json
[20Dec2025 03:22:20.148] [main/DEBUG] [mixin/]: Adding mixin platform agents for container SecureJarResource(trashslot)
[20Dec2025 03:22:20.148] [main/DEBUG] [mixin/]: Instancing new MixinPlatformAgentMinecraftForge for SecureJarResource(trashslot)
[20Dec2025 03:22:20.148] [main/DEBUG] [mixin/]: MixinPlatformAgentMinecraftForge rejected container SecureJarResource(trashslot)
[20Dec2025 03:22:20.148] [main/DEBUG] [mixin/]: Instancing new MixinPlatformAgentDefault for SecureJarResource(trashslot)
[20Dec2025 03:22:20.148] [main/DEBUG] [mixin/]: MixinPlatformAgentDefault accepted container SecureJarResource(trashslot)
[20Dec2025 03:22:20.148] [main/DEBUG] [mixin/]: Processing prepare() for PlatformAgent[MixinPlatformAgentDefault:SecureJarResource(trashslot)]
[20Dec2025 03:22:20.148] [main/DEBUG] [mixin/]: Registering mixin config: trashslot.mixins.json
[20Dec2025 03:22:20.150] [main/DEBUG] [mixin/]: Adding mixin platform agents for container SecureJarResource(netherexp)
[20Dec2025 03:22:20.150] [main/DEBUG] [mixin/]: Instancing new MixinPlatformAgentMinecraftForge for SecureJarResource(netherexp)
[20Dec2025 03:22:20.150] [main/DEBUG] [mixin/]: MixinPlatformAgentMinecraftForge rejected container SecureJarResource(netherexp)
[20Dec2025 03:22:20.150] [main/DEBUG] [mixin/]: Instancing new MixinPlatformAgentDefault for SecureJarResource(netherexp)
[20Dec2025 03:22:20.150] [main/DEBUG] [mixin/]: MixinPlatformAgentDefault accepted container SecureJarResource(netherexp)
[20Dec2025 03:22:20.151] [main/DEBUG] [mixin/]: Processing prepare() for PlatformAgent[MixinPlatformAgentDefault:SecureJarResource(netherexp)]
[20Dec2025 03:22:20.151] [main/DEBUG] [mixin/]: Registering mixin config: mixins.netherexp.json
[20Dec2025 03:22:20.152] [main/DEBUG] [mixin/]: Adding mixin platform agents for container SecureJarResource(protectmobsfromdaylight)
[20Dec2025 03:22:20.152] [main/DEBUG] [mixin/]: Instancing new MixinPlatformAgentMinecraftForge for SecureJarResource(protectmobsfromdaylight)
[20Dec2025 03:22:20.152] [main/DEBUG] [mixin/]: MixinPlatformAgentMinecraftForge rejected container SecureJarResource(protectmobsfromdaylight)
[20Dec2025 03:22:20.152] [main/DEBUG] [mixin/]: Instancing new MixinPlatformAgentDefault for SecureJarResource(protectmobsfromdaylight)
[20Dec2025 03:22:20.153] [main/DEBUG] [mixin/]: MixinPlatformAgentDefault accepted container SecureJarResource(protectmobsfromdaylight)
[20Dec2025 03:22:20.153] [main/DEBUG] [mixin/]: Processing prepare() for PlatformAgent[MixinPlatformAgentDefault:SecureJarResource(protectmobsfromdaylight)]
[20Dec2025 03:22:20.153] [main/DEBUG] [mixin/]: Registering mixin config: forge.mixins.json
[20Dec2025 03:22:20.154] [main/DEBUG] [mixin/]: Adding mixin platform agents for container SecureJarResource(jade)
[20Dec2025 03:22:20.154] [main/DEBUG] [mixin/]: Instancing new MixinPlatformAgentMinecraftForge for SecureJarResource(jade)
[20Dec2025 03:22:20.154] [main/DEBUG] [mixin/]: MixinPlatformAgentMinecraftForge rejected container SecureJarResource(jade)
[20Dec2025 03:22:20.154] [main/DEBUG] [mixin/]: Instancing new MixinPlatformAgentDefault for SecureJarResource(jade)
[20Dec2025 03:22:20.154] [main/DEBUG] [mixin/]: MixinPlatformAgentDefault accepted container SecureJarResource(jade)
[20Dec2025 03:22:20.154] [main/DEBUG] [mixin/]: Processing prepare() for PlatformAgent[MixinPlatformAgentDefault:SecureJarResource(jade)]
[20Dec2025 03:22:20.154] [main/DEBUG] [mixin/]: Registering mixin config: jade.mixins.json
[20Dec2025 03:22:20.156] [main/DEBUG] [mixin/]: Compatibility level JAVA_16 specified by jade.mixins.json is higher than the maximum level supported by this version of mixin (JAVA_13).
[20Dec2025 03:22:20.156] [main/DEBUG] [mixin/]: Adding mixin platform agents for container SecureJarResource(geckolib)
[20Dec2025 03:22:20.156] [main/DEBUG] [mixin/]: Instancing new MixinPlatformAgentMinecraftForge for SecureJarResource(geckolib)
[20Dec2025 03:22:20.157] [main/DEBUG] [mixin/]: MixinPlatformAgentMinecraftForge rejected container SecureJarResource(geckolib)
[20Dec2025 03:22:20.157] [main/DEBUG] [mixin/]: Instancing new MixinPlatformAgentDefault for SecureJarResource(geckolib)
[20Dec2025 03:22:20.157] [main/DEBUG] [mixin/]: MixinPlatformAgentDefault accepted container SecureJarResource(geckolib)
[20Dec2025 03:22:20.157] [main/DEBUG] [mixin/]: Processing prepare() for PlatformAgent[MixinPlatformAgentDefault:SecureJarResource(geckolib)]
[20Dec2025 03:22:20.157] [main/DEBUG] [mixin/]: Registering mixin config: geckolib.mixins.json
[20Dec2025 03:22:20.158] [main/DEBUG] [mixin/]: Adding mixin platform agents for container SecureJarResource(elysium_api)
[20Dec2025 03:22:20.158] [main/DEBUG] [mixin/]: Instancing new MixinPlatformAgentMinecraftForge for SecureJarResource(elysium_api)
[20Dec2025 03:22:20.158] [main/DEBUG] [mixin/]: MixinPlatformAgentMinecraftForge rejected container SecureJarResource(elysium_api)
[20Dec2025 03:22:20.159] [main/DEBUG] [mixin/]: Instancing new MixinPlatformAgentDefault for SecureJarResource(elysium_api)
[20Dec2025 03:22:20.159] [main/DEBUG] [mixin/]: MixinPlatformAgentDefault accepted container SecureJarResource(elysium_api)
[20Dec2025 03:22:20.159] [main/DEBUG] [mixin/]: Processing prepare() for PlatformAgent[MixinPlatformAgentDefault:SecureJarResource(elysium_api)]
[20Dec2025 03:22:20.159] [main/DEBUG] [mixin/]: Registering mixin config: mixins.elysium_api.json
[20Dec2025 03:22:20.160] [main/DEBUG] [mixin/]: Adding mixin platform agents for container SecureJarResource(jei)
[20Dec2025 03:22:20.160] [main/DEBUG] [mixin/]: Instancing new MixinPlatformAgentMinecraftForge for SecureJarResource(jei)
[20Dec2025 03:22:20.160] [main/DEBUG] [mixin/]: MixinPlatformAgentMinecraftForge rejected container SecureJarResource(jei)
[20Dec2025 03:22:20.160] [main/DEBUG] [mixin/]: Instancing new MixinPlatformAgentDefault for SecureJarResource(jei)
[20Dec2025 03:22:20.161] [main/DEBUG] [mixin/]: MixinPlatformAgentDefault accepted container SecureJarResource(jei)
[20Dec2025 03:22:20.161] [main/DEBUG] [mixin/]: Processing prepare() for PlatformAgent[MixinPlatformAgentDefault:SecureJarResource(jei)]
[20Dec2025 03:22:20.161] [main/DEBUG] [mixin/]: Adding mixin platform agents for container SecureJarResource(jeg)
[20Dec2025 03:22:20.161] [main/DEBUG] [mixin/]: Instancing new MixinPlatformAgentMinecraftForge for SecureJarResource(jeg)
[20Dec2025 03:22:20.161] [main/DEBUG] [mixin/]: MixinPlatformAgentMinecraftForge rejected container SecureJarResource(jeg)
[20Dec2025 03:22:20.161] [main/DEBUG] [mixin/]: Instancing new MixinPlatformAgentDefault for SecureJarResource(jeg)
[20Dec2025 03:22:20.161] [main/DEBUG] [mixin/]: MixinPlatformAgentDefault accepted container SecureJarResource(jeg)
[20Dec2025 03:22:20.161] [main/DEBUG] [mixin/]: Processing prepare() for PlatformAgent[MixinPlatformAgentDefault:SecureJarResource(jeg)]
[20Dec2025 03:22:20.161] [main/DEBUG] [mixin/]: Registering mixin config: jeg.mixins.json
[20Dec2025 03:22:20.163] [main/DEBUG] [mixin/]: Compatibility level JAVA_8 specified by jeg.mixins.json is lower than the default level supported by the current mixin service (JAVA_16).
[20Dec2025 03:22:20.163] [main/DEBUG] [mixin/]: Adding mixin platform agents for container SecureJarResource(goblintraders)
[20Dec2025 03:22:20.163] [main/DEBUG] [mixin/]: Instancing new MixinPlatformAgentMinecraftForge for SecureJarResource(goblintraders)
[20Dec2025 03:22:20.164] [main/DEBUG] [mixin/]: MixinPlatformAgentMinecraftForge rejected container SecureJarResource(goblintraders)
[20Dec2025 03:22:20.164] [main/DEBUG] [mixin/]: Instancing new MixinPlatformAgentDefault for SecureJarResource(goblintraders)
[20Dec2025 03:22:20.164] [main/DEBUG] [mixin/]: MixinPlatformAgentDefault accepted container SecureJarResource(goblintraders)
[20Dec2025 03:22:20.164] [main/DEBUG] [mixin/]: Processing prepare() for PlatformAgent[MixinPlatformAgentDefault:SecureJarResource(goblintraders)]
[20Dec2025 03:22:20.164] [main/DEBUG] [mixin/]: Registering mixin config: goblintraders.common.mixins.json
[20Dec2025 03:22:20.165] [main/DEBUG] [mixin/]: Adding mixin platform agents for container SecureJarResource(immersive_aircraft)
[20Dec2025 03:22:20.165] [main/DEBUG] [mixin/]: Instancing new MixinPlatformAgentMinecraftForge for SecureJarResource(immersive_aircraft)
[20Dec2025 03:22:20.165] [main/DEBUG] [mixin/]: MixinPlatformAgentMinecraftForge rejected container SecureJarResource(immersive_aircraft)
[20Dec2025 03:22:20.165] [main/DEBUG] [mixin/]: Instancing new MixinPlatformAgentDefault for SecureJarResource(immersive_aircraft)
[20Dec2025 03:22:20.165] [main/DEBUG] [mixin/]: MixinPlatformAgentDefault accepted container SecureJarResource(immersive_aircraft)
[20Dec2025 03:22:20.166] [main/DEBUG] [mixin/]: Processing prepare() for PlatformAgent[MixinPlatformAgentDefault:SecureJarResource(immersive_aircraft)]
[20Dec2025 03:22:20.166] [main/DEBUG] [mixin/]: Registering mixin config: immersive_aircraft.mixins.json
[20Dec2025 03:22:20.168] [main/DEBUG] [mixin/]: Adding mixin platform agents for container SecureJarResource(ribbits)
[20Dec2025 03:22:20.168] [main/DEBUG] [mixin/]: Instancing new MixinPlatformAgentMinecraftForge for SecureJarResource(ribbits)
[20Dec2025 03:22:20.168] [main/DEBUG] [mixin/]: MixinPlatformAgentMinecraftForge rejected container SecureJarResource(ribbits)
[20Dec2025 03:22:20.169] [main/DEBUG] [mixin/]: Instancing new MixinPlatformAgentDefault for SecureJarResource(ribbits)
[20Dec2025 03:22:20.169] [main/DEBUG] [mixin/]: MixinPlatformAgentDefault accepted container SecureJarResource(ribbits)
[20Dec2025 03:22:20.169] [main/DEBUG] [mixin/]: Processing prepare() for PlatformAgent[MixinPlatformAgentDefault:SecureJarResource(ribbits)]
[20Dec2025 03:22:20.169] [main/DEBUG] [mixin/]: Registering mixin config: ribbits.mixins.json
[20Dec2025 03:22:20.170] [main/DEBUG] [mixin/]: Registering mixin config: ribbits_forge.mixins.json
[20Dec2025 03:22:20.171] [main/DEBUG] [mixin/]: Adding mixin platform agents for container SecureJarResource(curios)
[20Dec2025 03:22:20.172] [main/DEBUG] [mixin/]: Instancing new MixinPlatformAgentMinecraftForge for SecureJarResource(curios)
[20Dec2025 03:22:20.172] [main/DEBUG] [mixin/]: MixinPlatformAgentMinecraftForge rejected container SecureJarResource(curios)
[20Dec2025 03:22:20.172] [main/DEBUG] [mixin/]: Instancing new MixinPlatformAgentDefault for SecureJarResource(curios)
[20Dec2025 03:22:20.172] [main/DEBUG] [mixin/]: MixinPlatformAgentDefault accepted container SecureJarResource(curios)
[20Dec2025 03:22:20.172] [main/DEBUG] [mixin/]: Processing prepare() for PlatformAgent[MixinPlatformAgentDefault:SecureJarResource(curios)]
[20Dec2025 03:22:20.172] [main/DEBUG] [mixin/]: Registering mixin config: curios.mixins.json
[20Dec2025 03:22:20.173] [main/DEBUG] [mixin/]: Adding mixin platform agents for container SecureJarResource(bettercaves)
[20Dec2025 03:22:20.173] [main/DEBUG] [mixin/]: Instancing new MixinPlatformAgentMinecraftForge for SecureJarResource(bettercaves)
[20Dec2025 03:22:20.173] [main/DEBUG] [mixin/]: MixinPlatformAgentMinecraftForge rejected container SecureJarResource(bettercaves)
[20Dec2025 03:22:20.173] [main/DEBUG] [mixin/]: Instancing new MixinPlatformAgentDefault for SecureJarResource(bettercaves)
[20Dec2025 03:22:20.173] [main/DEBUG] [mixin/]: MixinPlatformAgentDefault accepted container SecureJarResource(bettercaves)
[20Dec2025 03:22:20.173] [main/DEBUG] [mixin/]: Processing prepare() for PlatformAgent[MixinPlatformAgentDefault:SecureJarResource(bettercaves)]
[20Dec2025 03:22:20.173] [main/DEBUG] [mixin/]: Registering mixin config: bettercaves.mixins.json
[20Dec2025 03:22:20.174] [main/DEBUG] [mixin/]: Adding mixin platform agents for container SecureJarResource(underground_bunkers)
[20Dec2025 03:22:20.175] [main/DEBUG] [mixin/]: Instancing new MixinPlatformAgentMinecraftForge for SecureJarResource(underground_bunkers)
[20Dec2025 03:22:20.175] [main/DEBUG] [mixin/]: MixinPlatformAgentMinecraftForge rejected container SecureJarResource(underground_bunkers)
[20Dec2025 03:22:20.175] [main/DEBUG] [mixin/]: Instancing new MixinPlatformAgentDefault for SecureJarResource(underground_bunkers)
[20Dec2025 03:22:20.175] [main/DEBUG] [mixin/]: MixinPlatformAgentDefault accepted container SecureJarResource(underground_bunkers)
[20Dec2025 03:22:20.175] [main/DEBUG] [mixin/]: Processing prepare() for PlatformAgent[MixinPlatformAgentDefault:SecureJarResource(underground_bunkers)]
[20Dec2025 03:22:20.175] [main/DEBUG] [mixin/]: Adding mixin platform agents for container SecureJarResource(easy_emerald)
[20Dec2025 03:22:20.175] [main/DEBUG] [mixin/]: Instancing new MixinPlatformAgentMinecraftForge for SecureJarResource(easy_emerald)
[20Dec2025 03:22:20.175] [main/DEBUG] [mixin/]: MixinPlatformAgentMinecraftForge rejected container SecureJarResource(easy_emerald)
[20Dec2025 03:22:20.175] [main/DEBUG] [mixin/]: Instancing new MixinPlatformAgentDefault for SecureJarResource(easy_emerald)
[20Dec2025 03:22:20.175] [main/DEBUG] [mixin/]: MixinPlatformAgentDefault accepted container SecureJarResource(easy_emerald)
[20Dec2025 03:22:20.175] [main/DEBUG] [mixin/]: Processing prepare() for PlatformAgent[MixinPlatformAgentDefault:SecureJarResource(easy_emerald)]
[20Dec2025 03:22:20.175] [main/DEBUG] [mixin/]: Adding mixin platform agents for container SecureJarResource(waystones)
[20Dec2025 03:22:20.175] [main/DEBUG] [mixin/]: Instancing new MixinPlatformAgentMinecraftForge for SecureJarResource(waystones)
[20Dec2025 03:22:20.175] [main/DEBUG] [mixin/]: MixinPlatformAgentMinecraftForge rejected container SecureJarResource(waystones)
[20Dec2025 03:22:20.176] [main/DEBUG] [mixin/]: Instancing new MixinPlatformAgentDefault for SecureJarResource(waystones)
[20Dec2025 03:22:20.176] [main/DEBUG] [mixin/]: MixinPlatformAgentDefault accepted container SecureJarResource(waystones)
[20Dec2025 03:22:20.176] [main/DEBUG] [mixin/]: Processing prepare() for PlatformAgent[MixinPlatformAgentDefault:SecureJarResource(waystones)]
[20Dec2025 03:22:20.176] [main/DEBUG] [mixin/]: Registering mixin config: waystones.mixins.json
[20Dec2025 03:22:20.177] [main/DEBUG] [mixin/]: Adding mixin platform agents for container SecureJarResource(gravestone)
[20Dec2025 03:22:20.177] [main/DEBUG] [mixin/]: Instancing new MixinPlatformAgentMinecraftForge for SecureJarResource(gravestone)
[20Dec2025 03:22:20.177] [main/DEBUG] [mixin/]: MixinPlatformAgentMinecraftForge rejected container SecureJarResource(gravestone)
[20Dec2025 03:22:20.177] [main/DEBUG] [mixin/]: Instancing new MixinPlatformAgentDefault for SecureJarResource(gravestone)
[20Dec2025 03:22:20.177] [main/DEBUG] [mixin/]: MixinPlatformAgentDefault accepted container SecureJarResource(gravestone)
[20Dec2025 03:22:20.178] [main/DEBUG] [mixin/]: Processing prepare() for PlatformAgent[MixinPlatformAgentDefault:SecureJarResource(gravestone)]
[20Dec2025 03:22:20.178] [main/DEBUG] [mixin/]: Adding mixin platform agents for container SecureJarResource(citadel)
[20Dec2025 03:22:20.178] [main/DEBUG] [mixin/]: Instancing new MixinPlatformAgentMinecraftForge for SecureJarResource(citadel)
[20Dec2025 03:22:20.178] [main/DEBUG] [mixin/]: MixinPlatformAgentMinecraftForge rejected container SecureJarResource(citadel)
[20Dec2025 03:22:20.178] [main/DEBUG] [mixin/]: Instancing new MixinPlatformAgentDefault for SecureJarResource(citadel)
[20Dec2025 03:22:20.178] [main/DEBUG] [mixin/]: MixinPlatformAgentDefault accepted container SecureJarResource(citadel)
[20Dec2025 03:22:20.178] [main/DEBUG] [mixin/]: Processing prepare() for PlatformAgent[MixinPlatformAgentDefault:SecureJarResource(citadel)]
[20Dec2025 03:22:20.178] [main/DEBUG] [mixin/]: Registering mixin config: citadel.mixins.json
[20Dec2025 03:22:20.179] [main/DEBUG] [mixin/]: Adding mixin platform agents for container SecureJarResource(travelersbackpack)
[20Dec2025 03:22:20.180] [main/DEBUG] [mixin/]: Instancing new MixinPlatformAgentMinecraftForge for SecureJarResource(travelersbackpack)
[20Dec2025 03:22:20.180] [main/DEBUG] [mixin/]: MixinPlatformAgentMinecraftForge rejected container SecureJarResource(travelersbackpack)
[20Dec2025 03:22:20.180] [main/DEBUG] [mixin/]: Instancing new MixinPlatformAgentDefault for SecureJarResource(travelersbackpack)
[20Dec2025 03:22:20.180] [main/DEBUG] [mixin/]: MixinPlatformAgentDefault accepted container SecureJarResource(travelersbackpack)
[20Dec2025 03:22:20.180] [main/DEBUG] [mixin/]: Processing prepare() for PlatformAgent[MixinPlatformAgentDefault:SecureJarResource(travelersbackpack)]
[20Dec2025 03:22:20.180] [main/DEBUG] [mixin/]: Registering mixin config: mixins.travelersbackpack.json
[20Dec2025 03:22:20.181] [main/DEBUG] [mixin/]: Adding mixin platform agents for container SecureJarResource(zombieawareness)
[20Dec2025 03:22:20.181] [main/DEBUG] [mixin/]: Instancing new MixinPlatformAgentMinecraftForge for SecureJarResource(zombieawareness)
[20Dec2025 03:22:20.182] [main/DEBUG] [mixin/]: MixinPlatformAgentMinecraftForge rejected container SecureJarResource(zombieawareness)
[20Dec2025 03:22:20.182] [main/DEBUG] [mixin/]: Instancing new MixinPlatformAgentDefault for SecureJarResource(zombieawareness)
[20Dec2025 03:22:20.182] [main/DEBUG] [mixin/]: MixinPlatformAgentDefault accepted container SecureJarResource(zombieawareness)
[20Dec2025 03:22:20.182] [main/DEBUG] [mixin/]: Processing prepare() for PlatformAgent[MixinPlatformAgentDefault:SecureJarResource(zombieawareness)]
[20Dec2025 03:22:20.182] [main/DEBUG] [mixin/]: Registering mixin config: zombieawareness.mixins.json
[20Dec2025 03:22:20.183] [main/DEBUG] [mixin/]: Adding mixin platform agents for container SecureJarResource(yungsapi)
[20Dec2025 03:22:20.183] [main/DEBUG] [mixin/]: Instancing new MixinPlatformAgentMinecraftForge for SecureJarResource(yungsapi)
[20Dec2025 03:22:20.183] [main/DEBUG] [mixin/]: MixinPlatformAgentMinecraftForge rejected container SecureJarResource(yungsapi)
[20Dec2025 03:22:20.184] [main/DEBUG] [mixin/]: Instancing new MixinPlatformAgentDefault for SecureJarResource(yungsapi)
[20Dec2025 03:22:20.184] [main/DEBUG] [mixin/]: MixinPlatformAgentDefault accepted container SecureJarResource(yungsapi)
[20Dec2025 03:22:20.184] [main/DEBUG] [mixin/]: Processing prepare() for PlatformAgent[MixinPlatformAgentDefault:SecureJarResource(yungsapi)]
[20Dec2025 03:22:20.184] [main/DEBUG] [mixin/]: Registering mixin config: yungsapi.mixins.json
[20Dec2025 03:22:20.185] [main/DEBUG] [mixin/]: Registering mixin config: yungsapi_forge.mixins.json
[20Dec2025 03:22:20.186] [main/DEBUG] [mixin/]: Adding mixin platform agents for container SecureJarResource(mixinextras)
[20Dec2025 03:22:20.186] [main/DEBUG] [mixin/]: Instancing new MixinPlatformAgentMinecraftForge for SecureJarResource(mixinextras)
[20Dec2025 03:22:20.186] [main/DEBUG] [mixin/]: MixinPlatformAgentMinecraftForge rejected container SecureJarResource(mixinextras)
[20Dec2025 03:22:20.187] [main/DEBUG] [mixin/]: Instancing new MixinPlatformAgentDefault for SecureJarResource(mixinextras)
[20Dec2025 03:22:20.187] [main/DEBUG] [mixin/]: MixinPlatformAgentDefault accepted container SecureJarResource(mixinextras)
[20Dec2025 03:22:20.187] [main/DEBUG] [mixin/]: Processing prepare() for PlatformAgent[MixinPlatformAgentDefault:SecureJarResource(mixinextras)]
[20Dec2025 03:22:20.187] [main/DEBUG] [mixin/]: Registering mixin config: mixinextras.init.mixins.json
[20Dec2025 03:22:20.188] [main/DEBUG] [mixin/]: Adding mixin platform agents for container SecureJarResource(gobber2)
[20Dec2025 03:22:20.188] [main/DEBUG] [mixin/]: Instancing new MixinPlatformAgentMinecraftForge for SecureJarResource(gobber2)
[20Dec2025 03:22:20.188] [main/DEBUG] [mixin/]: MixinPlatformAgentMinecraftForge rejected container SecureJarResource(gobber2)
[20Dec2025 03:22:20.188] [main/DEBUG] [mixin/]: Instancing new MixinPlatformAgentDefault for SecureJarResource(gobber2)
[20Dec2025 03:22:20.188] [main/DEBUG] [mixin/]: MixinPlatformAgentDefault accepted container SecureJarResource(gobber2)
[20Dec2025 03:22:20.188] [main/DEBUG] [mixin/]: Processing prepare() for PlatformAgent[MixinPlatformAgentDefault:SecureJarResource(gobber2)]
[20Dec2025 03:22:20.188] [main/DEBUG] [mixin/]: Adding mixin platform agents for container SecureJarResource(dungeoncrawl)
[20Dec2025 03:22:20.189] [main/DEBUG] [mixin/]: Instancing new MixinPlatformAgentMinecraftForge for SecureJarResource(dungeoncrawl)
[20Dec2025 03:22:20.189] [main/DEBUG] [mixin/]: MixinPlatformAgentMinecraftForge rejected container SecureJarResource(dungeoncrawl)
[20Dec2025 03:22:20.189] [main/DEBUG] [mixin/]: Instancing new MixinPlatformAgentDefault for SecureJarResource(dungeoncrawl)
[20Dec2025 03:22:20.189] [main/DEBUG] [mixin/]: MixinPlatformAgentDefault accepted container SecureJarResource(dungeoncrawl)
[20Dec2025 03:22:20.189] [main/DEBUG] [mixin/]: Processing prepare() for PlatformAgent[MixinPlatformAgentDefault:SecureJarResource(dungeoncrawl)]
[20Dec2025 03:22:20.189] [main/DEBUG] [mixin/]: Adding mixin platform agents for container SecureJarResource(coroutil)
[20Dec2025 03:22:20.189] [main/DEBUG] [mixin/]: Instancing new MixinPlatformAgentMinecraftForge for SecureJarResource(coroutil)
[20Dec2025 03:22:20.189] [main/DEBUG] [mixin/]: MixinPlatformAgentMinecraftForge rejected container SecureJarResource(coroutil)
[20Dec2025 03:22:20.189] [main/DEBUG] [mixin/]: Instancing new MixinPlatformAgentDefault for SecureJarResource(coroutil)
[20Dec2025 03:22:20.189] [main/DEBUG] [mixin/]: MixinPlatformAgentDefault accepted container SecureJarResource(coroutil)
[20Dec2025 03:22:20.189] [main/DEBUG] [mixin/]: Processing prepare() for PlatformAgent[MixinPlatformAgentDefault:SecureJarResource(coroutil)]
[20Dec2025 03:22:20.189] [main/DEBUG] [mixin/]: Registering mixin config: coroutil.mixins.json
[20Dec2025 03:22:20.191] [main/DEBUG] [mixin/]: Adding mixin platform agents for container SecureJarResource(warfare_wings)
[20Dec2025 03:22:20.191] [main/DEBUG] [mixin/]: Instancing new MixinPlatformAgentMinecraftForge for SecureJarResource(warfare_wings)
[20Dec2025 03:22:20.191] [main/DEBUG] [mixin/]: MixinPlatformAgentMinecraftForge rejected container SecureJarResource(warfare_wings)
[20Dec2025 03:22:20.191] [main/DEBUG] [mixin/]: Instancing new MixinPlatformAgentDefault for SecureJarResource(warfare_wings)
[20Dec2025 03:22:20.191] [main/DEBUG] [mixin/]: MixinPlatformAgentDefault accepted container SecureJarResource(warfare_wings)
[20Dec2025 03:22:20.192] [main/DEBUG] [mixin/]: Processing prepare() for PlatformAgent[MixinPlatformAgentDefault:SecureJarResource(warfare_wings)]
[20Dec2025 03:22:20.192] [main/DEBUG] [mixin/]: Adding mixin platform agents for container SecureJarResource(aiimprovements)
[20Dec2025 03:22:20.192] [main/DEBUG] [mixin/]: Instancing new MixinPlatformAgentMinecraftForge for SecureJarResource(aiimprovements)
[20Dec2025 03:22:20.192] [main/DEBUG] [mixin/]: MixinPlatformAgentMinecraftForge rejected container SecureJarResource(aiimprovements)
[20Dec2025 03:22:20.192] [main/DEBUG] [mixin/]: Instancing new MixinPlatformAgentDefault for SecureJarResource(aiimprovements)
[20Dec2025 03:22:20.192] [main/DEBUG] [mixin/]: MixinPlatformAgentDefault accepted container SecureJarResource(aiimprovements)
[20Dec2025 03:22:20.192] [main/DEBUG] [mixin/]: Processing prepare() for PlatformAgent[MixinPlatformAgentDefault:SecureJarResource(aiimprovements)]
[20Dec2025 03:22:20.192] [main/DEBUG] [mixin/]: Adding mixin platform agents for container SecureJarResource(iceandfire)
[20Dec2025 03:22:20.192] [main/DEBUG] [mixin/]: Instancing new MixinPlatformAgentMinecraftForge for SecureJarResource(iceandfire)
[20Dec2025 03:22:20.193] [main/DEBUG] [mixin/]: MixinPlatformAgentMinecraftForge rejected container SecureJarResource(iceandfire)
[20Dec2025 03:22:20.193] [main/DEBUG] [mixin/]: Instancing new MixinPlatformAgentDefault for SecureJarResource(iceandfire)
[20Dec2025 03:22:20.193] [main/DEBUG] [mixin/]: MixinPlatformAgentDefault accepted container SecureJarResource(iceandfire)
[20Dec2025 03:22:20.193] [main/DEBUG] [mixin/]: Processing prepare() for PlatformAgent[MixinPlatformAgentDefault:SecureJarResource(iceandfire)]
[20Dec2025 03:22:20.194] [main/DEBUG] [mixin/]: Registering mixin config: iceandfire.mixins.json
[20Dec2025 03:22:20.195] [main/DEBUG] [mixin/]: Adding mixin platform agents for container SecureJarResource(balm)
[20Dec2025 03:22:20.195] [main/DEBUG] [mixin/]: Instancing new MixinPlatformAgentMinecraftForge for SecureJarResource(balm)
[20Dec2025 03:22:20.195] [main/DEBUG] [mixin/]: MixinPlatformAgentMinecraftForge rejected container SecureJarResource(balm)
[20Dec2025 03:22:20.195] [main/DEBUG] [mixin/]: Instancing new MixinPlatformAgentDefault for SecureJarResource(balm)
[20Dec2025 03:22:20.195] [main/DEBUG] [mixin/]: MixinPlatformAgentDefault accepted container SecureJarResource(balm)
[20Dec2025 03:22:20.195] [main/DEBUG] [mixin/]: Processing prepare() for PlatformAgent[MixinPlatformAgentDefault:SecureJarResource(balm)]
[20Dec2025 03:22:20.195] [main/DEBUG] [mixin/]: Registering mixin config: balm.mixins.json
[20Dec2025 03:22:20.197] [main/DEBUG] [mixin/]: Adding mixin platform agents for container SecureJarResource(puzzleslib)
[20Dec2025 03:22:20.197] [main/DEBUG] [mixin/]: Instancing new MixinPlatformAgentMinecraftForge for SecureJarResource(puzzleslib)
[20Dec2025 03:22:20.197] [main/DEBUG] [mixin/]: MixinPlatformAgentMinecraftForge rejected container SecureJarResource(puzzleslib)
[20Dec2025 03:22:20.197] [main/DEBUG] [mixin/]: Instancing new MixinPlatformAgentDefault for SecureJarResource(puzzleslib)
[20Dec2025 03:22:20.198] [main/DEBUG] [mixin/]: MixinPlatformAgentDefault accepted container SecureJarResource(puzzleslib)
[20Dec2025 03:22:20.198] [main/DEBUG] [mixin/]: Processing prepare() for PlatformAgent[MixinPlatformAgentDefault:SecureJarResource(puzzleslib)]
[20Dec2025 03:22:20.198] [main/DEBUG] [mixin/]: Registering mixin config: puzzleslib.common.mixins.json
[20Dec2025 03:22:20.199] [main/DEBUG] [mixin/]: Registering mixin config: puzzleslib.forge.mixins.json
[20Dec2025 03:22:20.200] [main/DEBUG] [mixin/]: Adding mixin platform agents for container SecureJarResource(framework)
[20Dec2025 03:22:20.200] [main/DEBUG] [mixin/]: Instancing new MixinPlatformAgentMinecraftForge for SecureJarResource(framework)
[20Dec2025 03:22:20.200] [main/DEBUG] [mixin/]: MixinPlatformAgentMinecraftForge rejected container SecureJarResource(framework)
[20Dec2025 03:22:20.200] [main/DEBUG] [mixin/]: Instancing new MixinPlatformAgentDefault for SecureJarResource(framework)
[20Dec2025 03:22:20.200] [main/DEBUG] [mixin/]: MixinPlatformAgentDefault accepted container SecureJarResource(framework)
[20Dec2025 03:22:20.200] [main/DEBUG] [mixin/]: Processing prepare() for PlatformAgent[MixinPlatformAgentDefault:SecureJarResource(framework)]
[20Dec2025 03:22:20.200] [main/DEBUG] [mixin/]: Adding mixin platform agents for container SecureJarResource(puzzlesaccessapi)
[20Dec2025 03:22:20.201] [main/DEBUG] [mixin/]: Instancing new MixinPlatformAgentMinecraftForge for SecureJarResource(puzzlesaccessapi)
[20Dec2025 03:22:20.201] [main/DEBUG] [mixin/]: MixinPlatformAgentMinecraftForge rejected container SecureJarResource(puzzlesaccessapi)
[20Dec2025 03:22:20.201] [main/DEBUG] [mixin/]: Instancing new MixinPlatformAgentDefault for SecureJarResource(puzzlesaccessapi)
[20Dec2025 03:22:20.201] [main/DEBUG] [mixin/]: MixinPlatformAgentDefault accepted container SecureJarResource(puzzlesaccessapi)
[20Dec2025 03:22:20.201] [main/DEBUG] [mixin/]: Processing prepare() for PlatformAgent[MixinPlatformAgentDefault:SecureJarResource(puzzlesaccessapi)]
[20Dec2025 03:22:20.201] [main/DEBUG] [mixin/]: Registering mixin config: puzzlesaccessapi.common.mixins.json
[20Dec2025 03:22:20.202] [main/DEBUG] [mixin/]: Registering mixin config: puzzlesaccessapi.forge.mixins.json
[20Dec2025 03:22:20.203] [main/DEBUG] [mixin/]: Adding mixin platform agents for container SecureJarResource(cloth_config)
[20Dec2025 03:22:20.203] [main/DEBUG] [mixin/]: Instancing new MixinPlatformAgentMinecraftForge for SecureJarResource(cloth_config)
[20Dec2025 03:22:20.203] [main/DEBUG] [mixin/]: MixinPlatformAgentMinecraftForge rejected container SecureJarResource(cloth_config)
[20Dec2025 03:22:20.203] [main/DEBUG] [mixin/]: Instancing new MixinPlatformAgentDefault for SecureJarResource(cloth_config)
[20Dec2025 03:22:20.203] [main/DEBUG] [mixin/]: MixinPlatformAgentDefault accepted container SecureJarResource(cloth_config)
[20Dec2025 03:22:20.203] [main/DEBUG] [mixin/]: Processing prepare() for PlatformAgent[MixinPlatformAgentDefault:SecureJarResource(cloth_config)]
[20Dec2025 03:22:20.203] [main/DEBUG] [mixin/]: Adding mixin platform agents for container SecureJarResource(forge)
[20Dec2025 03:22:20.203] [main/DEBUG] [mixin/]: Instancing new MixinPlatformAgentMinecraftForge for SecureJarResource(forge)
[20Dec2025 03:22:20.203] [main/DEBUG] [mixin/]: MixinPlatformAgentMinecraftForge rejected container SecureJarResource(forge)
[20Dec2025 03:22:20.203] [main/DEBUG] [mixin/]: Instancing new MixinPlatformAgentDefault for SecureJarResource(forge)
[20Dec2025 03:22:20.204] [main/DEBUG] [mixin/]: MixinPlatformAgentDefault accepted container SecureJarResource(forge)
[20Dec2025 03:22:20.204] [main/DEBUG] [mixin/]: Processing prepare() for PlatformAgent[MixinPlatformAgentDefault:SecureJarResource(forge)]
[20Dec2025 03:22:20.204] [main/DEBUG] [mixin/]: Adding mixin platform agents for container SecureJarResource(horde_hoard)
[20Dec2025 03:22:20.204] [main/DEBUG] [mixin/]: Instancing new MixinPlatformAgentMinecraftForge for SecureJarResource(horde_hoard)
[20Dec2025 03:22:20.204] [main/DEBUG] [mixin/]: MixinPlatformAgentMinecraftForge rejected container SecureJarResource(horde_hoard)
[20Dec2025 03:22:20.204] [main/DEBUG] [mixin/]: Instancing new MixinPlatformAgentDefault for SecureJarResource(horde_hoard)
[20Dec2025 03:22:20.204] [main/DEBUG] [mixin/]: MixinPlatformAgentDefault accepted container SecureJarResource(horde_hoard)
[20Dec2025 03:22:20.204] [main/DEBUG] [mixin/]: Processing prepare() for PlatformAgent[MixinPlatformAgentDefault:SecureJarResource(horde_hoard)]
[20Dec2025 03:22:20.204] [main/DEBUG] [mixin/]: Adding mixin platform agents for container SecureJarResource(mteg)
[20Dec2025 03:22:20.204] [main/DEBUG] [mixin/]: Instancing new MixinPlatformAgentMinecraftForge for SecureJarResource(mteg)
[20Dec2025 03:22:20.204] [main/DEBUG] [mixin/]: MixinPlatformAgentMinecraftForge rejected container SecureJarResource(mteg)
[20Dec2025 03:22:20.204] [main/DEBUG] [mixin/]: Instancing new MixinPlatformAgentDefault for SecureJarResource(mteg)
[20Dec2025 03:22:20.204] [main/DEBUG] [mixin/]: MixinPlatformAgentDefault accepted container SecureJarResource(mteg)
[20Dec2025 03:22:20.204] [main/DEBUG] [mixin/]: Processing prepare() for PlatformAgent[MixinPlatformAgentDefault:SecureJarResource(mteg)]
[20Dec2025 03:22:20.204] [main/DEBUG] [mixin/]: Adding mixin platform agents for container SecureJarResource(enchantinginfuser)
[20Dec2025 03:22:20.204] [main/DEBUG] [mixin/]: Instancing new MixinPlatformAgentMinecraftForge for SecureJarResource(enchantinginfuser)
[20Dec2025 03:22:20.204] [main/DEBUG] [mixin/]: MixinPlatformAgentMinecraftForge rejected container SecureJarResource(enchantinginfuser)
[20Dec2025 03:22:20.204] [main/DEBUG] [mixin/]: Instancing new MixinPlatformAgentDefault for SecureJarResource(enchantinginfuser)
[20Dec2025 03:22:20.204] [main/DEBUG] [mixin/]: MixinPlatformAgentDefault accepted container SecureJarResource(enchantinginfuser)
[20Dec2025 03:22:20.204] [main/DEBUG] [mixin/]: Processing prepare() for PlatformAgent[MixinPlatformAgentDefault:SecureJarResource(enchantinginfuser)]
[20Dec2025 03:22:20.204] [main/DEBUG] [mixin/]: Adding mixin platform agents for container SecureJarResource(skinrestorer)
[20Dec2025 03:22:20.205] [main/DEBUG] [mixin/]: Instancing new MixinPlatformAgentMinecraftForge for SecureJarResource(skinrestorer)
[20Dec2025 03:22:20.205] [main/DEBUG] [mixin/]: MixinPlatformAgentMinecraftForge rejected container SecureJarResource(skinrestorer)
[20Dec2025 03:22:20.205] [main/DEBUG] [mixin/]: Instancing new MixinPlatformAgentDefault for SecureJarResource(skinrestorer)
[20Dec2025 03:22:20.205] [main/DEBUG] [mixin/]: MixinPlatformAgentDefault accepted container SecureJarResource(skinrestorer)
[20Dec2025 03:22:20.205] [main/DEBUG] [mixin/]: Processing prepare() for PlatformAgent[MixinPlatformAgentDefault:SecureJarResource(skinrestorer)]
[20Dec2025 03:22:20.205] [main/DEBUG] [mixin/]: Registering mixin config: skinrestorer.mixins.json
[20Dec2025 03:22:20.206] [main/DEBUG] [mixin/]: Adding mixin platform agents for container SecureJarResource(mclib)
[20Dec2025 03:22:20.206] [main/DEBUG] [mixin/]: Instancing new MixinPlatformAgentMinecraftForge for SecureJarResource(mclib)
[20Dec2025 03:22:20.206] [main/DEBUG] [mixin/]: MixinPlatformAgentMinecraftForge rejected container SecureJarResource(mclib)
[20Dec2025 03:22:20.206] [main/DEBUG] [mixin/]: Instancing new MixinPlatformAgentDefault for SecureJarResource(mclib)
[20Dec2025 03:22:20.206] [main/DEBUG] [mixin/]: MixinPlatformAgentDefault accepted container SecureJarResource(mclib)
[20Dec2025 03:22:20.206] [main/DEBUG] [mixin/]: Processing prepare() for PlatformAgent[MixinPlatformAgentDefault:SecureJarResource(mclib)]
[20Dec2025 03:22:20.206] [main/DEBUG] [mixin/]: Adding mixin platform agents for container SecureJarResource(MathParser.org.mXparser)
[20Dec2025 03:22:20.206] [main/DEBUG] [mixin/]: Instancing new MixinPlatformAgentMinecraftForge for SecureJarResource(MathParser.org.mXparser)
[20Dec2025 03:22:20.206] [main/DEBUG] [mixin/]: MixinPlatformAgentMinecraftForge rejected container SecureJarResource(MathParser.org.mXparser)
[20Dec2025 03:22:20.206] [main/DEBUG] [mixin/]: Instancing new MixinPlatformAgentDefault for SecureJarResource(MathParser.org.mXparser)
[20Dec2025 03:22:20.206] [main/DEBUG] [mixin/]: MixinPlatformAgentDefault accepted container SecureJarResource(MathParser.org.mXparser)
[20Dec2025 03:22:20.206] [main/DEBUG] [mixin/]: Processing prepare() for PlatformAgent[MixinPlatformAgentDefault:SecureJarResource(MathParser.org.mXparser)]
[20Dec2025 03:22:20.206] [main/DEBUG] [mixin/]: Adding mixin platform agents for container SecureJarResource(java.client.SNAPSHOT)
[20Dec2025 03:22:20.207] [main/DEBUG] [mixin/]: Instancing new MixinPlatformAgentMinecraftForge for SecureJarResource(java.client.SNAPSHOT)
[20Dec2025 03:22:20.207] [main/DEBUG] [mixin/]: MixinPlatformAgentMinecraftForge rejected container SecureJarResource(java.client.SNAPSHOT)
[20Dec2025 03:22:20.207] [main/DEBUG] [mixin/]: Instancing new MixinPlatformAgentDefault for SecureJarResource(java.client.SNAPSHOT)
[20Dec2025 03:22:20.207] [main/DEBUG] [mixin/]: MixinPlatformAgentDefault accepted container SecureJarResource(java.client.SNAPSHOT)
[20Dec2025 03:22:20.207] [main/DEBUG] [mixin/]: Processing prepare() for PlatformAgent[MixinPlatformAgentDefault:SecureJarResource(java.client.SNAPSHOT)]
[20Dec2025 03:22:20.207] [main/DEBUG] [mixin/]: Adding mixin platform agents for container SecureJarResource(MixinExtras)
[20Dec2025 03:22:20.207] [main/DEBUG] [mixin/]: Instancing new MixinPlatformAgentMinecraftForge for SecureJarResource(MixinExtras)
[20Dec2025 03:22:20.207] [main/DEBUG] [mixin/]: MixinPlatformAgentMinecraftForge rejected container SecureJarResource(MixinExtras)
[20Dec2025 03:22:20.207] [main/DEBUG] [mixin/]: Instancing new MixinPlatformAgentDefault for SecureJarResource(MixinExtras)
[20Dec2025 03:22:20.207] [main/DEBUG] [mixin/]: MixinPlatformAgentDefault accepted container SecureJarResource(MixinExtras)
[20Dec2025 03:22:20.207] [main/DEBUG] [mixin/]: Processing prepare() for PlatformAgent[MixinPlatformAgentDefault:SecureJarResource(MixinExtras)]
[20Dec2025 03:22:20.207] [main/DEBUG] [mixin/]: inject() running with 48 agents
[20Dec2025 03:22:20.207] [main/DEBUG] [mixin/]: Processing inject() for PlatformAgent[MixinPlatformAgentDefault:ModLauncher Root Container(ModLauncher:4f56a0a2)]
[20Dec2025 03:22:20.207] [main/DEBUG] [mixin/]: Processing inject() for PlatformAgent[MixinPlatformAgentDefault:SecureJarResource(minecraft)]
[20Dec2025 03:22:20.208] [main/DEBUG] [mixin/]: Processing inject() for PlatformAgent[MixinPlatformAgentDefault:SecureJarResource(emi)]
[20Dec2025 03:22:20.208] [main/DEBUG] [mixin/]: Processing inject() for PlatformAgent[MixinPlatformAgentDefault:SecureJarResource(man_of_many_planes)]
[20Dec2025 03:22:20.208] [main/DEBUG] [mixin/]: Processing inject() for PlatformAgent[MixinPlatformAgentDefault:SecureJarResource(kuma_api)]
[20Dec2025 03:22:20.208] [main/DEBUG] [mixin/]: Processing inject() for PlatformAgent[MixinPlatformAgentDefault:SecureJarResource(block_factorys_bosses)]
[20Dec2025 03:22:20.208] [main/DEBUG] [mixin/]: Processing inject() for PlatformAgent[MixinPlatformAgentDefault:SecureJarResource(trashslot)]
[20Dec2025 03:22:20.208] [main/DEBUG] [mixin/]: Processing inject() for PlatformAgent[MixinPlatformAgentDefault:SecureJarResource(netherexp)]
[20Dec2025 03:22:20.208] [main/DEBUG] [mixin/]: Processing inject() for PlatformAgent[MixinPlatformAgentDefault:SecureJarResource(protectmobsfromdaylight)]
[20Dec2025 03:22:20.208] [main/DEBUG] [mixin/]: Processing inject() for PlatformAgent[MixinPlatformAgentDefault:SecureJarResource(jade)]
[20Dec2025 03:22:20.208] [main/DEBUG] [mixin/]: Processing inject() for PlatformAgent[MixinPlatformAgentDefault:SecureJarResource(geckolib)]
[20Dec2025 03:22:20.208] [main/DEBUG] [mixin/]: Processing inject() for PlatformAgent[MixinPlatformAgentDefault:SecureJarResource(elysium_api)]
[20Dec2025 03:22:20.208] [main/DEBUG] [mixin/]: Processing inject() for PlatformAgent[MixinPlatformAgentDefault:SecureJarResource(jei)]
[20Dec2025 03:22:20.208] [main/DEBUG] [mixin/]: Processing inject() for PlatformAgent[MixinPlatformAgentDefault:SecureJarResource(jeg)]
[20Dec2025 03:22:20.208] [main/DEBUG] [mixin/]: Processing inject() for PlatformAgent[MixinPlatformAgentDefault:SecureJarResource(goblintraders)]
[20Dec2025 03:22:20.208] [main/DEBUG] [mixin/]: Processing inject() for PlatformAgent[MixinPlatformAgentDefault:SecureJarResource(immersive_aircraft)]
[20Dec2025 03:22:20.208] [main/DEBUG] [mixin/]: Processing inject() for PlatformAgent[MixinPlatformAgentDefault:SecureJarResource(ribbits)]
[20Dec2025 03:22:20.209] [main/DEBUG] [mixin/]: Processing inject() for PlatformAgent[MixinPlatformAgentDefault:SecureJarResource(curios)]
[20Dec2025 03:22:20.209] [main/DEBUG] [mixin/]: Processing inject() for PlatformAgent[MixinPlatformAgentDefault:SecureJarResource(bettercaves)]
[20Dec2025 03:22:20.209] [main/DEBUG] [mixin/]: Processing inject() for PlatformAgent[MixinPlatformAgentDefault:SecureJarResource(underground_bunkers)]
[20Dec2025 03:22:20.209] [main/DEBUG] [mixin/]: Processing inject() for PlatformAgent[MixinPlatformAgentDefault:SecureJarResource(easy_emerald)]
[20Dec2025 03:22:20.209] [main/DEBUG] [mixin/]: Processing inject() for PlatformAgent[MixinPlatformAgentDefault:SecureJarResource(waystones)]
[20Dec2025 03:22:20.209] [main/DEBUG] [mixin/]: Processing inject() for PlatformAgent[MixinPlatformAgentDefault:SecureJarResource(gravestone)]
[20Dec2025 03:22:20.209] [main/DEBUG] [mixin/]: Processing inject() for PlatformAgent[MixinPlatformAgentDefault:SecureJarResource(citadel)]
[20Dec2025 03:22:20.210] [main/DEBUG] [mixin/]: Processing inject() for PlatformAgent[MixinPlatformAgentDefault:SecureJarResource(travelersbackpack)]
[20Dec2025 03:22:20.210] [main/DEBUG] [mixin/]: Processing inject() for PlatformAgent[MixinPlatformAgentDefault:SecureJarResource(zombieawareness)]
[20Dec2025 03:22:20.210] [main/DEBUG] [mixin/]: Processing inject() for PlatformAgent[MixinPlatformAgentDefault:SecureJarResource(yungsapi)]
[20Dec2025 03:22:20.210] [main/DEBUG] [mixin/]: Processing inject() for PlatformAgent[MixinPlatformAgentDefault:SecureJarResource(mixinextras)]
[20Dec2025 03:22:20.210] [main/DEBUG] [mixin/]: Processing inject() for PlatformAgent[MixinPlatformAgentDefault:SecureJarResource(gobber2)]
[20Dec2025 03:22:20.210] [main/DEBUG] [mixin/]: Processing inject() for PlatformAgent[MixinPlatformAgentDefault:SecureJarResource(dungeoncrawl)]
[20Dec2025 03:22:20.210] [main/DEBUG] [mixin/]: Processing inject() for PlatformAgent[MixinPlatformAgentDefault:SecureJarResource(coroutil)]
[20Dec2025 03:22:20.210] [main/DEBUG] [mixin/]: Processing inject() for PlatformAgent[MixinPlatformAgentDefault:SecureJarResource(warfare_wings)]
[20Dec2025 03:22:20.210] [main/DEBUG] [mixin/]: Processing inject() for PlatformAgent[MixinPlatformAgentDefault:SecureJarResource(aiimprovements)]
[20Dec2025 03:22:20.210] [main/DEBUG] [mixin/]: Processing inject() for PlatformAgent[MixinPlatformAgentDefault:SecureJarResource(iceandfire)]
[20Dec2025 03:22:20.210] [main/DEBUG] [mixin/]: Processing inject() for PlatformAgent[MixinPlatformAgentDefault:SecureJarResource(balm)]
[20Dec2025 03:22:20.210] [main/DEBUG] [mixin/]: Processing inject() for PlatformAgent[MixinPlatformAgentDefault:SecureJarResource(puzzleslib)]
[20Dec2025 03:22:20.210] [main/DEBUG] [mixin/]: Processing inject() for PlatformAgent[MixinPlatformAgentDefault:SecureJarResource(framework)]
[20Dec2025 03:22:20.210] [main/DEBUG] [mixin/]: Processing inject() for PlatformAgent[MixinPlatformAgentDefault:SecureJarResource(puzzlesaccessapi)]
[20Dec2025 03:22:20.211] [main/DEBUG] [mixin/]: Processing inject() for PlatformAgent[MixinPlatformAgentDefault:SecureJarResource(cloth_config)]
[20Dec2025 03:22:20.211] [main/DEBUG] [mixin/]: Processing inject() for PlatformAgent[MixinPlatformAgentDefault:SecureJarResource(forge)]
[20Dec2025 03:22:20.211] [main/DEBUG] [mixin/]: Processing inject() for PlatformAgent[MixinPlatformAgentDefault:SecureJarResource(horde_hoard)]
[20Dec2025 03:22:20.211] [main/DEBUG] [mixin/]: Processing inject() for PlatformAgent[MixinPlatformAgentDefault:SecureJarResource(mteg)]
[20Dec2025 03:22:20.211] [main/DEBUG] [mixin/]: Processing inject() for PlatformAgent[MixinPlatformAgentDefault:SecureJarResource(enchantinginfuser)]
[20Dec2025 03:22:20.211] [main/DEBUG] [mixin/]: Processing inject() for PlatformAgent[MixinPlatformAgentDefault:SecureJarResource(skinrestorer)]
[20Dec2025 03:22:20.211] [main/DEBUG] [mixin/]: Processing inject() for PlatformAgent[MixinPlatformAgentDefault:SecureJarResource(mclib)]
[20Dec2025 03:22:20.211] [main/DEBUG] [mixin/]: Processing inject() for PlatformAgent[MixinPlatformAgentDefault:SecureJarResource(MathParser.org.mXparser)]
[20Dec2025 03:22:20.211] [main/DEBUG] [mixin/]: Processing inject() for PlatformAgent[MixinPlatformAgentDefault:SecureJarResource(java.client.SNAPSHOT)]
[20Dec2025 03:22:20.211] [main/DEBUG] [mixin/]: Processing inject() for PlatformAgent[MixinPlatformAgentDefault:SecureJarResource(MixinExtras)]
[20Dec2025 03:22:20.211] [main/INFO] [cpw.mods.modlauncher.LaunchServiceHandler/MODLAUNCHER]: Launching target 'forgeserver' with arguments [nogui]
[20Dec2025 03:22:20.244] [main/DEBUG] [mixin/]: Error cleaning class output directory: .mixin.out
[20Dec2025 03:22:20.245] [main/DEBUG] [mixin/]: Preparing mixins for MixinEnvironment[DEFAULT]
[20Dec2025 03:22:20.245] [main/DEBUG] [mixin/]: Selecting config emi.mixins.json
[20Dec2025 03:22:20.259] [main/DEBUG] [mixin/]: Selecting config emi-forge.mixins.json
[20Dec2025 03:22:20.259] [main/DEBUG] [mixin/]: Selecting config kuma_api.mixins.json
[20Dec2025 03:22:20.261] [main/DEBUG] [mixin/]: Selecting config kuma_api.forge.mixins.json
[20Dec2025 03:22:20.261] [main/DEBUG] [mixin/]: Selecting config mixins.block_factorys_bosses.json
[20Dec2025 03:22:20.262] [main/WARN] [mixin/]: Reference map 'mixins.block_factorys_bosses.refmap.json' for mixins.block_factorys_bosses.json could not be read. If this is a development environment you can ignore this message
[20Dec2025 03:22:20.262] [main/DEBUG] [mixin/]: Selecting config trashslot.mixins.json
[20Dec2025 03:22:20.263] [main/WARN] [mixin/]: Reference map 'trashslot.refmap.json' for trashslot.mixins.json could not be read. If this is a development environment you can ignore this message
[20Dec2025 03:22:20.264] [main/DEBUG] [mixin/]: Selecting config mixins.netherexp.json
[20Dec2025 03:22:20.266] [main/DEBUG] [mixin/]: Selecting config forge.mixins.json
[20Dec2025 03:22:20.267] [main/DEBUG] [mixin/]: Selecting config jade.mixins.json
[20Dec2025 03:22:20.268] [main/DEBUG] [mixin/]: Selecting config geckolib.mixins.json
[20Dec2025 03:22:20.268] [main/DEBUG] [mixin/]: Selecting config mixins.elysium_api.json
[20Dec2025 03:22:20.269] [main/DEBUG] [mixin/]: Selecting config jeg.mixins.json
[20Dec2025 03:22:20.275] [main/DEBUG] [mixin/]: Selecting config goblintraders.common.mixins.json
[20Dec2025 03:22:20.276] [main/DEBUG] [mixin/]: Selecting config immersive_aircraft.mixins.json
[20Dec2025 03:22:20.277] [main/DEBUG] [mixin/]: Selecting config ribbits.mixins.json
[20Dec2025 03:22:20.278] [main/DEBUG] [mixin/]: Selecting config ribbits_forge.mixins.json
[20Dec2025 03:22:20.279] [main/DEBUG] [mixin/]: Selecting config curios.mixins.json
[20Dec2025 03:22:20.280] [main/DEBUG] [mixin/]: Selecting config bettercaves.mixins.json
[20Dec2025 03:22:20.281] [main/DEBUG] [mixin/]: Selecting config waystones.mixins.json
[20Dec2025 03:22:20.282] [main/DEBUG] [mixin/]: Selecting config citadel.mixins.json
[20Dec2025 03:22:20.283] [main/DEBUG] [mixin/]: Selecting config mixins.travelersbackpack.json
[20Dec2025 03:22:20.284] [main/DEBUG] [mixin/]: Selecting config zombieawareness.mixins.json
[20Dec2025 03:22:20.285] [main/DEBUG] [mixin/]: Selecting config yungsapi.mixins.json
[20Dec2025 03:22:20.287] [main/DEBUG] [mixin/]: Selecting config yungsapi_forge.mixins.json
[20Dec2025 03:22:20.288] [main/DEBUG] [mixin/]: Selecting config mixinextras.init.mixins.json
[20Dec2025 03:22:20.320] [main/DEBUG] [MixinExtras|Service/]: com.llamalad7.mixinextras.service.MixinExtrasServiceImpl(version=0.4.1) is taking over from null
[20Dec2025 03:22:20.349] [main/DEBUG] [mixin/]: Registering new injector for @Inject with org.spongepowered.asm.mixin.injection.struct.CallbackInjectionInfo
[20Dec2025 03:22:20.351] [main/DEBUG] [mixin/]: Registering new injector for @ModifyArg with org.spongepowered.asm.mixin.injection.struct.ModifyArgInjectionInfo
[20Dec2025 03:22:20.353] [main/DEBUG] [mixin/]: Registering new injector for @ModifyArgs with org.spongepowered.asm.mixin.injection.struct.ModifyArgsInjectionInfo
[20Dec2025 03:22:20.354] [main/DEBUG] [mixin/]: Registering new injector for @Redirect with org.spongepowered.asm.mixin.injection.struct.RedirectInjectionInfo
[20Dec2025 03:22:20.356] [main/DEBUG] [mixin/]: Registering new injector for @ModifyVariable with org.spongepowered.asm.mixin.injection.struct.ModifyVariableInjectionInfo
[20Dec2025 03:22:20.357] [main/DEBUG] [mixin/]: Registering new injector for @ModifyConstant with org.spongepowered.asm.mixin.injection.struct.ModifyConstantInjectionInfo
[20Dec2025 03:22:20.369] [main/DEBUG] [mixin/]: Selecting config coroutil.mixins.json
[20Dec2025 03:22:20.370] [main/WARN] [mixin/]: Reference map 'coroutil.refmap.json' for coroutil.mixins.json could not be read. If this is a development environment you can ignore this message
[20Dec2025 03:22:20.370] [main/DEBUG] [mixin/]: Selecting config iceandfire.mixins.json
[20Dec2025 03:22:20.371] [main/DEBUG] [mixin/]: Selecting config balm.mixins.json
[20Dec2025 03:22:20.372] [main/DEBUG] [mixin/]: Selecting config puzzleslib.common.mixins.json
[20Dec2025 03:22:20.395] [main/INFO] [Puzzles Lib/]: Loading 43 mods:
	- aiimprovements 0.5.2
	- balm 7.3.37
		\-- kuma_api 20.1.12
	- bettercaves 1.20.1-Forge-2.0.5
	- block_factorys_bosses 1.0.9.2.
	- citadel 2.6.2
	- cloth_config 11.1.136
	- coroutil 1.20.1-1.3.7
	- curios 5.14.1+1.20.1
	- dungeoncrawl 2.3.15
	- easy_emerald 1.5.8
	- elysium_api 1.1.3
	- emi 1.1.22+1.20.1+forge
	- enchantinginfuser 8.0.3
	- forge 47.3.7
	- framework 0.7.15
	- geckolib 4.8.2
	- gobber2 2.8.9
	- goblintraders 1.11.5
	- gravestone 1.20.1-1.0.35
	- horde_hoard 1.1.0
	- iceandfire 2.1.13-1.20.1
	- immersive_aircraft 1.4.0+1.20.1
	- jade 11.13.2+forge
	- jeg 0.13.2
	- jei 15.20.0.127
	- man_of_many_planes 0.2.0+1.20.1
	- minecraft 1.20.1
	- mteg 1.1.2
	- netherexp 2.3.5
	- protectmobsfromdaylight 1.0.1
	- puzzleslib 8.1.33
		|-- mixinextras 0.4.1
		\-- puzzlesaccessapi 20.1.1
	- ribbits 1.20.1-Forge-3.0.4
	- skinrestorer 2.4.3+1.20-forge
	- trashslot 15.1.2
	- travelersbackpack 9.1.46
	- underground_bunkers 1.0.5
	- warfare_wings 1.1.2
	- waystones 14.1.17
	- yungsapi 1.20-Forge-4.0.6
	- zombieawareness 1.20.1-1.13.1
[20Dec2025 03:22:20.397] [main/DEBUG] [mixin/]: Selecting config puzzleslib.forge.mixins.json
[20Dec2025 03:22:20.398] [main/DEBUG] [mixin/]: Selecting config puzzlesaccessapi.common.mixins.json
[20Dec2025 03:22:20.399] [main/WARN] [mixin/]: Reference map 'puzzlesaccessapi.common.refmap.json' for puzzlesaccessapi.common.mixins.json could not be read. If this is a development environment you can ignore this message
[20Dec2025 03:22:20.399] [main/DEBUG] [mixin/]: Selecting config puzzlesaccessapi.forge.mixins.json
[20Dec2025 03:22:20.400] [main/DEBUG] [mixin/]: Selecting config skinrestorer.mixins.json
[20Dec2025 03:22:20.401] [main/DEBUG] [mixin/]: Preparing emi.mixins.json (24)
[20Dec2025 03:22:20.401] [main/DEBUG] [mixin/]: Preparing emi-forge.mixins.json (0)
[20Dec2025 03:22:20.401] [main/DEBUG] [mixin/]: Preparing kuma_api.mixins.json (1)
[20Dec2025 03:22:20.401] [main/DEBUG] [mixin/]: Preparing kuma_api.forge.mixins.json (0)
[20Dec2025 03:22:20.401] [main/DEBUG] [mixin/]: Preparing mixins.block_factorys_bosses.json (0)
[20Dec2025 03:22:20.401] [main/DEBUG] [mixin/]: Preparing trashslot.mixins.json (0)
[20Dec2025 03:22:20.401] [main/DEBUG] [mixin/]: Preparing mixins.netherexp.json (34)
[20Dec2025 03:22:20.613] [main/DEBUG] [net.minecraftforge.coremod.transformer.CoreModBaseTransformer/COREMOD]: Transforming net/minecraft/world/entity/monster/Strider
[20Dec2025 03:22:20.835] [main/DEBUG] [net.minecraftforge.coremod.transformer.CoreModBaseTransformer/COREMOD]: Transforming net/minecraft/world/item/BucketItem
[20Dec2025 03:22:20.851] [main/DEBUG] [net.minecraftforge.coremod.transformer.CoreModBaseTransformer/COREMOD]: Transforming net/minecraft/world/item/ItemStack
[20Dec2025 03:22:20.881] [main/DEBUG] [mixin/]: Preparing forge.mixins.json (1)
[20Dec2025 03:22:20.881] [main/DEBUG] [mixin/]: Preparing jade.mixins.json (2)
[20Dec2025 03:22:20.882] [main/DEBUG] [mixin/]: Preparing geckolib.mixins.json (1)
[20Dec2025 03:22:20.882] [main/DEBUG] [mixin/]: Preparing mixins.elysium_api.json (11)
[20Dec2025 03:22:20.906] [main/DEBUG] [mixin/]: Preparing jeg.mixins.json (15)
[20Dec2025 03:22:20.915] [main/DEBUG] [mixin/]: Preparing goblintraders.common.mixins.json (5)
[20Dec2025 03:22:20.923] [main/DEBUG] [mixin/]: Preparing immersive_aircraft.mixins.json (15)
[20Dec2025 03:22:20.938] [main/DEBUG] [mixin/]: Preparing ribbits.mixins.json (12)
[20Dec2025 03:22:20.941] [main/DEBUG] [mixin/]: Preparing ribbits_forge.mixins.json (1)
[20Dec2025 03:22:20.942] [main/DEBUG] [mixin/]: Preparing curios.mixins.json (13)
[20Dec2025 03:22:20.983] [main/DEBUG] [mixin/]: Preparing bettercaves.mixins.json (9)
[20Dec2025 03:22:21.019] [main/DEBUG] [mixin/]: Preparing waystones.mixins.json (3)
[20Dec2025 03:22:21.025] [main/DEBUG] [mixin/]: Preparing citadel.mixins.json (16)
[20Dec2025 03:22:21.048] [main/DEBUG] [mixin/]: Preparing mixins.travelersbackpack.json (1)
[20Dec2025 03:22:21.049] [main/DEBUG] [mixin/]: Preparing zombieawareness.mixins.json (4)
[20Dec2025 03:22:21.052] [main/DEBUG] [mixin/]: Preparing yungsapi.mixins.json (11)
[20Dec2025 03:22:21.055] [main/DEBUG] [yungsapi/]: Loaded com.yungnickyoung.minecraft.yungsapi.services.ForgePlatformHelper@110b7837 for service interface com.yungnickyoung.minecraft.yungsapi.services.IPlatformHelper
[20Dec2025 03:22:21.057] [main/DEBUG] [yungsapi/]: Loaded com.yungnickyoung.minecraft.yungsapi.services.ForgeAutoRegisterHelper@79957f11 for service interface com.yungnickyoung.minecraft.yungsapi.services.IAutoRegisterHelper
[20Dec2025 03:22:21.058] [main/DEBUG] [yungsapi/]: Loaded com.yungnickyoung.minecraft.yungsapi.services.ForgeBlockEntityTypeHelper@7cf63b9a for service interface com.yungnickyoung.minecraft.yungsapi.services.IBlockEntityTypeHelper
[20Dec2025 03:22:21.059] [main/DEBUG] [yungsapi/]: Loaded com.yungnickyoung.minecraft.yungsapi.services.ForgeParticleTypeHelper@50b734c4 for service interface com.yungnickyoung.minecraft.yungsapi.services.IParticleTypeHelper
[20Dec2025 03:22:21.066] [main/DEBUG] [mixin/]: Preparing yungsapi_forge.mixins.json (1)
[20Dec2025 03:22:21.067] [main/DEBUG] [mixin/]: Preparing mixinextras.init.mixins.json (0)
[20Dec2025 03:22:21.067] [main/DEBUG] [mixin/]: Preparing coroutil.mixins.json (0)
[20Dec2025 03:22:21.067] [main/DEBUG] [mixin/]: Preparing iceandfire.mixins.json (2)
[20Dec2025 03:22:21.071] [main/DEBUG] [mixin/]: Preparing balm.mixins.json (16)
[20Dec2025 03:22:21.082] [main/DEBUG] [mixin/]: Preparing puzzleslib.common.mixins.json (7)
[20Dec2025 03:22:21.088] [main/DEBUG] [mixin/]: Preparing puzzleslib.forge.mixins.json (13)
[20Dec2025 03:22:21.102] [main/DEBUG] [mixin/]: Preparing puzzlesaccessapi.common.mixins.json (0)
[20Dec2025 03:22:21.103] [main/DEBUG] [mixin/]: Preparing puzzlesaccessapi.forge.mixins.json (0)
[20Dec2025 03:22:21.103] [main/DEBUG] [mixin/]: Preparing skinrestorer.mixins.json (6)
[20Dec2025 03:22:21.179] [main/DEBUG] [mixin/]: Prepared 134 mixins in 0.932 sec (7.0ms avg) (0ms load, 0ms transform, 0ms plugin)
[20Dec2025 03:22:21.192] [main/INFO] [MixinExtras|Service/]: Initializing MixinExtras via com.llamalad7.mixinextras.service.MixinExtrasServiceImpl(version=0.4.1).
[20Dec2025 03:22:21.194] [main/DEBUG] [mixin/]: Registering new injector for @SugarWrapper with com.llamalad7.mixinextras.sugar.impl.SugarWrapperInjectionInfo
[20Dec2025 03:22:21.194] [main/DEBUG] [mixin/]: Registering new injector for @FactoryRedirectWrapper with com.llamalad7.mixinextras.wrapper.factory.FactoryRedirectWrapperInjectionInfo
[20Dec2025 03:22:21.199] [main/DEBUG] [mixin/]: Mixing MinecraftServerMixin from citadel.mixins.json into net.minecraft.server.MinecraftServer
[20Dec2025 03:22:21.212] [main/DEBUG] [mixin/]: Mixing MinecraftServerMixin from balm.mixins.json into net.minecraft.server.MinecraftServer
[20Dec2025 03:22:21.213] [main/DEBUG] [mixin/]: Renaming synthetic method lambda$reloadResources$0(Ljava/lang/Void;)V to mdb1d0b6$lambda$reloadResources$0$0 in balm.mixins.json:MinecraftServerMixin
[20Dec2025 03:22:21.336] [main/DEBUG] [io.netty.util.internal.logging.InternalLoggerFactory/]: Using SLF4J as the default logging framework
[20Dec2025 03:22:21.338] [main/DEBUG] [io.netty.util.ResourceLeakDetector/]: -Dio.netty.leakDetection.level: simple
[20Dec2025 03:22:21.338] [main/DEBUG] [io.netty.util.ResourceLeakDetector/]: -Dio.netty.leakDetection.targetRecords: 4
[20Dec2025 03:22:21.576] [main/DEBUG] [oshi.util.FileUtil/]: No oshi.properties file found from ClassLoader cpw.mods.modlauncher.TransformingClassLoader@7b61bf11
[20Dec2025 03:22:21.577] [main/DEBUG] [oshi.util.FileUtil/]: No oshi.properties file found from ClassLoader jdk.internal.loader.ClassLoaders$AppClassLoader@4783da3f
[20Dec2025 03:22:21.630] [main/DEBUG] [oshi.util.FileUtil/]: Reading file /proc/self/auxv
[20Dec2025 03:22:21.631] [main/DEBUG] [oshi.util.FileUtil/]: Reading file /proc/self/auxv
[20Dec2025 03:22:21.636] [main/DEBUG] [oshi.util.FileUtil/]: Reading file /proc/stat
[20Dec2025 03:22:21.645] [main/DEBUG] [oshi.util.FileUtil/]: Reading file /sys/devices/system/cpu/cpu0/topology/core_id
[20Dec2025 03:22:21.645] [main/DEBUG] [oshi.util.FileUtil/]: Reading file /sys/devices/system/cpu/cpu0/topology/core_id
[20Dec2025 03:22:21.645] [main/DEBUG] [oshi.util.FileUtil/]: Reading file /sys/devices/system/cpu/cpu0/topology/physical_package_id
[20Dec2025 03:22:21.645] [main/DEBUG] [oshi.util.FileUtil/]: Reading file /sys/devices/system/cpu/cpu0/topology/physical_package_id
[20Dec2025 03:22:21.645] [main/DEBUG] [oshi.util.FileUtil/]: Reading file /sys/devices/system/cpu/cpu0/cpu_capacity
[20Dec2025 03:22:21.647] [main/DEBUG] [oshi.util.FileUtil/]: Reading file /sys/devices/system/cpu/cpu1/topology/core_id
[20Dec2025 03:22:21.647] [main/DEBUG] [oshi.util.FileUtil/]: Reading file /sys/devices/system/cpu/cpu1/topology/core_id
[20Dec2025 03:22:21.647] [main/DEBUG] [oshi.util.FileUtil/]: Reading file /sys/devices/system/cpu/cpu1/topology/physical_package_id
[20Dec2025 03:22:21.647] [main/DEBUG] [oshi.util.FileUtil/]: Reading file /sys/devices/system/cpu/cpu1/topology/physical_package_id
[20Dec2025 03:22:21.647] [main/DEBUG] [oshi.util.FileUtil/]: Reading file /sys/devices/system/cpu/cpu1/cpu_capacity
[20Dec2025 03:22:21.647] [main/DEBUG] [oshi.util.FileUtil/]: Reading file /sys/devices/system/cpu/cpu2/topology/core_id
[20Dec2025 03:22:21.647] [main/DEBUG] [oshi.util.FileUtil/]: Reading file /sys/devices/system/cpu/cpu2/topology/core_id
[20Dec2025 03:22:21.647] [main/DEBUG] [oshi.util.FileUtil/]: Reading file /sys/devices/system/cpu/cpu2/topology/physical_package_id
[20Dec2025 03:22:21.647] [main/DEBUG] [oshi.util.FileUtil/]: Reading file /sys/devices/system/cpu/cpu2/topology/physical_package_id
[20Dec2025 03:22:21.648] [main/DEBUG] [oshi.util.FileUtil/]: Reading file /sys/devices/system/cpu/cpu2/cpu_capacity
[20Dec2025 03:22:21.648] [main/DEBUG] [oshi.util.FileUtil/]: Reading file /sys/devices/system/cpu/cpu3/topology/core_id
[20Dec2025 03:22:21.648] [main/DEBUG] [oshi.util.FileUtil/]: Reading file /sys/devices/system/cpu/cpu3/topology/core_id
[20Dec2025 03:22:21.648] [main/DEBUG] [oshi.util.FileUtil/]: Reading file /sys/devices/system/cpu/cpu3/topology/physical_package_id
[20Dec2025 03:22:21.648] [main/DEBUG] [oshi.util.FileUtil/]: Reading file /sys/devices/system/cpu/cpu3/topology/physical_package_id
[20Dec2025 03:22:21.648] [main/DEBUG] [oshi.util.FileUtil/]: Reading file /sys/devices/system/cpu/cpu3/cpu_capacity
[20Dec2025 03:22:21.650] [main/DEBUG] [oshi.util.FileUtil/]: Reading file /proc/cpuinfo
[20Dec2025 03:22:21.658] [main/DEBUG] [oshi.util.FileUtil/]: Reading file /proc/self/auxv
[20Dec2025 03:22:21.660] [main/DEBUG] [oshi.util.FileUtil/]: No oshi.architecture.properties file found from ClassLoader cpw.mods.modlauncher.TransformingClassLoader@7b61bf11
[20Dec2025 03:22:21.661] [main/DEBUG] [oshi.util.FileUtil/]: No oshi.architecture.properties file found from ClassLoader jdk.internal.loader.ClassLoaders$AppClassLoader@4783da3f
[20Dec2025 03:22:21.675] [main/DEBUG] [oshi.util.FileUtil/]: Reading file /proc/meminfo
[20Dec2025 03:22:21.676] [main/DEBUG] [oshi.util.FileUtil/]: Reading file /proc/meminfo
[20Dec2025 03:22:21.772] [main/DEBUG] [mixin/]: Mixing accessor.ForgeRegistryForgeAccessor from puzzleslib.forge.mixins.json into net.minecraftforge.registries.ForgeRegistry
[20Dec2025 03:22:21.795] [main/DEBUG] [mixin/]: Mixing accessor.BlockAccessor from puzzleslib.common.mixins.json into net.minecraft.world.level.block.Block
[20Dec2025 03:22:21.796] [main/DEBUG] [mixin/]: Mixing block.BlockMixin from mixins.elysium_api.json into net.minecraft.world.level.block.Block
[20Dec2025 03:22:21.796] [main/DEBUG] [mixin/]: Renaming synthetic method lambda$elysium$soundTransformer$0(Lnet/minecraft/world/level/block/state/BlockState;Lnet/jadenxgamer/elysium_api/impl/sound_transformer/SoundTransformer;)Z to mdb1d0b6$lambda$elysium$soundTransformer$0$0 in mixins.elysium_api.json:block.BlockMixin
[20Dec2025 03:22:21.848] [main/DEBUG] [mixin/]: Mixing AccessorEntity from curios.mixins.json into net.minecraft.world.entity.Entity
[20Dec2025 03:22:21.850] [main/DEBUG] [mixin/]: Mixing EntityMixin from balm.mixins.json into net.minecraft.world.entity.Entity
[20Dec2025 03:22:21.900] [main/DEBUG] [mixin/]: Mixing entity.LivingEntityMixin from mixins.netherexp.json into net.minecraft.world.entity.LivingEntity
[20Dec2025 03:22:21.911] [main/DEBUG] [net.minecraftforge.coremod.transformer.CoreModBaseTransformer/COREMOD]: Transforming net/minecraft/world/entity/EntityType
[20Dec2025 03:22:22.070] [main/DEBUG] [mixin/]: Mixing entity.LivingEntityMixin from mixins.elysium_api.json into net.minecraft.world.entity.LivingEntity
[20Dec2025 03:22:22.076] [main/DEBUG] [mixin/]: Mixing common.LivingEntityMixin from jeg.mixins.json into net.minecraft.world.entity.LivingEntity
[20Dec2025 03:22:22.076] [main/DEBUG] [mixin/]: jeg.mixins.json:common.LivingEntityMixin: Class version 61 required is higher than the class version supported by the current version of Mixin (JAVA_8 supports class version 52)
[20Dec2025 03:22:22.076] [main/DEBUG] [mixin/]: Mixing MixinLivingEntity from curios.mixins.json into net.minecraft.world.entity.LivingEntity
[20Dec2025 03:22:22.079] [main/DEBUG] [mixin/]: Mixing LivingEntityMixin from citadel.mixins.json into net.minecraft.world.entity.LivingEntity
[20Dec2025 03:22:22.208] [main/DEBUG] [mixin/]: Mixing LevelMixin from citadel.mixins.json into net.minecraft.world.level.Level
[20Dec2025 03:22:22.245] [main/DEBUG] [mixin/]: Mixing ServerLevelMixin from bettercaves.mixins.json into net.minecraft.server.level.ServerLevel
[20Dec2025 03:22:22.247] [main/DEBUG] [mixin/]: Mixing aquiferfix.ServerLevelMixin from bettercaves.mixins.json into net.minecraft.server.level.ServerLevel
[20Dec2025 03:22:22.252] [main/DEBUG] [mixin/]: Mixing ServerLevelMixin from citadel.mixins.json into net.minecraft.server.level.ServerLevel
[20Dec2025 03:22:22.254] [main/DEBUG] [mixin/]: Mixing MixinPlaySound from zombieawareness.mixins.json into net.minecraft.server.level.ServerLevel
[20Dec2025 03:22:22.260] [main/DEBUG] [mixin/]: Mixing MixinLevelEvent from zombieawareness.mixins.json into net.minecraft.server.level.ServerLevel
[20Dec2025 03:22:22.299] [main/DEBUG] [mixin/]: Mixing entity.PlayerMixin from mixins.netherexp.json into net.minecraft.world.entity.player.Player
[20Dec2025 03:22:22.302] [main/DEBUG] [mixin/]: Mixing common.PlayerMixin from jeg.mixins.json into net.minecraft.world.entity.player.Player
[20Dec2025 03:22:22.302] [main/DEBUG] [mixin/]: jeg.mixins.json:common.PlayerMixin: Class version 61 required is higher than the class version supported by the current version of Mixin (JAVA_8 supports class version 52)
[20Dec2025 03:22:22.303] [main/DEBUG] [mixin/]: Mixing PlayerMixin from mixins.travelersbackpack.json into net.minecraft.world.entity.player.Player
[20Dec2025 03:22:22.315] [main/DEBUG] [mixin/]: Mixing PlayerEntityMixin from immersive_aircraft.mixins.json into net.minecraft.world.entity.player.Player
[20Dec2025 03:22:22.384] [main/DEBUG] [mixin/]: Mixing item.ItemMixin from mixins.netherexp.json into net.minecraft.world.item.Item
[20Dec2025 03:22:22.385] [main/DEBUG] [mixin/]: Mixing common.CookieItemMixin from jeg.mixins.json into net.minecraft.world.item.Item
[20Dec2025 03:22:22.385] [main/DEBUG] [mixin/]: jeg.mixins.json:common.CookieItemMixin: Class version 61 required is higher than the class version supported by the current version of Mixin (JAVA_8 supports class version 52)
[20Dec2025 03:22:22.449] [main/DEBUG] [net.minecraftforge.coremod.transformer.CoreModBaseTransformer/COREMOD]: Transforming net/minecraft/world/entity/EntityType
[20Dec2025 03:22:22.544] [main/DEBUG] [mixin/]: Mixing item.EnchantmentMixin from mixins.netherexp.json into net.minecraft.world.item.enchantment.Enchantment
[20Dec2025 03:22:22.546] [main/DEBUG] [mixin/]: Mixing EnchantmentMixin from goblintraders.common.mixins.json into net.minecraft.world.item.enchantment.Enchantment
[20Dec2025 03:22:22.567] [main/DEBUG] [mixin/]: Mixing entity.BlockEntityTypeMixin from mixins.netherexp.json into net.minecraft.world.level.block.entity.BlockEntityType
[20Dec2025 03:22:22.582] [main/DEBUG] [mixin/]: Mixing aquiferfix.ChunkStatusMixin from bettercaves.mixins.json into net.minecraft.world.level.chunk.ChunkStatus
[20Dec2025 03:22:22.582] [main/DEBUG] [mixin/]: Renaming synthetic method lambda$bettercaves$wrapAquiferContext$0(Lnet/minecraft/world/level/chunk/ChunkStatus$GenerationTask;Lnet/minecraft/world/level/chunk/ChunkStatus;Ljava/util/concurrent/Executor;Lnet/minecraft/server/level/ServerLevel;Lnet/minecraft/world/level/chunk/ChunkGenerator;Lnet/minecraft/world/level/levelgen/structure/templatesystem/StructureTemplateManager;Lnet/minecraft/server/level/ThreadedLevelLightEngine;Ljava/util/function/Function;Ljava/util/List;Lnet/minecraft/world/level/chunk/ChunkAccess;)Ljava/util/concurrent/CompletableFuture; to mdb1d0b6$lambda$bettercaves$wrapAquiferContext$0$0 in bettercaves.mixins.json:aquiferfix.ChunkStatusMixin
[20Dec2025 03:22:22.655] [main/DEBUG] [mixin/]: Mixing entity.DecoratedPotPatternsMixin from mixins.netherexp.json into net.minecraft.world.level.block.entity.DecoratedPotPatterns
[20Dec2025 03:22:22.690] [main/DEBUG] [mixin/]: Mixing accessor.FireBlockForgeAccessor from puzzleslib.forge.mixins.json into net.minecraft.world.level.block.FireBlock
[20Dec2025 03:22:22.694] [main/DEBUG] [mixin/]: Mixing block.BaseFireBlockMixin from mixins.netherexp.json into net.minecraft.world.level.block.BaseFireBlock
[20Dec2025 03:22:22.905] [main/DEBUG] [mixin/]: Mixing block.BlocksMixin from mixins.netherexp.json into net.minecraft.world.level.block.Blocks
[20Dec2025 03:22:22.981] [main/DEBUG] [net.minecraftforge.coremod.transformer.CoreModBaseTransformer/COREMOD]: Transforming net/minecraft/world/level/block/LiquidBlock
[20Dec2025 03:22:23.020] [main/DEBUG] [mixin/]: Mixing block.SoulFireBlockMixin from mixins.elysium_api.json into net.minecraft.world.level.block.SoulFireBlock
[20Dec2025 03:22:23.038] [main/DEBUG] [net.minecraftforge.coremod.transformer.CoreModBaseTransformer/COREMOD]: Transforming net/minecraft/world/level/block/StairBlock
[20Dec2025 03:22:23.054] [main/DEBUG] [mixin/]: Mixing CropBlockMixin from balm.mixins.json into net.minecraft.world.level.block.CropBlock
[20Dec2025 03:22:23.071] [main/DEBUG] [mixin/]: Mixing accessor.DoorBlockAccessor from ribbits.mixins.json into net.minecraft.world.level.block.DoorBlock
[20Dec2025 03:22:23.071] [main/DEBUG] [mixin/]: Renaming @Invoker method createDoorBlock(Lnet/minecraft/world/level/block/state/BlockBehaviour$Properties;Lnet/minecraft/world/level/block/state/properties/BlockSetType;)Lnet/minecraft/world/level/block/DoorBlock; to createDoorBlock_$md$b1d0b6$0 in ribbits.mixins.json:accessor.DoorBlockAccessor
[20Dec2025 03:22:23.123] [main/DEBUG] [mixin/]: Mixing block.StemBlockMixin from mixins.netherexp.json into net.minecraft.world.level.block.StemBlock
[20Dec2025 03:22:23.135] [main/DEBUG] [mixin/]: Mixing StemBlockMixin from balm.mixins.json into net.minecraft.world.level.block.StemBlock
[20Dec2025 03:22:23.161] [main/DEBUG] [mixin/]: Mixing block.NetherWartBlockMixin from mixins.elysium_api.json into net.minecraft.world.level.block.NetherWartBlock
[20Dec2025 03:22:23.173] [main/DEBUG] [mixin/]: Mixing common.EndPortalBlockMixin from jeg.mixins.json into net.minecraft.world.level.block.EndPortalBlock
[20Dec2025 03:22:23.174] [main/DEBUG] [mixin/]: jeg.mixins.json:common.EndPortalBlockMixin: Class version 61 required is higher than the class version supported by the current version of Mixin (JAVA_8 supports class version 52)
[20Dec2025 03:22:23.201] [main/DEBUG] [net.minecraftforge.coremod.transformer.CoreModBaseTransformer/COREMOD]: Transforming net/minecraft/world/level/block/FlowerPotBlock
[20Dec2025 03:22:23.263] [main/DEBUG] [mixin/]: Mixing block.TorchflowerCropBlockMixin from mixins.netherexp.json into net.minecraft.world.level.block.TorchflowerCropBlock
[20Dec2025 03:22:23.310] [main/DEBUG] [mixin/]: Mixing block.RootsBlockMixin from mixins.elysium_api.json into net.minecraft.world.level.block.RootsBlock
[20Dec2025 03:22:23.314] [main/DEBUG] [mixin/]: Mixing block.NetherSproutsBlockMixin from mixins.elysium_api.json into net.minecraft.world.level.block.NetherSproutsBlock
[20Dec2025 03:22:23.317] [main/DEBUG] [mixin/]: Mixing block.WeepingVinesMixin from mixins.netherexp.json into net.minecraft.world.level.block.WeepingVinesBlock
[20Dec2025 03:22:23.319] [main/DEBUG] [mixin/]: Renaming synthetic method lambda$use$0(Lnet/minecraft/world/InteractionHand;Lnet/minecraft/world/entity/player/Player;)V to mdb1d0b6$lambda$use$0$0 in mixins.netherexp.json:block.WeepingVinesMixin
[20Dec2025 03:22:23.382] [main/DEBUG] [mixin/]: Mixing block.TwistingVinesMixin from mixins.netherexp.json into net.minecraft.world.level.block.TwistingVinesBlock
[20Dec2025 03:22:23.383] [main/DEBUG] [mixin/]: Renaming synthetic method lambda$use$0(Lnet/minecraft/world/InteractionHand;Lnet/minecraft/world/entity/player/Player;)V to mdb1d0b6$lambda$use$0$0 in mixins.netherexp.json:block.TwistingVinesMixin
[20Dec2025 03:22:23.452] [main/DEBUG] [mixin/]: Mixing MixinPowderSnowBlock from curios.mixins.json into net.minecraft.world.level.block.PowderSnowBlock
[20Dec2025 03:22:24.214] [main/DEBUG] [mixin/]: Mixing accessor.AbstractContainerMenuAccessor from puzzleslib.common.mixins.json into net.minecraft.world.inventory.AbstractContainerMenu
[20Dec2025 03:22:24.334] [main/DEBUG] [mixin/]: Mixing entity.AbstractArrowMixin from mixins.netherexp.json into net.minecraft.world.entity.projectile.AbstractArrow
[20Dec2025 03:22:24.357] [main/DEBUG] [mixin/]: Mixing entity.ProjectileMixin from mixins.netherexp.json into net.minecraft.world.entity.projectile.Projectile
[20Dec2025 03:22:24.357] [main/DEBUG] [mixin/]: Renaming synthetic method lambda$netherexp$entityCollisionCheck$0(Lnet/minecraft/world/entity/LivingEntity;)V to mdb1d0b6$lambda$netherexp$entityCollisionCheck$0$0 in mixins.netherexp.json:entity.ProjectileMixin
[20Dec2025 03:22:24.408] [main/DEBUG] [mixin/]: Mixing entity.MobMixin from mixins.netherexp.json into net.minecraft.world.entity.Mob
[20Dec2025 03:22:24.415] [main/DEBUG] [mixin/]: Mixing MobMixin from forge.mixins.json into net.minecraft.world.entity.Mob
[20Dec2025 03:22:24.416] [main/DEBUG] [mixin/]: Mixing MobMixinForge from ribbits_forge.mixins.json into net.minecraft.world.entity.Mob
[20Dec2025 03:22:24.563] [main/DEBUG] [mixin/]: Mixing brewing.BrewingStandBlockEntityMixin from mixins.netherexp.json into net.minecraft.world.level.block.entity.BrewingStandBlockEntity
[20Dec2025 03:22:24.580] [main/DEBUG] [net.minecraftforge.coremod.transformer.CoreModBaseTransformer/COREMOD]: Transforming net/minecraft/world/item/ItemStack
[20Dec2025 03:22:24.581] [main/DEBUG] [mixin/]: Mixing item.ItemStackMixin from mixins.netherexp.json into net.minecraft.world.item.ItemStack
[20Dec2025 03:22:24.774] [main/DEBUG] [mixin/]: Mixing SkullBlockEntityMixin from skinrestorer.mixins.json into net.minecraft.world.level.block.entity.SkullBlockEntity
[20Dec2025 03:22:24.811] [main/DEBUG] [mixin/]: Mixing RepairContainerMixin from goblintraders.common.mixins.json into net.minecraft.world.inventory.AnvilMenu
[20Dec2025 03:22:25.229] [main/DEBUG] [mixin/]: Mixing SmithingMenuMixin from citadel.mixins.json into net.minecraft.world.inventory.SmithingMenu
[20Dec2025 03:22:25.423] [main/DEBUG] [net.minecraftforge.coremod.transformer.CoreModBaseTransformer/COREMOD]: Transforming net/minecraft/world/entity/animal/frog/Tadpole
[20Dec2025 03:22:25.457] [main/DEBUG] [mixin/]: Mixing item.BlockItemMixin from mixins.netherexp.json into net.minecraft.world.item.BlockItem
[20Dec2025 03:22:25.460] [main/DEBUG] [mixin/]: Mixing accessor.BlockItemAccessor from puzzleslib.common.mixins.json into net.minecraft.world.item.BlockItem
[20Dec2025 03:22:25.470] [main/DEBUG] [mixin/]: Mixing item.BowItemMixin from mixins.netherexp.json into net.minecraft.world.item.BowItem
[20Dec2025 03:22:25.484] [main/DEBUG] [net.minecraftforge.coremod.transformer.CoreModBaseTransformer/COREMOD]: Transforming net/minecraft/world/item/BucketItem
[20Dec2025 03:22:25.484] [main/DEBUG] [mixin/]: Mixing item.BucketItemMixin from mixins.netherexp.json into net.minecraft.world.item.BucketItem
[20Dec2025 03:22:25.494] [main/DEBUG] [mixin/]: Mixing MixinShearsItem from curios.mixins.json into net.minecraft.world.item.ShearsItem
[20Dec2025 03:22:25.498] [main/DEBUG] [mixin/]: Mixing SpawnEggItemMixin from goblintraders.common.mixins.json into net.minecraft.world.item.SpawnEggItem
[20Dec2025 03:22:25.498] [main/DEBUG] [mixin/]: Renaming @Accessor method goblinTradersGetEggMap()Ljava/util/Map; to goblinTradersGetEggMap_$md$b1d0b6$0 in goblintraders.common.mixins.json:SpawnEggItemMixin
[20Dec2025 03:22:25.505] [main/DEBUG] [mixin/]: Mixing common.LeadItemMixin from jeg.mixins.json into net.minecraft.world.item.LeadItem
[20Dec2025 03:22:25.505] [main/DEBUG] [mixin/]: jeg.mixins.json:common.LeadItemMixin: Class version 61 required is higher than the class version supported by the current version of Mixin (JAVA_8 supports class version 52)
[20Dec2025 03:22:25.516] [main/DEBUG] [mixin/]: Mixing item.CrossbowItemMixin from mixins.netherexp.json into net.minecraft.world.item.CrossbowItem
[20Dec2025 03:22:25.516] [main/DEBUG] [mixin/]: Renaming synthetic method lambda$netherexp$crossbowProjectiles$0(Lnet/minecraft/world/item/ItemStack;)Z to mdb1d0b6$lambda$netherexp$crossbowProjectiles$0$0 in mixins.netherexp.json:item.CrossbowItemMixin
[20Dec2025 03:22:25.593] [main/DEBUG] [mixin/]: Mixing MixinRecomputePath from zombieawareness.mixins.json into net.minecraft.world.entity.ai.navigation.PathNavigation
[20Dec2025 03:22:26.166] [main/DEBUG] [mixin/]: Mixing entity.NearestAttackableTargetGoalMixin from mixins.netherexp.json into net.minecraft.world.entity.ai.goal.target.NearestAttackableTargetGoal
[20Dec2025 03:22:26.175] [main/DEBUG] [mixin/]: Mixing MixinPreventWandering from zombieawareness.mixins.json into net.minecraft.world.entity.ai.goal.RandomStrollGoal
[20Dec2025 03:22:26.202] [main/DEBUG] [net.minecraftforge.coremod.transformer.CoreModBaseTransformer/COREMOD]: Transforming net/minecraft/world/entity/monster/Spider
[20Dec2025 03:22:26.222] [main/DEBUG] [mixin/]: Mixing common.AbstractSkeletonMixin from jeg.mixins.json into net.minecraft.world.entity.monster.AbstractSkeleton
[20Dec2025 03:22:26.222] [main/DEBUG] [mixin/]: jeg.mixins.json:common.AbstractSkeletonMixin: Class version 61 required is higher than the class version supported by the current version of Mixin (JAVA_8 supports class version 52)
[20Dec2025 03:22:26.250] [main/DEBUG] [mixin/]: Mixing entity.AbstractHurtingProjectileMixin from mixins.netherexp.json into net.minecraft.world.entity.projectile.AbstractHurtingProjectile
[20Dec2025 03:22:26.261] [main/DEBUG] [net.minecraftforge.coremod.transformer.CoreModBaseTransformer/COREMOD]: Transforming net/minecraft/world/entity/monster/Zombie
[20Dec2025 03:22:26.298] [main/DEBUG] [net.minecraftforge.coremod.transformer.CoreModBaseTransformer/COREMOD]: Transforming net/minecraft/world/entity/monster/ZombieVillager
[20Dec2025 03:22:26.345] [main/DEBUG] [net.minecraftforge.coremod.transformer.CoreModBaseTransformer/COREMOD]: Transforming net/minecraft/world/entity/monster/Evoker$EvokerSummonSpellGoal
[20Dec2025 03:22:26.449] [main/DEBUG] [net.minecraftforge.coremod.transformer.CoreModBaseTransformer/COREMOD]: Transforming net/minecraft/world/entity/animal/horse/SkeletonTrapGoal
[20Dec2025 03:22:26.463] [main/DEBUG] [net.minecraftforge.coremod.transformer.CoreModBaseTransformer/COREMOD]: Transforming net/minecraft/world/entity/monster/Strider
[20Dec2025 03:22:26.501] [main/DEBUG] [mixin/]: Mixing entity.StriderMixin from mixins.netherexp.json into net.minecraft.world.entity.monster.Strider
[20Dec2025 03:22:26.546] [main/DEBUG] [mixin/]: Mixing ServerPlayerEntityMixin from immersive_aircraft.mixins.json into net.minecraft.server.level.ServerPlayer
[20Dec2025 03:22:26.546] [main/DEBUG] [mixin/]: Mixing ServerPlayerEntityTickMixin from yungsapi.mixins.json into net.minecraft.server.level.ServerPlayer
[20Dec2025 03:22:26.647] [main/DEBUG] [net.minecraftforge.coremod.transformer.CoreModBaseTransformer/COREMOD]: Transforming net/minecraft/world/entity/npc/Villager
[20Dec2025 03:22:26.740] [main/DEBUG] [mixin/]: Mixing MerchantMenuMixin from goblintraders.common.mixins.json into net.minecraft.world.inventory.MerchantMenu
[20Dec2025 03:22:26.740] [main/DEBUG] [mixin/]: Renaming synthetic method lambda$goblinTraders$isMatching$0(Ljava/util/Map;Ljava/util/Map$Entry;)Z to mdb1d0b6$lambda$goblinTraders$isMatching$0$0 in goblintraders.common.mixins.json:MerchantMenuMixin
[20Dec2025 03:22:26.797] [main/DEBUG] [net.minecraftforge.coremod.transformer.CoreModBaseTransformer/COREMOD]: Transforming net/minecraft/world/effect/MobEffectInstance
[20Dec2025 03:22:26.849] [main/DEBUG] [mixin/]: Mixing brewing.PotionBrewingAccessor from mixins.netherexp.json into net.minecraft.world.item.alchemy.PotionBrewing
[20Dec2025 03:22:26.849] [main/DEBUG] [mixin/]: Renaming @Invoker method netherexp$addMix(Lnet/minecraft/world/item/alchemy/Potion;Lnet/minecraft/world/item/Item;Lnet/minecraft/world/item/alchemy/Potion;)V to netherexp$addMix_$md$b1d0b6$0 in mixins.netherexp.json:brewing.PotionBrewingAccessor
[20Dec2025 03:22:26.850] [main/DEBUG] [mixin/]: Mixing brewing.PotionBrewingMixin from mixins.netherexp.json into net.minecraft.world.item.alchemy.PotionBrewing
[20Dec2025 03:22:26.851] [main/DEBUG] [mixin/]: Mixing accessor.PotionBrewingAccessor from yungsapi.mixins.json into net.minecraft.world.item.alchemy.PotionBrewing
[20Dec2025 03:22:26.851] [main/DEBUG] [mixin/]: Renaming @Invoker method callAddMix(Lnet/minecraft/world/item/alchemy/Potion;Lnet/minecraft/world/item/Item;Lnet/minecraft/world/item/alchemy/Potion;)V to callAddMix_$md$b1d0b6$1 in yungsapi.mixins.json:accessor.PotionBrewingAccessor
[20Dec2025 03:22:26.851] [main/DEBUG] [mixin/]: Mixing accessor.PotionBrewingForgeAccessor from puzzleslib.forge.mixins.json into net.minecraft.world.item.alchemy.PotionBrewing
[20Dec2025 03:22:26.851] [main/DEBUG] [mixin/]: Renaming @Accessor method puzzleslib$getPotionMixes()Ljava/util/List; to puzzleslib$getPotionMixes_$md$b1d0b6$2 in puzzleslib.forge.mixins.json:accessor.PotionBrewingForgeAccessor
[20Dec2025 03:22:26.851] [main/DEBUG] [mixin/]: Renaming @Accessor method puzzleslib$getContainerMixes()Ljava/util/List; to puzzleslib$getContainerMixes_$md$b1d0b6$3 in puzzleslib.forge.mixins.json:accessor.PotionBrewingForgeAccessor
[20Dec2025 03:22:26.852] [main/DEBUG] [mixin/]: Renaming @Accessor method puzzleslib$getAllowedContainers()Ljava/util/List; to puzzleslib$getAllowedContainers_$md$b1d0b6$4 in puzzleslib.forge.mixins.json:accessor.PotionBrewingForgeAccessor
[20Dec2025 03:22:26.936] [main/DEBUG] [mixin/]: Mixing aquiferfix.ChunkGeneratorMixin from bettercaves.mixins.json into net.minecraft.world.level.chunk.ChunkGenerator
[20Dec2025 03:22:26.937] [main/DEBUG] [mixin/]: Mixing ChunkGeneratorMixin from citadel.mixins.json into net.minecraft.world.level.chunk.ChunkGenerator
[20Dec2025 03:22:26.938] [main/DEBUG] [net.minecraftforge.coremod.transformer.CoreModBaseTransformer/COREMOD]: Transforming net/minecraft/world/level/biome/Biome
[20Dec2025 03:22:26.951] [main/DEBUG] [bettercaves/]: WRAPPED GENERATION TASK FOR CHUNK STATUS
[20Dec2025 03:22:26.952] [main/DEBUG] [bettercaves/]: WRAPPED GENERATION TASK FOR CHUNK STATUS
[20Dec2025 03:22:26.952] [main/DEBUG] [bettercaves/]: WRAPPED GENERATION TASK FOR CHUNK STATUS
[20Dec2025 03:22:26.952] [main/DEBUG] [bettercaves/]: WRAPPED GENERATION TASK FOR CHUNK STATUS
[20Dec2025 03:22:26.952] [main/DEBUG] [bettercaves/]: WRAPPED GENERATION TASK FOR CHUNK STATUS
[20Dec2025 03:22:26.952] [main/DEBUG] [bettercaves/]: WRAPPED GENERATION TASK FOR CHUNK STATUS
[20Dec2025 03:22:26.953] [main/DEBUG] [bettercaves/]: WRAPPED GENERATION TASK FOR CHUNK STATUS
[20Dec2025 03:22:26.953] [main/DEBUG] [bettercaves/]: WRAPPED GENERATION TASK FOR CHUNK STATUS
[20Dec2025 03:22:26.953] [main/DEBUG] [bettercaves/]: WRAPPED GENERATION TASK FOR CHUNK STATUS
[20Dec2025 03:22:26.954] [main/DEBUG] [bettercaves/]: WRAPPED GENERATION TASK FOR CHUNK STATUS
[20Dec2025 03:22:26.954] [main/DEBUG] [bettercaves/]: WRAPPED GENERATION TASK FOR CHUNK STATUS
[20Dec2025 03:22:26.954] [main/DEBUG] [bettercaves/]: WRAPPED GENERATION TASK FOR CHUNK STATUS
[20Dec2025 03:22:26.970] [main/DEBUG] [mixin/]: Mixing MixinInventory from curios.mixins.json into net.minecraft.world.entity.player.Inventory
[20Dec2025 03:22:26.975] [main/DEBUG] [mixin/]: Mixing accessor.SimpleContainerAccessor from puzzleslib.common.mixins.json into net.minecraft.world.SimpleContainer
[20Dec2025 03:22:26.977] [main/DEBUG] [mixin/]: Mixing SlotAccessor from balm.mixins.json into net.minecraft.world.inventory.Slot
[20Dec2025 03:22:26.981] [main/DEBUG] [mixin/]: Mixing brewing.PotionSlotMixin from mixins.netherexp.json into net.minecraft.world.inventory.BrewingStandMenu$PotionSlot
[20Dec2025 03:22:26.987] [main/DEBUG] [mixin/]: Mixing MerchantResultSlotMixin from goblintraders.common.mixins.json into net.minecraft.world.inventory.MerchantResultSlot
[20Dec2025 03:22:27.077] [main/DEBUG] [mixin/]: Mixing MixinApplyBonusCount from curios.mixins.json into net.minecraft.world.level.storage.loot.functions.ApplyBonusCount
[20Dec2025 03:22:27.169] [main/DEBUG] [mixin/]: Mixing gen.NoLakesInStructuresMixin from iceandfire.mixins.json into net.minecraft.world.level.levelgen.feature.LakeFeature
[20Dec2025 03:22:27.183] [main/DEBUG] [mixin/]: Mixing worldgen.BasaltColumnsFeatureMixin from mixins.netherexp.json into net.minecraft.world.level.levelgen.feature.BasaltColumnsFeature
[20Dec2025 03:22:27.186] [main/DEBUG] [mixin/]: Mixing worldgen.DeltaFeatureMixin from mixins.netherexp.json into net.minecraft.world.level.levelgen.feature.DeltaFeature
[20Dec2025 03:22:27.339] [main/DEBUG] [net.minecraftforge.coremod.transformer.CoreModBaseTransformer/COREMOD]: Transforming net/minecraft/world/level/levelgen/structure/Structure
[20Dec2025 03:22:27.372] [main/DEBUG] [net.minecraftforge.coremod.transformer.CoreModBaseTransformer/COREMOD]: Transforming net/minecraft/world/level/levelgen/structure/structures/OceanRuinPieces$OceanRuinPiece
[20Dec2025 03:22:27.389] [main/DEBUG] [net.minecraftforge.coremod.transformer.CoreModBaseTransformer/COREMOD]: Transforming net/minecraft/world/level/levelgen/structure/structures/SwampHutPiece
[20Dec2025 03:22:27.404] [main/DEBUG] [net.minecraftforge.coremod.transformer.CoreModBaseTransformer/COREMOD]: Transforming net/minecraft/world/level/levelgen/structure/structures/OceanMonumentPieces$OceanMonumentPiece
[20Dec2025 03:22:27.428] [main/DEBUG] [net.minecraftforge.coremod.transformer.CoreModBaseTransformer/COREMOD]: Transforming net/minecraft/world/level/levelgen/structure/structures/WoodlandMansionPieces$WoodlandMansionPiece
[20Dec2025 03:22:27.471] [main/DEBUG] [mixin/]: Mixing StructureTemplatePoolAccessor from waystones.mixins.json into net.minecraft.world.level.levelgen.structure.pools.StructureTemplatePool
[20Dec2025 03:22:27.472] [main/DEBUG] [mixin/]: Mixing accessor.StructureTemplatePoolAccessor from yungsapi.mixins.json into net.minecraft.world.level.levelgen.structure.pools.StructureTemplatePool
[20Dec2025 03:22:27.472] [main/DEBUG] [mixin/]: Mixing IncreaseStructureWeightLimitMixinForge from yungsapi_forge.mixins.json into net.minecraft.world.level.levelgen.structure.pools.StructureTemplatePool
[20Dec2025 03:22:27.473] [main/DEBUG] [mixin/]: Unexpected: Registered method getRawTemplates()Ljava/util/List; in net.minecraft.world.level.levelgen.structure.pools.StructureTemplatePool was not merged
[20Dec2025 03:22:27.552] [main/DEBUG] [mixin/]: Mixing biome.BiomeSourceMixin from mixins.elysium_api.json into net.minecraft.world.level.biome.BiomeSource
[20Dec2025 03:22:27.559] [main/DEBUG] [net.minecraftforge.coremod.transformer.CoreModBaseTransformer/COREMOD]: Transforming net/minecraft/world/level/biome/Biome
[20Dec2025 03:22:27.580] [main/DEBUG] [mixin/]: Mixing accessor.MobSpawnSettingsBuilderForgeAccessor from puzzleslib.forge.mixins.json into net.minecraft.world.level.biome.MobSpawnSettings$Builder
[20Dec2025 03:22:27.589] [main/DEBUG] [mixin/]: Mixing biome.MultiNoiseBiomeSourceMixin from mixins.elysium_api.json into net.minecraft.world.level.biome.MultiNoiseBiomeSource
[20Dec2025 03:22:27.615] [main/DEBUG] [mixin/]: Mixing ChunkGeneratorMixin from bettercaves.mixins.json into net.minecraft.world.level.levelgen.NoiseBasedChunkGenerator
[20Dec2025 03:22:27.615] [main/DEBUG] [mixin/]: Mixing aquiferfix.NoiseBasedChunkGeneratorMixin from bettercaves.mixins.json into net.minecraft.world.level.levelgen.NoiseBasedChunkGenerator
[20Dec2025 03:22:27.623] [main/DEBUG] [mixin/]: Mixing NoiseGeneratorSettingsMixin from citadel.mixins.json into net.minecraft.world.level.levelgen.NoiseGeneratorSettings
[20Dec2025 03:22:27.626] [main/DEBUG] [mixin/]: Mixing biome.NoiseGeneratorSettingsAccessor from mixins.elysium_api.json into net.minecraft.world.level.levelgen.NoiseGeneratorSettings
[20Dec2025 03:22:27.636] [main/DEBUG] [mixin/]: Mixing FlatLevelSourceMixin from bettercaves.mixins.json into net.minecraft.world.level.levelgen.FlatLevelSource
[20Dec2025 03:22:27.699] [main/DEBUG] [mixin/]: Mixing SinglePoolElementMixin from waystones.mixins.json into net.minecraft.world.level.levelgen.structure.pools.SinglePoolElement
[20Dec2025 03:22:27.700] [main/DEBUG] [mixin/]: Renaming synthetic method lambda$waystones$isWaystone$1(Lnet/minecraft/world/level/levelgen/structure/templatesystem/StructureTemplate;)V to mdb1d0b6$lambda$waystones$isWaystone$1$0 in waystones.mixins.json:SinglePoolElementMixin
[20Dec2025 03:22:27.701] [main/DEBUG] [mixin/]: Renaming synthetic method lambda$waystones$isWaystone$0(Lnet/minecraft/resources/ResourceLocation;)V to mdb1d0b6$lambda$waystones$isWaystone$0$1 in waystones.mixins.json:SinglePoolElementMixin
[20Dec2025 03:22:27.702] [main/DEBUG] [mixin/]: Mixing accessor.SinglePoolElementAccessor from yungsapi.mixins.json into net.minecraft.world.level.levelgen.structure.pools.SinglePoolElement
[20Dec2025 03:22:27.703] [main/DEBUG] [net.minecraftforge.coremod.transformer.CoreModBaseTransformer/COREMOD]: Transforming net/minecraft/world/level/levelgen/structure/templatesystem/StructureTemplate
[20Dec2025 03:22:27.820] [main/DEBUG] [mixin/]: Mixing accessor.ListPoolElementAccessor from yungsapi.mixins.json into net.minecraft.world.level.levelgen.structure.pools.ListPoolElement
[20Dec2025 03:22:27.824] [main/DEBUG] [mixin/]: Mixing accessor.FeaturePoolElementAccessor from yungsapi.mixins.json into net.minecraft.world.level.levelgen.structure.pools.FeaturePoolElement
[20Dec2025 03:22:27.935] [main/DEBUG] [net.minecraftforge.common.ForgeI18n/CORE]: Loading I18N data entries: 6430
[20Dec2025 03:22:27.950] [main/DEBUG] [net.minecraftforge.fml.ModWorkManager/LOADING]: Using 4 threads for parallel mod-loading
[20Dec2025 03:22:27.956] [main/DEBUG] [net.minecraftforge.fml.javafmlmod.FMLJavaModLanguageProvider/LOADING]: Loading FMLModContainer from classloader cpw.mods.modlauncher.TransformingClassLoader@7b61bf11 - got cpw.mods.cl.ModuleClassLoader@7c455e96
[20Dec2025 03:22:27.957] [main/DEBUG] [net.minecraftforge.fml.javafmlmod.FMLModContainer/LOADING]: Creating FMLModContainer instance for dev.emi.emi.platform.forge.EmiForge
[20Dec2025 03:22:27.961] [main/DEBUG] [net.minecraftforge.fml.javafmlmod.FMLJavaModLanguageProvider/LOADING]: Loading FMLModContainer from classloader cpw.mods.modlauncher.TransformingClassLoader@7b61bf11 - got cpw.mods.cl.ModuleClassLoader@7c455e96
[20Dec2025 03:22:27.961] [main/DEBUG] [net.minecraftforge.fml.javafmlmod.FMLModContainer/LOADING]: Creating FMLModContainer instance for net.conczin.man_of_many_planes.forge.ManOfManyPlanesForge
[20Dec2025 03:22:27.961] [main/DEBUG] [net.minecraftforge.fml.javafmlmod.FMLJavaModLanguageProvider/LOADING]: Loading FMLModContainer from classloader cpw.mods.modlauncher.TransformingClassLoader@7b61bf11 - got cpw.mods.cl.ModuleClassLoader@7c455e96
[20Dec2025 03:22:27.961] [main/DEBUG] [net.minecraftforge.fml.javafmlmod.FMLModContainer/LOADING]: Creating FMLModContainer instance for net.blay09.mods.kuma.forge.ForgeKumaAPI
[20Dec2025 03:22:27.962] [main/DEBUG] [net.minecraftforge.fml.javafmlmod.FMLJavaModLanguageProvider/LOADING]: Loading FMLModContainer from classloader cpw.mods.modlauncher.TransformingClassLoader@7b61bf11 - got cpw.mods.cl.ModuleClassLoader@7c455e96
[20Dec2025 03:22:27.962] [main/DEBUG] [net.minecraftforge.fml.javafmlmod.FMLModContainer/LOADING]: Creating FMLModContainer instance for net.unusual.blockfactorysbosses.BlockFactorysBossesMod
[20Dec2025 03:22:27.962] [main/DEBUG] [net.minecraftforge.fml.javafmlmod.FMLJavaModLanguageProvider/LOADING]: Loading FMLModContainer from classloader cpw.mods.modlauncher.TransformingClassLoader@7b61bf11 - got cpw.mods.cl.ModuleClassLoader@7c455e96
[20Dec2025 03:22:27.962] [main/DEBUG] [net.minecraftforge.fml.javafmlmod.FMLModContainer/LOADING]: Creating FMLModContainer instance for net.blay09.mods.trashslot.ForgeTrashSlot
[20Dec2025 03:22:27.963] [main/DEBUG] [net.minecraftforge.fml.javafmlmod.FMLJavaModLanguageProvider/LOADING]: Loading FMLModContainer from classloader cpw.mods.modlauncher.TransformingClassLoader@7b61bf11 - got cpw.mods.cl.ModuleClassLoader@7c455e96
[20Dec2025 03:22:27.963] [main/DEBUG] [net.minecraftforge.fml.javafmlmod.FMLModContainer/LOADING]: Creating FMLModContainer instance for net.jadenxgamer.netherexp.NetherExp
[20Dec2025 03:22:27.963] [main/DEBUG] [net.minecraftforge.fml.javafmlmod.FMLJavaModLanguageProvider/LOADING]: Loading FMLModContainer from classloader cpw.mods.modlauncher.TransformingClassLoader@7b61bf11 - got cpw.mods.cl.ModuleClassLoader@7c455e96
[20Dec2025 03:22:27.963] [main/DEBUG] [net.minecraftforge.fml.javafmlmod.FMLModContainer/LOADING]: Creating FMLModContainer instance for com.muhammedesadcomert.protectmobsfromdaylight.forge.ProtectMobsFromDayLight
[20Dec2025 03:22:27.964] [main/DEBUG] [net.minecraftforge.fml.javafmlmod.FMLJavaModLanguageProvider/LOADING]: Loading FMLModContainer from classloader cpw.mods.modlauncher.TransformingClassLoader@7b61bf11 - got cpw.mods.cl.ModuleClassLoader@7c455e96
[20Dec2025 03:22:27.964] [main/DEBUG] [net.minecraftforge.fml.javafmlmod.FMLModContainer/LOADING]: Creating FMLModContainer instance for snownee.jade.util.CommonProxy
[20Dec2025 03:22:27.965] [main/DEBUG] [net.minecraftforge.fml.javafmlmod.FMLJavaModLanguageProvider/LOADING]: Loading FMLModContainer from classloader cpw.mods.modlauncher.TransformingClassLoader@7b61bf11 - got cpw.mods.cl.ModuleClassLoader@7c455e96
[20Dec2025 03:22:27.965] [main/DEBUG] [net.minecraftforge.fml.javafmlmod.FMLModContainer/LOADING]: Creating FMLModContainer instance for software.bernie.example.GeckoLibMod
[20Dec2025 03:22:27.966] [main/DEBUG] [net.minecraftforge.fml.javafmlmod.FMLJavaModLanguageProvider/LOADING]: Loading FMLModContainer from classloader cpw.mods.modlauncher.TransformingClassLoader@7b61bf11 - got cpw.mods.cl.ModuleClassLoader@7c455e96
[20Dec2025 03:22:27.966] [main/DEBUG] [net.minecraftforge.fml.javafmlmod.FMLModContainer/LOADING]: Creating FMLModContainer instance for net.jadenxgamer.elysium_api.Elysium
[20Dec2025 03:22:27.966] [main/DEBUG] [net.minecraftforge.fml.javafmlmod.FMLJavaModLanguageProvider/LOADING]: Loading FMLModContainer from classloader cpw.mods.modlauncher.TransformingClassLoader@7b61bf11 - got cpw.mods.cl.ModuleClassLoader@7c455e96
[20Dec2025 03:22:27.966] [main/DEBUG] [net.minecraftforge.fml.javafmlmod.FMLModContainer/LOADING]: Creating FMLModContainer instance for mezz.jei.forge.JustEnoughItems
[20Dec2025 03:22:27.966] [main/DEBUG] [net.minecraftforge.fml.javafmlmod.FMLJavaModLanguageProvider/LOADING]: Loading FMLModContainer from classloader cpw.mods.modlauncher.TransformingClassLoader@7b61bf11 - got cpw.mods.cl.ModuleClassLoader@7c455e96
[20Dec2025 03:22:27.966] [main/DEBUG] [net.minecraftforge.fml.javafmlmod.FMLModContainer/LOADING]: Creating FMLModContainer instance for ttv.migami.jeg.JustEnoughGuns
[20Dec2025 03:22:27.967] [main/DEBUG] [net.minecraftforge.fml.javafmlmod.FMLJavaModLanguageProvider/LOADING]: Loading FMLModContainer from classloader cpw.mods.modlauncher.TransformingClassLoader@7b61bf11 - got cpw.mods.cl.ModuleClassLoader@7c455e96
[20Dec2025 03:22:27.967] [main/DEBUG] [net.minecraftforge.fml.javafmlmod.FMLModContainer/LOADING]: Creating FMLModContainer instance for com.mrcrayfish.goblintraders.GoblinTraders
[20Dec2025 03:22:27.968] [main/DEBUG] [net.minecraftforge.fml.javafmlmod.FMLJavaModLanguageProvider/LOADING]: Loading FMLModContainer from classloader cpw.mods.modlauncher.TransformingClassLoader@7b61bf11 - got cpw.mods.cl.ModuleClassLoader@7c455e96
[20Dec2025 03:22:27.968] [main/DEBUG] [net.minecraftforge.fml.javafmlmod.FMLModContainer/LOADING]: Creating FMLModContainer instance for immersive_aircraft.forge.CommonForge
[20Dec2025 03:22:27.968] [main/DEBUG] [net.minecraftforge.fml.javafmlmod.FMLJavaModLanguageProvider/LOADING]: Loading FMLModContainer from classloader cpw.mods.modlauncher.TransformingClassLoader@7b61bf11 - got cpw.mods.cl.ModuleClassLoader@7c455e96
[20Dec2025 03:22:27.968] [main/DEBUG] [net.minecraftforge.fml.javafmlmod.FMLModContainer/LOADING]: Creating FMLModContainer instance for com.yungnickyoung.minecraft.ribbits.RibbitsForge
[20Dec2025 03:22:27.969] [main/DEBUG] [net.minecraftforge.fml.javafmlmod.FMLJavaModLanguageProvider/LOADING]: Loading FMLModContainer from classloader cpw.mods.modlauncher.TransformingClassLoader@7b61bf11 - got cpw.mods.cl.ModuleClassLoader@7c455e96
[20Dec2025 03:22:27.969] [main/DEBUG] [net.minecraftforge.fml.javafmlmod.FMLModContainer/LOADING]: Creating FMLModContainer instance for top.theillusivec4.curios.Curios
[20Dec2025 03:22:27.969] [main/DEBUG] [net.minecraftforge.fml.javafmlmod.FMLJavaModLanguageProvider/LOADING]: Loading FMLModContainer from classloader cpw.mods.modlauncher.TransformingClassLoader@7b61bf11 - got cpw.mods.cl.ModuleClassLoader@7c455e96
[20Dec2025 03:22:27.969] [main/DEBUG] [net.minecraftforge.fml.javafmlmod.FMLModContainer/LOADING]: Creating FMLModContainer instance for com.yungnickyoung.minecraft.bettercaves.BetterCavesForge
[20Dec2025 03:22:27.970] [main/DEBUG] [net.minecraftforge.fml.javafmlmod.FMLJavaModLanguageProvider/LOADING]: Loading FMLModContainer from classloader cpw.mods.modlauncher.TransformingClassLoader@7b61bf11 - got cpw.mods.cl.ModuleClassLoader@7c455e96
[20Dec2025 03:22:27.970] [main/DEBUG] [net.minecraftforge.fml.javafmlmod.FMLModContainer/LOADING]: Creating FMLModContainer instance for net.aurelj.underground_bunkers.UndergroundBunkersMain
[20Dec2025 03:22:27.970] [main/DEBUG] [net.minecraftforge.fml.javafmlmod.FMLJavaModLanguageProvider/LOADING]: Loading FMLModContainer from classloader cpw.mods.modlauncher.TransformingClassLoader@7b61bf11 - got cpw.mods.cl.ModuleClassLoader@7c455e96
[20Dec2025 03:22:27.970] [main/DEBUG] [net.minecraftforge.fml.javafmlmod.FMLModContainer/LOADING]: Creating FMLModContainer instance for com.kwpugh.easy_emerald.EasyEmerald
[20Dec2025 03:22:27.970] [main/DEBUG] [net.minecraftforge.fml.javafmlmod.FMLJavaModLanguageProvider/LOADING]: Loading FMLModContainer from classloader cpw.mods.modlauncher.TransformingClassLoader@7b61bf11 - got cpw.mods.cl.ModuleClassLoader@7c455e96
[20Dec2025 03:22:27.971] [main/DEBUG] [net.minecraftforge.fml.javafmlmod.FMLModContainer/LOADING]: Creating FMLModContainer instance for net.blay09.mods.waystones.ForgeWaystones
[20Dec2025 03:22:27.971] [main/DEBUG] [net.minecraftforge.fml.javafmlmod.FMLJavaModLanguageProvider/LOADING]: Loading FMLModContainer from classloader cpw.mods.modlauncher.TransformingClassLoader@7b61bf11 - got cpw.mods.cl.ModuleClassLoader@7c455e96
[20Dec2025 03:22:27.971] [main/DEBUG] [net.minecraftforge.fml.javafmlmod.FMLModContainer/LOADING]: Creating FMLModContainer instance for de.maxhenkel.gravestone.Main
[20Dec2025 03:22:27.973] [main/DEBUG] [net.minecraftforge.fml.javafmlmod.FMLJavaModLanguageProvider/LOADING]: Loading FMLModContainer from classloader cpw.mods.modlauncher.TransformingClassLoader@7b61bf11 - got cpw.mods.cl.ModuleClassLoader@7c455e96
[20Dec2025 03:22:27.973] [main/DEBUG] [net.minecraftforge.fml.javafmlmod.FMLModContainer/LOADING]: Creating FMLModContainer instance for com.github.alexthe666.citadel.Citadel
[20Dec2025 03:22:27.974] [main/DEBUG] [net.minecraftforge.fml.javafmlmod.FMLJavaModLanguageProvider/LOADING]: Loading FMLModContainer from classloader cpw.mods.modlauncher.TransformingClassLoader@7b61bf11 - got cpw.mods.cl.ModuleClassLoader@7c455e96
[20Dec2025 03:22:27.974] [main/DEBUG] [net.minecraftforge.fml.javafmlmod.FMLModContainer/LOADING]: Creating FMLModContainer instance for com.tiviacz.travelersbackpack.TravelersBackpack
[20Dec2025 03:22:27.975] [main/DEBUG] [net.minecraftforge.fml.javafmlmod.FMLJavaModLanguageProvider/LOADING]: Loading FMLModContainer from classloader cpw.mods.modlauncher.TransformingClassLoader@7b61bf11 - got cpw.mods.cl.ModuleClassLoader@7c455e96
[20Dec2025 03:22:27.975] [main/DEBUG] [net.minecraftforge.fml.javafmlmod.FMLModContainer/LOADING]: Creating FMLModContainer instance for com.corosus.zombieawareness.ZombieAwareness
[20Dec2025 03:22:27.975] [main/DEBUG] [net.minecraftforge.fml.javafmlmod.FMLJavaModLanguageProvider/LOADING]: Loading FMLModContainer from classloader cpw.mods.modlauncher.TransformingClassLoader@7b61bf11 - got cpw.mods.cl.ModuleClassLoader@7c455e96
[20Dec2025 03:22:27.975] [main/DEBUG] [net.minecraftforge.fml.javafmlmod.FMLModContainer/LOADING]: Creating FMLModContainer instance for com.yungnickyoung.minecraft.yungsapi.YungsApiForge
[20Dec2025 03:22:27.976] [main/DEBUG] [net.minecraftforge.fml.javafmlmod.FMLJavaModLanguageProvider/LOADING]: Loading FMLModContainer from classloader cpw.mods.modlauncher.TransformingClassLoader@7b61bf11 - got cpw.mods.cl.ModuleClassLoader@7c455e96
[20Dec2025 03:22:27.976] [main/DEBUG] [net.minecraftforge.fml.javafmlmod.FMLModContainer/LOADING]: Creating FMLModContainer instance for com.llamalad7.mixinextras.platform.forge.MixinExtrasMod
[20Dec2025 03:22:27.977] [main/DEBUG] [net.minecraftforge.fml.javafmlmod.FMLJavaModLanguageProvider/LOADING]: Loading FMLModContainer from classloader cpw.mods.modlauncher.TransformingClassLoader@7b61bf11 - got cpw.mods.cl.ModuleClassLoader@7c455e96
[20Dec2025 03:22:27.977] [main/DEBUG] [net.minecraftforge.fml.javafmlmod.FMLModContainer/LOADING]: Creating FMLModContainer instance for com.kwpugh.gobber2.Gobber2
[20Dec2025 03:22:27.977] [main/DEBUG] [net.minecraftforge.fml.javafmlmod.FMLJavaModLanguageProvider/LOADING]: Loading FMLModContainer from classloader cpw.mods.modlauncher.TransformingClassLoader@7b61bf11 - got cpw.mods.cl.ModuleClassLoader@7c455e96
[20Dec2025 03:22:27.977] [main/DEBUG] [net.minecraftforge.fml.javafmlmod.FMLModContainer/LOADING]: Creating FMLModContainer instance for xiroc.dungeoncrawl.DungeonCrawl
[20Dec2025 03:22:27.978] [main/DEBUG] [net.minecraftforge.fml.javafmlmod.FMLJavaModLanguageProvider/LOADING]: Loading FMLModContainer from classloader cpw.mods.modlauncher.TransformingClassLoader@7b61bf11 - got cpw.mods.cl.ModuleClassLoader@7c455e96
[20Dec2025 03:22:27.978] [main/DEBUG] [net.minecraftforge.fml.javafmlmod.FMLModContainer/LOADING]: Creating FMLModContainer instance for com.corosus.coroutil.loader.forge.ConfigModForge
[20Dec2025 03:22:27.978] [main/DEBUG] [net.minecraftforge.fml.javafmlmod.FMLJavaModLanguageProvider/LOADING]: Loading FMLModContainer from classloader cpw.mods.modlauncher.TransformingClassLoader@7b61bf11 - got cpw.mods.cl.ModuleClassLoader@7c455e96
[20Dec2025 03:22:27.978] [main/DEBUG] [net.minecraftforge.fml.javafmlmod.FMLModContainer/LOADING]: Creating FMLModContainer instance for net.velleagle.warfare_wings.forge.WarfareWingsForge
[20Dec2025 03:22:27.979] [main/DEBUG] [net.minecraftforge.fml.javafmlmod.FMLJavaModLanguageProvider/LOADING]: Loading FMLModContainer from classloader cpw.mods.modlauncher.TransformingClassLoader@7b61bf11 - got cpw.mods.cl.ModuleClassLoader@7c455e96
[20Dec2025 03:22:27.979] [main/DEBUG] [net.minecraftforge.fml.javafmlmod.FMLModContainer/LOADING]: Creating FMLModContainer instance for com.builtbroken.ai.improvements.AIImprovements
[20Dec2025 03:22:27.979] [main/DEBUG] [net.minecraftforge.fml.javafmlmod.FMLJavaModLanguageProvider/LOADING]: Loading FMLModContainer from classloader cpw.mods.modlauncher.TransformingClassLoader@7b61bf11 - got cpw.mods.cl.ModuleClassLoader@7c455e96
[20Dec2025 03:22:27.979] [main/DEBUG] [net.minecraftforge.fml.javafmlmod.FMLModContainer/LOADING]: Creating FMLModContainer instance for com.github.alexthe666.iceandfire.IceAndFire
[20Dec2025 03:22:27.981] [main/DEBUG] [net.minecraftforge.fml.javafmlmod.FMLJavaModLanguageProvider/LOADING]: Loading FMLModContainer from classloader cpw.mods.modlauncher.TransformingClassLoader@7b61bf11 - got cpw.mods.cl.ModuleClassLoader@7c455e96
[20Dec2025 03:22:27.981] [main/DEBUG] [net.minecraftforge.fml.javafmlmod.FMLModContainer/LOADING]: Creating FMLModContainer instance for net.blay09.mods.balm.forge.ForgeBalm
[20Dec2025 03:22:27.981] [main/DEBUG] [net.minecraftforge.fml.javafmlmod.FMLJavaModLanguageProvider/LOADING]: Loading FMLModContainer from classloader cpw.mods.modlauncher.TransformingClassLoader@7b61bf11 - got cpw.mods.cl.ModuleClassLoader@7c455e96
[20Dec2025 03:22:27.981] [main/DEBUG] [net.minecraftforge.fml.javafmlmod.FMLModContainer/LOADING]: Creating FMLModContainer instance for fuzs.puzzleslib.impl.PuzzlesLibForge
[20Dec2025 03:22:27.981] [main/DEBUG] [net.minecraftforge.fml.javafmlmod.FMLJavaModLanguageProvider/LOADING]: Loading FMLModContainer from classloader cpw.mods.modlauncher.TransformingClassLoader@7b61bf11 - got cpw.mods.cl.ModuleClassLoader@7c455e96
[20Dec2025 03:22:27.981] [main/DEBUG] [net.minecraftforge.fml.javafmlmod.FMLModContainer/LOADING]: Creating FMLModContainer instance for com.mrcrayfish.framework.FrameworkForge
[20Dec2025 03:22:27.981] [main/DEBUG] [net.minecraftforge.fml.javafmlmod.FMLJavaModLanguageProvider/LOADING]: Loading FMLModContainer from classloader cpw.mods.modlauncher.TransformingClassLoader@7b61bf11 - got cpw.mods.cl.ModuleClassLoader@7c455e96
[20Dec2025 03:22:27.982] [main/DEBUG] [net.minecraftforge.fml.javafmlmod.FMLModContainer/LOADING]: Creating FMLModContainer instance for fuzs.puzzlesaccessapi.forge.PuzzlesAccessApiForge
[20Dec2025 03:22:27.982] [main/DEBUG] [net.minecraftforge.fml.javafmlmod.FMLJavaModLanguageProvider/LOADING]: Loading FMLModContainer from classloader cpw.mods.modlauncher.TransformingClassLoader@7b61bf11 - got cpw.mods.cl.ModuleClassLoader@7c455e96
[20Dec2025 03:22:27.982] [main/DEBUG] [net.minecraftforge.fml.javafmlmod.FMLModContainer/LOADING]: Creating FMLModContainer instance for me.shedaniel.clothconfig.ClothConfigForge
[20Dec2025 03:22:27.982] [main/DEBUG] [net.minecraftforge.fml.javafmlmod.FMLJavaModLanguageProvider/LOADING]: Loading FMLModContainer from classloader cpw.mods.modlauncher.TransformingClassLoader@7b61bf11 - got cpw.mods.cl.ModuleClassLoader@7c455e96
[20Dec2025 03:22:27.982] [main/DEBUG] [net.minecraftforge.fml.javafmlmod.FMLModContainer/LOADING]: Creating FMLModContainer instance for net.minecraftforge.common.ForgeMod
[20Dec2025 03:22:27.984] [main/DEBUG] [net.minecraftforge.fml.javafmlmod.FMLJavaModLanguageProvider/LOADING]: Loading FMLModContainer from classloader cpw.mods.modlauncher.TransformingClassLoader@7b61bf11 - got cpw.mods.cl.ModuleClassLoader@7c455e96
[20Dec2025 03:22:27.984] [main/DEBUG] [net.minecraftforge.fml.javafmlmod.FMLModContainer/LOADING]: Creating FMLModContainer instance for net.mcreator.horde_hoard.HordeHoardMod
[20Dec2025 03:22:27.985] [main/DEBUG] [net.minecraftforge.fml.javafmlmod.FMLJavaModLanguageProvider/LOADING]: Loading FMLModContainer from classloader cpw.mods.modlauncher.TransformingClassLoader@7b61bf11 - got cpw.mods.cl.ModuleClassLoader@7c455e96
[20Dec2025 03:22:27.985] [main/DEBUG] [net.minecraftforge.fml.javafmlmod.FMLModContainer/LOADING]: Creating FMLModContainer instance for ttv.migami.mteg.MoThanEnoughGuns
[20Dec2025 03:22:27.985] [main/DEBUG] [net.minecraftforge.fml.javafmlmod.FMLJavaModLanguageProvider/LOADING]: Loading FMLModContainer from classloader cpw.mods.modlauncher.TransformingClassLoader@7b61bf11 - got cpw.mods.cl.ModuleClassLoader@7c455e96
[20Dec2025 03:22:27.985] [main/DEBUG] [net.minecraftforge.fml.javafmlmod.FMLModContainer/LOADING]: Creating FMLModContainer instance for fuzs.enchantinginfuser.EnchantingInfuserForge
[20Dec2025 03:22:27.986] [main/DEBUG] [net.minecraftforge.fml.javafmlmod.FMLJavaModLanguageProvider/LOADING]: Loading FMLModContainer from classloader cpw.mods.modlauncher.TransformingClassLoader@7b61bf11 - got cpw.mods.cl.ModuleClassLoader@7c455e96
[20Dec2025 03:22:27.986] [main/DEBUG] [net.minecraftforge.fml.javafmlmod.FMLModContainer/LOADING]: Creating FMLModContainer instance for net.lionarius.skinrestorer.forge.SkinRestorerForge
[20Dec2025 03:22:27.999] [modloading-worker-0/DEBUG] [net.minecraftforge.fml.javafmlmod.AutomaticEventSubscriber/LOADING]: Attempting to inject @EventBusSubscriber classes into the eventbus for kuma_api
[20Dec2025 03:22:28.001] [modloading-worker-0/DEBUG] [net.minecraftforge.fml.javafmlmod.AutomaticEventSubscriber/LOADING]: Attempting to inject @EventBusSubscriber classes into the eventbus for man_of_many_planes
[20Dec2025 03:22:28.003] [modloading-worker-0/DEBUG] [net.minecraftforge.fml.javafmlmod.AutomaticEventSubscriber/LOADING]: Auto-subscribing net.conczin.man_of_many_planes.forge.ManOfManyPlanesForge to MOD
[20Dec2025 03:22:28.038] [modloading-worker-0/DEBUG] [net.minecraftforge.fml.config.ConfigTracker/CONFIG]: Config file netherexp-common.toml for netherexp tracking
[20Dec2025 03:22:28.044] [modloading-worker-0/DEBUG] [mixin/]: Mixing accessor.CriteriaTriggersAccessor from yungsapi.mixins.json into net.minecraft.advancements.CriteriaTriggers
[20Dec2025 03:22:28.044] [modloading-worker-0/DEBUG] [mixin/]: Renaming @Accessor method getValues()Ljava/util/Map; to getValues_$md$b1d0b6$0 in yungsapi.mixins.json:accessor.CriteriaTriggersAccessor
[20Dec2025 03:22:28.097] [modloading-worker-0/DEBUG] [net.minecraftforge.fml.javafmlmod.AutomaticEventSubscriber/LOADING]: Attempting to inject @EventBusSubscriber classes into the eventbus for emi
[20Dec2025 03:22:28.103] [modloading-worker-0/DEBUG] [net.minecraftforge.fml.javafmlmod.AutomaticEventSubscriber/LOADING]: Attempting to inject @EventBusSubscriber classes into the eventbus for protectmobsfromdaylight
[20Dec2025 03:22:28.114] [modloading-worker-0/DEBUG] [net.minecraftforge.fml.javafmlmod.AutomaticEventSubscriber/LOADING]: Attempting to inject @EventBusSubscriber classes into the eventbus for jade
[20Dec2025 03:22:28.133] [modloading-worker-0/DEBUG] [net.minecraftforge.fml.javafmlmod.AutomaticEventSubscriber/LOADING]: Attempting to inject @EventBusSubscriber classes into the eventbus for geckolib
[20Dec2025 03:22:28.133] [modloading-worker-0/DEBUG] [net.minecraftforge.fml.javafmlmod.AutomaticEventSubscriber/LOADING]: Auto-subscribing software.bernie.example.GeckoLibMod to FORGE
[20Dec2025 03:22:28.133] [modloading-worker-0/DEBUG] [net.minecraftforge.fml.javafmlmod.AutomaticEventSubscriber/LOADING]: Auto-subscribing software.bernie.example.CommonListener to MOD
[20Dec2025 03:22:28.143] [modloading-worker-0/DEBUG] [net.minecraftforge.fml.javafmlmod.AutomaticEventSubscriber/LOADING]: Attempting to inject @EventBusSubscriber classes into the eventbus for elysium_api
[20Dec2025 03:22:28.143] [modloading-worker-0/DEBUG] [net.minecraftforge.fml.javafmlmod.AutomaticEventSubscriber/LOADING]: Auto-subscribing net.jadenxgamer.elysium_api.impl.event.ElysiumEvents to FORGE
[20Dec2025 03:22:28.149] [modloading-worker-0/DEBUG] [net.minecraftforge.fml.javafmlmod.AutomaticEventSubscriber/LOADING]: Auto-subscribing net.jadenxgamer.elysium_api.impl.event.ElysiumEvents$ModBusEvents to MOD
[20Dec2025 03:22:28.156] [modloading-worker-0/DEBUG] [net.minecraftforge.fml.config.ConfigTracker/CONFIG]: Config file jei-server.toml for jei tracking
[20Dec2025 03:22:28.166] [modloading-worker-0/DEBUG] [net.minecraftforge.fml.javafmlmod.AutomaticEventSubscriber/LOADING]: Attempting to inject @EventBusSubscriber classes into the eventbus for jei
[20Dec2025 03:22:28.191] [modloading-worker-0/DEBUG] [net.minecraftforge.fml.config.ConfigTracker/CONFIG]: Config file trashslot-common.toml for trashslot tracking
[20Dec2025 03:22:28.221] [modloading-worker-0/DEBUG] [net.minecraftforge.fml.javafmlmod.AutomaticEventSubscriber/LOADING]: Attempting to inject @EventBusSubscriber classes into the eventbus for trashslot
[20Dec2025 03:22:28.234] [modloading-worker-0/DEBUG] [mixin/]: Mixing ReloadableServerResourcesMixin from balm.mixins.json into net.minecraft.server.ReloadableServerResources
[20Dec2025 03:22:28.234] [modloading-worker-0/DEBUG] [mixin/]: Renaming synthetic method lambda$loadResources$0(Lnet/minecraft/server/ReloadableServerResources;)V to mdb1d0b6$lambda$loadResources$0$0 in balm.mixins.json:ReloadableServerResourcesMixin
[20Dec2025 03:22:28.237] [modloading-worker-0/DEBUG] [net.minecraftforge.fml.javafmlmod.AutomaticEventSubscriber/LOADING]: Attempting to inject @EventBusSubscriber classes into the eventbus for goblintraders
[20Dec2025 03:22:28.245] [modloading-worker-0/DEBUG] [net.minecraftforge.fml.config.ConfigTracker/CONFIG]: Config file jeg-client.toml for jeg tracking
[20Dec2025 03:22:28.245] [modloading-worker-0/DEBUG] [net.minecraftforge.fml.config.ConfigTracker/CONFIG]: Config file jeg-common.toml for jeg tracking
[20Dec2025 03:22:28.245] [modloading-worker-0/DEBUG] [net.minecraftforge.fml.config.ConfigTracker/CONFIG]: Config file jeg-server.toml for jeg tracking
[20Dec2025 03:22:28.263] [modloading-worker-0/DEBUG] [net.minecraftforge.fml.javafmlmod.AutomaticEventSubscriber/LOADING]: Attempting to inject @EventBusSubscriber classes into the eventbus for block_factorys_bosses
[20Dec2025 03:22:28.266] [modloading-worker-0/DEBUG] [net.minecraftforge.fml.javafmlmod.AutomaticEventSubscriber/LOADING]: Auto-subscribing net.unusual.blockfactorysbosses.procedures.PlayerRollHandlerProcedure to FORGE
[20Dec2025 03:22:28.267] [modloading-worker-0/DEBUG] [net.minecraftforge.fml.javafmlmod.AutomaticEventSubscriber/LOADING]: Auto-subscribing net.unusual.blockfactorysbosses.procedures.NoHitBossBattleTriggerProcedure to FORGE
[20Dec2025 03:22:28.274] [modloading-worker-0/DEBUG] [net.minecraftforge.fml.javafmlmod.AutomaticEventSubscriber/LOADING]: Auto-subscribing net.unusual.blockfactorysbosses.procedures.MusicStopHandlerProcedure to FORGE
[20Dec2025 03:22:28.275] [modloading-worker-0/DEBUG] [net.minecraftforge.fml.javafmlmod.AutomaticEventSubscriber/LOADING]: Auto-subscribing net.unusual.blockfactorysbosses.procedures.MusicHandlerProcedure to FORGE
[20Dec2025 03:22:28.276] [modloading-worker-0/DEBUG] [net.minecraftforge.fml.javafmlmod.AutomaticEventSubscriber/LOADING]: Auto-subscribing net.unusual.blockfactorysbosses.procedures.CinematicInvulnerabilityProcedure to FORGE
[20Dec2025 03:22:28.277] [modloading-worker-0/DEBUG] [net.minecraftforge.fml.javafmlmod.AutomaticEventSubscriber/LOADING]: Auto-subscribing net.unusual.blockfactorysbosses.procedures.BossCancelDieProcedure to FORGE
[20Dec2025 03:22:28.280] [modloading-worker-0/DEBUG] [net.minecraftforge.fml.javafmlmod.AutomaticEventSubscriber/LOADING]: Auto-subscribing net.unusual.blockfactorysbosses.procedures.BossCancelDie2Procedure to FORGE
[20Dec2025 03:22:28.282] [modloading-worker-0/DEBUG] [net.minecraftforge.fml.javafmlmod.AutomaticEventSubscriber/LOADING]: Auto-subscribing net.unusual.blockfactorysbosses.network.DodgeRollMessage to MOD
[20Dec2025 03:22:28.288] [modloading-worker-0/DEBUG] [net.minecraftforge.fml.javafmlmod.AutomaticEventSubscriber/LOADING]: Auto-subscribing net.unusual.blockfactorysbosses.network.BlockFactorysBossesModVariables to MOD
[20Dec2025 03:22:28.298] [modloading-worker-0/DEBUG] [net.minecraftforge.fml.javafmlmod.AutomaticEventSubscriber/LOADING]: Auto-subscribing net.unusual.blockfactorysbosses.network.BlockFactorysBossesModVariables$PlayerVariablesProvider to FORGE
[20Dec2025 03:22:28.304] [modloading-worker-0/DEBUG] [net.minecraftforge.fml.javafmlmod.AutomaticEventSubscriber/LOADING]: Auto-subscribing net.unusual.blockfactorysbosses.network.BlockFactorysBossesModVariables$EventBusVariableHandlers to FORGE
[20Dec2025 03:22:28.314] [modloading-worker-0/DEBUG] [net.minecraftforge.fml.javafmlmod.AutomaticEventSubscriber/LOADING]: Auto-subscribing net.unusual.blockfactorysbosses.init.BlockFactorysBossesModTabs to MOD
[20Dec2025 03:22:28.319] [modloading-worker-0/DEBUG] [net.minecraftforge.fml.javafmlmod.AutomaticEventSubscriber/LOADING]: Auto-subscribing net.unusual.blockfactorysbosses.init.BlockFactorysBossesModEntities to MOD
[20Dec2025 03:22:28.320] [modloading-worker-0/DEBUG] [net.minecraftforge.fml.javafmlmod.AutomaticEventSubscriber/LOADING]: Auto-subscribing net.unusual.blockfactorysbosses.init.BlockFactorysBossesModConfigs to MOD
[20Dec2025 03:22:28.324] [modloading-worker-0/DEBUG] [net.minecraftforge.fml.javafmlmod.AutomaticEventSubscriber/LOADING]: Auto-subscribing net.unusual.blockfactorysbosses.init.BlockFactorysBossesModAttributes to MOD
[20Dec2025 03:22:28.325] [modloading-worker-0/DEBUG] [net.minecraftforge.fml.javafmlmod.AutomaticEventSubscriber/LOADING]: Auto-subscribing net.unusual.blockfactorysbosses.init.BlockFactorysBossesModAttributes$PlayerAttributesSync to FORGE
[20Dec2025 03:22:28.326] [modloading-worker-0/DEBUG] [net.minecraftforge.fml.javafmlmod.AutomaticEventSubscriber/LOADING]: Auto-subscribing net.unusual.blockfactorysbosses.command.PosDebugCommand to FORGE
[20Dec2025 03:22:28.330] [modloading-worker-0/DEBUG] [net.minecraftforge.fml.javafmlmod.AutomaticEventSubscriber/LOADING]: Auto-subscribing net.unusual.blockfactorysbosses.AttributesModifier to FORGE
[20Dec2025 03:22:28.348] [modloading-worker-0/DEBUG] [ribbits/]: Loaded com.yungnickyoung.minecraft.ribbits.services.ForgePlatformHelper@588d568d for service interface com.yungnickyoung.minecraft.ribbits.services.IPlatformHelper
[20Dec2025 03:22:28.349] [modloading-worker-0/DEBUG] [ribbits/]: Loaded com.yungnickyoung.minecraft.ribbits.services.ForgeModulesLoader@6c8cdf97 for service interface com.yungnickyoung.minecraft.ribbits.services.IModulesLoader
[20Dec2025 03:22:28.352] [modloading-worker-0/DEBUG] [ribbits/]: Loaded com.yungnickyoung.minecraft.ribbits.services.ForgeSupporterHelper@76698110 for service interface com.yungnickyoung.minecraft.ribbits.services.ISupporterHelper
[20Dec2025 03:22:28.352] [modloading-worker-0/DEBUG] [net.minecraftforge.fml.javafmlmod.AutomaticEventSubscriber/LOADING]: Attempting to inject @EventBusSubscriber classes into the eventbus for immersive_aircraft
[20Dec2025 03:22:28.353] [modloading-worker-0/DEBUG] [net.minecraftforge.fml.javafmlmod.AutomaticEventSubscriber/LOADING]: Auto-subscribing immersive_aircraft.forge.ForgeBusEvents to FORGE
[20Dec2025 03:22:28.354] [modloading-worker-0/DEBUG] [net.minecraftforge.fml.config.ConfigTracker/CONFIG]: Config file ribbits-forge-1_20_1.toml for ribbits tracking
[20Dec2025 03:22:28.361] [modloading-worker-0/DEBUG] [net.minecraftforge.fml.javafmlmod.AutomaticEventSubscriber/LOADING]: Attempting to inject @EventBusSubscriber classes into the eventbus for ribbits
[20Dec2025 03:22:28.363] [modloading-worker-0/DEBUG] [mixin/]: Mixing PlayerListMixin from balm.mixins.json into net.minecraft.server.players.PlayerList
[20Dec2025 03:22:28.365] [modloading-worker-0/DEBUG] [mixin/]: Mixing PlayerListMixin from skinrestorer.mixins.json into net.minecraft.server.players.PlayerList
[20Dec2025 03:22:28.365] [modloading-worker-0/DEBUG] [mixin/]: Renaming synthetic method lambda$placeNewPlayer$0(Ljava/util/UUID;)V to mdb1d0b6$lambda$placeNewPlayer$0$0 in skinrestorer.mixins.json:PlayerListMixin
[20Dec2025 03:22:28.385] [modloading-worker-0/DEBUG] [net.minecraftforge.fml.javafmlmod.AutomaticEventSubscriber/LOADING]: Auto-subscribing immersive_aircraft.forge.CommonForge to MOD
[20Dec2025 03:22:28.394] [modloading-worker-0/DEBUG] [net.minecraftforge.fml.config.ConfigTracker/CONFIG]: Config file curios-client.toml for curios tracking
[20Dec2025 03:22:28.397] [modloading-worker-0/DEBUG] [net.minecraftforge.fml.config.ConfigTracker/CONFIG]: Config file curios-common.toml for curios tracking
[20Dec2025 03:22:28.397] [modloading-worker-0/DEBUG] [net.minecraftforge.fml.config.ConfigTracker/CONFIG]: Config file curios-server.toml for curios tracking
[20Dec2025 03:22:28.397] [modloading-worker-0/DEBUG] [net.minecraftforge.fml.javafmlmod.AutomaticEventSubscriber/LOADING]: Attempting to inject @EventBusSubscriber classes into the eventbus for curios
[20Dec2025 03:22:28.398] [modloading-worker-0/DEBUG] [net.minecraftforge.fml.javafmlmod.AutomaticEventSubscriber/LOADING]: Attempting to inject @EventBusSubscriber classes into the eventbus for underground_bunkers
[20Dec2025 03:22:28.410] [modloading-worker-0/DEBUG] [net.minecraftforge.fml.ModLoadingContext/]: Attempted to register an empty config for type COMMON on mod bettercaves using file name bettercaves-forge-1_20_1.toml
[20Dec2025 03:22:28.416] [modloading-worker-0/DEBUG] [net.minecraftforge.fml.javafmlmod.AutomaticEventSubscriber/LOADING]: Attempting to inject @EventBusSubscriber classes into the eventbus for bettercaves
[20Dec2025 03:22:28.459] [modloading-worker-0/DEBUG] [net.minecraftforge.fml.config.ConfigTracker/CONFIG]: Config file waystones-common.toml for waystones tracking
[20Dec2025 03:22:28.460] [modloading-worker-0/DEBUG] [net.minecraftforge.fml.javafmlmod.AutomaticEventSubscriber/LOADING]: Attempting to inject @EventBusSubscriber classes into the eventbus for netherexp
[20Dec2025 03:22:28.462] [modloading-worker-0/DEBUG] [net.minecraftforge.fml.javafmlmod.AutomaticEventSubscriber/LOADING]: Auto-subscribing net.jadenxgamer.netherexp.event.JNEEvents to FORGE
[20Dec2025 03:22:28.470] [modloading-worker-0/DEBUG] [net.minecraftforge.fml.javafmlmod.AutomaticEventSubscriber/LOADING]: Auto-subscribing net.jadenxgamer.netherexp.event.JNEEvents$ModBusEvents to MOD
[20Dec2025 03:22:28.480] [modloading-worker-0/DEBUG] [net.minecraftforge.fml.javafmlmod.AutomaticEventSubscriber/LOADING]: Attempting to inject @EventBusSubscriber classes into the eventbus for easy_emerald
[20Dec2025 03:22:28.481] [modloading-worker-0/DEBUG] [net.minecraftforge.fml.javafmlmod.AutomaticEventSubscriber/LOADING]: Auto-subscribing com.kwpugh.easy_emerald.util.PlayerSpecialAbilities to FORGE
[20Dec2025 03:22:28.481] [modloading-worker-0/DEBUG] [net.minecraftforge.fml.javafmlmod.AutomaticEventSubscriber/LOADING]: Auto-subscribing com.kwpugh.easy_emerald.util.handlers.AbilityEventHandler to FORGE
[20Dec2025 03:22:28.501] [modloading-worker-0/DEBUG] [net.minecraftforge.fml.config.ConfigTracker/CONFIG]: Config file gravestone-server.toml for gravestone tracking
[20Dec2025 03:22:28.502] [modloading-worker-0/DEBUG] [net.minecraftforge.fml.config.ConfigTracker/CONFIG]: Config file gravestone-client.toml for gravestone tracking
[20Dec2025 03:22:28.503] [modloading-worker-0/DEBUG] [net.minecraftforge.fml.javafmlmod.AutomaticEventSubscriber/LOADING]: Attempting to inject @EventBusSubscriber classes into the eventbus for gravestone
[20Dec2025 03:22:28.504] [modloading-worker-0/DEBUG] [net.minecraftforge.fml.javafmlmod.AutomaticEventSubscriber/LOADING]: Auto-subscribing de.maxhenkel.gravestone.Main to FORGE
[20Dec2025 03:22:28.503] [modloading-worker-0/DEBUG] [net.minecraftforge.fml.config.ConfigTracker/CONFIG]: Config file citadel-common.toml for citadel tracking
[20Dec2025 03:22:28.509] [modloading-worker-0/DEBUG] [net.minecraftforge.fml.javafmlmod.AutomaticEventSubscriber/LOADING]: Attempting to inject @EventBusSubscriber classes into the eventbus for citadel
[20Dec2025 03:22:28.510] [modloading-worker-0/DEBUG] [net.minecraftforge.fml.javafmlmod.AutomaticEventSubscriber/LOADING]: Auto-subscribing com.github.alexthe666.citadel.ServerProxy to MOD
[20Dec2025 03:22:28.531] [modloading-worker-0/INFO] [coroutil/]: forge loader environment detected
[20Dec2025 03:22:28.546] [modloading-worker-0/DEBUG] [net.minecraftforge.fml.config.ConfigTracker/CONFIG]: Config file zombieawareness/General.toml for zombieawareness tracking
[20Dec2025 03:22:28.547] [modloading-worker-0/DEBUG] [net.minecraftforge.fml.config.ConfigTracker/CONFIG]: Config file zombieawareness/ClientConfig.toml for zombieawareness tracking
[20Dec2025 03:22:28.548] [modloading-worker-0/DEBUG] [net.minecraftforge.fml.config.ConfigTracker/CONFIG]: Config file zombieawareness/Features.toml for zombieawareness tracking
[20Dec2025 03:22:28.551] [modloading-worker-0/DEBUG] [net.minecraftforge.fml.config.ConfigTracker/CONFIG]: Config file zombieawareness/MobLists.toml for zombieawareness tracking
[20Dec2025 03:22:28.554] [modloading-worker-0/DEBUG] [net.minecraftforge.fml.config.ConfigTracker/CONFIG]: Config file zombieawareness/PlayerRulesAndLists.toml for zombieawareness tracking
[20Dec2025 03:22:28.554] [modloading-worker-0/DEBUG] [net.minecraftforge.fml.javafmlmod.AutomaticEventSubscriber/LOADING]: Attempting to inject @EventBusSubscriber classes into the eventbus for zombieawareness
[20Dec2025 03:22:28.557] [modloading-worker-0/DEBUG] [net.minecraftforge.fml.javafmlmod.AutomaticEventSubscriber/LOADING]: Auto-subscribing com.corosus.zombieawareness.ZAEventHandler to FORGE
[20Dec2025 03:22:28.557] [modloading-worker-0/DEBUG] [net.minecraftforge.fml.javafmlmod.AutomaticEventSubscriber/LOADING]: Auto-subscribing com.corosus.zombieawareness.EntityRegistry to MOD
[20Dec2025 03:22:28.557] [modloading-worker-0/DEBUG] [net.minecraftforge.fml.javafmlmod.AutomaticEventSubscriber/LOADING]: Auto-subscribing com.corosus.zombieawareness.config.SoundsListsConfig to FORGE
[20Dec2025 03:22:28.558] [modloading-worker-0/DEBUG] [net.minecraftforge.fml.javafmlmod.AutomaticEventSubscriber/LOADING]: Auto-subscribing com.corosus.zombieawareness.config.MobListsConfig to FORGE
[20Dec2025 03:22:28.558] [modloading-worker-0/DEBUG] [net.minecraftforge.fml.javafmlmod.AutomaticEventSubscriber/LOADING]: Auto-subscribing com.corosus.zombieawareness.client.ClientRegistry to MOD
[20Dec2025 03:22:28.556] [modloading-worker-0/DEBUG] [net.minecraftforge.fml.config.ConfigTracker/CONFIG]: Config file travelersbackpack-server.toml for travelersbackpack tracking
[20Dec2025 03:22:28.559] [modloading-worker-0/DEBUG] [net.minecraftforge.fml.config.ConfigTracker/CONFIG]: Config file travelersbackpack-common.toml for travelersbackpack tracking
[20Dec2025 03:22:28.559] [modloading-worker-0/DEBUG] [net.minecraftforge.fml.config.ConfigTracker/CONFIG]: Config file travelersbackpack-client.toml for travelersbackpack tracking
[20Dec2025 03:22:28.569] [modloading-worker-0/DEBUG] [net.minecraftforge.fml.javafmlmod.AutomaticEventSubscriber/LOADING]: Attempting to inject @EventBusSubscriber classes into the eventbus for jeg
[20Dec2025 03:22:28.569] [modloading-worker-0/DEBUG] [net.minecraftforge.fml.javafmlmod.AutomaticEventSubscriber/LOADING]: Attempting to inject @EventBusSubscriber classes into the eventbus for waystones
[20Dec2025 03:22:28.572] [modloading-worker-0/DEBUG] [net.minecraftforge.fml.javafmlmod.AutomaticEventSubscriber/LOADING]: Auto-subscribing ttv.migami.jeg.world.loot.ModLootModifiers to MOD
[20Dec2025 03:22:28.572] [modloading-worker-0/DEBUG] [net.minecraftforge.fml.javafmlmod.AutomaticEventSubscriber/LOADING]: Auto-subscribing ttv.migami.jeg.init.ModPointOfInterestTypes to MOD
[20Dec2025 03:22:28.572] [modloading-worker-0/DEBUG] [net.minecraftforge.fml.javafmlmod.AutomaticEventSubscriber/LOADING]: Auto-subscribing ttv.migami.jeg.faction.GunnerMobSpawner to FORGE
[20Dec2025 03:22:28.573] [modloading-worker-0/DEBUG] [net.minecraftforge.fml.javafmlmod.AutomaticEventSubscriber/LOADING]: Attempting to inject @EventBusSubscriber classes into the eventbus for mixinextras
[20Dec2025 03:22:28.573] [modloading-worker-0/DEBUG] [net.minecraftforge.fml.javafmlmod.AutomaticEventSubscriber/LOADING]: Auto-subscribing ttv.migami.jeg.event.PlayerCloneHandler to FORGE
[20Dec2025 03:22:28.576] [modloading-worker-0/DEBUG] [net.minecraftforge.fml.javafmlmod.AutomaticEventSubscriber/LOADING]: Auto-subscribing ttv.migami.jeg.event.ModCommonEventBus to MOD
[20Dec2025 03:22:28.577] [modloading-worker-0/DEBUG] [net.minecraftforge.fml.javafmlmod.AutomaticEventSubscriber/LOADING]: Auto-subscribing ttv.migami.jeg.event.ModCommandsRegister to FORGE
[20Dec2025 03:22:28.577] [modloading-worker-0/DEBUG] [net.minecraftforge.fml.javafmlmod.AutomaticEventSubscriber/LOADING]: Auto-subscribing ttv.migami.jeg.event.MedalEventHandler to FORGE
[20Dec2025 03:22:28.581] [modloading-worker-0/DEBUG] [net.minecraftforge.fml.javafmlmod.AutomaticEventSubscriber/LOADING]: Auto-subscribing ttv.migami.jeg.event.KillEffectHandler to FORGE
[20Dec2025 03:22:28.585] [modloading-worker-0/DEBUG] [net.minecraftforge.fml.javafmlmod.AutomaticEventSubscriber/LOADING]: Auto-subscribing ttv.migami.jeg.event.GunEventBus to FORGE
[20Dec2025 03:22:28.593] [modloading-worker-0/DEBUG] [net.minecraftforge.fml.javafmlmod.AutomaticEventSubscriber/LOADING]: Auto-subscribing ttv.migami.jeg.event.FlashlightEvent to FORGE
[20Dec2025 03:22:28.595] [modloading-worker-0/DEBUG] [net.minecraftforge.fml.javafmlmod.AutomaticEventSubscriber/LOADING]: Auto-subscribing ttv.migami.jeg.event.FirstJoinMessageHandler to FORGE
[20Dec2025 03:22:28.597] [modloading-worker-0/DEBUG] [net.minecraftforge.fml.javafmlmod.AutomaticEventSubscriber/LOADING]: Auto-subscribing ttv.migami.jeg.event.EntitySpawnEventHandler to FORGE
[20Dec2025 03:22:28.602] [modloading-worker-0/DEBUG] [net.minecraftforge.fml.javafmlmod.AutomaticEventSubscriber/LOADING]: Auto-subscribing ttv.migami.jeg.event.EntityKillEventHandler to FORGE
[20Dec2025 03:22:28.603] [modloading-worker-0/DEBUG] [net.minecraftforge.fml.javafmlmod.AutomaticEventSubscriber/LOADING]: Auto-subscribing ttv.migami.jeg.event.ConfigPackLoader to MOD
[20Dec2025 03:22:28.605] [modloading-worker-0/DEBUG] [net.minecraftforge.fml.javafmlmod.AutomaticEventSubscriber/LOADING]: Auto-subscribing ttv.migami.jeg.event.BurstFireEvent to FORGE
[20Dec2025 03:22:28.609] [modloading-worker-0/DEBUG] [net.minecraftforge.fml.javafmlmod.AutomaticEventSubscriber/LOADING]: Auto-subscribing ttv.migami.jeg.entity.throwable.ThrowableStunGrenadeEntity to FORGE
[20Dec2025 03:22:28.630] [modloading-worker-0/DEBUG] [net.minecraftforge.fml.javafmlmod.AutomaticEventSubscriber/LOADING]: Auto-subscribing ttv.migami.jeg.entity.throwable.ThrowablePhantomGunnerBaitEntity to FORGE
[20Dec2025 03:22:28.632] [modloading-worker-0/DEBUG] [net.minecraftforge.fml.javafmlmod.AutomaticEventSubscriber/LOADING]: Auto-subscribing ttv.migami.jeg.entity.throwable.ThrowableFlareEntity to FORGE
[20Dec2025 03:22:28.633] [modloading-worker-0/DEBUG] [net.minecraftforge.fml.javafmlmod.AutomaticEventSubscriber/LOADING]: Auto-subscribing ttv.migami.jeg.entity.throwable.ThrowableExplosiveChargeEntity to FORGE
[20Dec2025 03:22:28.633] [modloading-worker-0/DEBUG] [net.minecraftforge.fml.javafmlmod.AutomaticEventSubscriber/LOADING]: Auto-subscribing ttv.migami.jeg.entity.throwable.ThrowableAirStrikeFlareEntity to FORGE
[20Dec2025 03:22:28.634] [modloading-worker-0/DEBUG] [net.minecraftforge.fml.javafmlmod.AutomaticEventSubscriber/LOADING]: Auto-subscribing ttv.migami.jeg.entity.ai.trumpet.TrumpetSkeletonAI to FORGE
[20Dec2025 03:22:28.637] [modloading-worker-0/DEBUG] [net.minecraftforge.fml.javafmlmod.AutomaticEventSubscriber/LOADING]: Auto-subscribing ttv.migami.jeg.debug.Debug to FORGE
[20Dec2025 03:22:28.640] [modloading-worker-0/DEBUG] [net.minecraftforge.fml.javafmlmod.AutomaticEventSubscriber/LOADING]: Auto-subscribing ttv.migami.jeg.common.SpreadTracker to FORGE
[20Dec2025 03:22:28.644] [modloading-worker-0/DEBUG] [net.minecraftforge.fml.javafmlmod.AutomaticEventSubscriber/LOADING]: Auto-subscribing ttv.migami.jeg.common.ReloadTracker to FORGE
[20Dec2025 03:22:28.646] [modloading-worker-0/DEBUG] [net.minecraftforge.fml.javafmlmod.AutomaticEventSubscriber/LOADING]: Auto-subscribing ttv.migami.jeg.common.NetworkGunManager to FORGE
[20Dec2025 03:22:28.650] [modloading-worker-0/DEBUG] [net.minecraftforge.fml.javafmlmod.AutomaticEventSubscriber/LOADING]: Auto-subscribing ttv.migami.jeg.common.DelayedTask to FORGE
[20Dec2025 03:22:28.655] [modloading-worker-0/DEBUG] [net.minecraftforge.fml.javafmlmod.AutomaticEventSubscriber/LOADING]: Auto-subscribing ttv.migami.jeg.common.CustomGunLoader to FORGE
[20Dec2025 03:22:28.659] [modloading-worker-0/INFO] [Dungeon Crawl/]: Here we go! Launching Dungeon Crawl 2.3.15...
[20Dec2025 03:22:28.663] [modloading-worker-0/DEBUG] [net.minecraftforge.fml.javafmlmod.AutomaticEventSubscriber/LOADING]: Attempting to inject @EventBusSubscriber classes into the eventbus for dungeoncrawl
[20Dec2025 03:22:28.665] [modloading-worker-0/DEBUG] [net.minecraftforge.fml.config.ConfigTracker/CONFIG]: Config file CoroUtil/General.toml for coroutil tracking
[20Dec2025 03:22:28.668] [modloading-worker-0/DEBUG] [net.minecraftforge.fml.javafmlmod.AutomaticEventSubscriber/LOADING]: Attempting to inject @EventBusSubscriber classes into the eventbus for coroutil
[20Dec2025 03:22:28.671] [modloading-worker-0/DEBUG] [net.minecraftforge.fml.javafmlmod.AutomaticEventSubscriber/LOADING]: Attempting to inject @EventBusSubscriber classes into the eventbus for yungsapi
[20Dec2025 03:22:28.672] [modloading-worker-0/DEBUG] [net.minecraftforge.fml.javafmlmod.AutomaticEventSubscriber/LOADING]: Attempting to inject @EventBusSubscriber classes into the eventbus for warfare_wings
[20Dec2025 03:22:28.672] [modloading-worker-0/DEBUG] [net.minecraftforge.fml.javafmlmod.AutomaticEventSubscriber/LOADING]: Auto-subscribing net.velleagle.warfare_wings.forge.WarfareWingsForge to MOD
[20Dec2025 03:22:28.680] [modloading-worker-0/DEBUG] [net.minecraftforge.fml.config.ConfigTracker/CONFIG]: Config file aiimprovements-common.toml for aiimprovements tracking
[20Dec2025 03:22:28.681] [modloading-worker-0/DEBUG] [net.minecraftforge.fml.javafmlmod.AutomaticEventSubscriber/LOADING]: Attempting to inject @EventBusSubscriber classes into the eventbus for aiimprovements
[20Dec2025 03:22:28.681] [modloading-worker-0/DEBUG] [net.minecraftforge.fml.javafmlmod.AutomaticEventSubscriber/LOADING]: Auto-subscribing com.builtbroken.ai.improvements.modifier.ModifierSystem to FORGE
[20Dec2025 03:22:28.686] [modloading-worker-0/DEBUG] [net.minecraftforge.fml.javafmlmod.AutomaticEventSubscriber/LOADING]: Auto-subscribing com.builtbroken.ai.improvements.AIImprovements to MOD
[20Dec2025 03:22:28.689] [modloading-worker-0/DEBUG] [net.minecraftforge.fml.config.ConfigTracker/CONFIG]: Config file iceandfire-client.toml for iceandfire tracking
[20Dec2025 03:22:28.692] [modloading-worker-0/DEBUG] [net.minecraftforge.fml.config.ConfigTracker/CONFIG]: Config file iceandfire-common.toml for iceandfire tracking
[20Dec2025 03:22:28.723] [modloading-worker-0/DEBUG] [net.minecraftforge.fml.javafmlmod.AutomaticEventSubscriber/LOADING]: Attempting to inject @EventBusSubscriber classes into the eventbus for balm
[20Dec2025 03:22:28.726] [modloading-worker-0/DEBUG] [net.minecraftforge.fml.javafmlmod.AutomaticEventSubscriber/LOADING]: Attempting to inject @EventBusSubscriber classes into the eventbus for puzzleslib
[20Dec2025 03:22:28.726] [modloading-worker-0/DEBUG] [net.minecraftforge.fml.javafmlmod.AutomaticEventSubscriber/LOADING]: Auto-subscribing fuzs.puzzleslib.impl.PuzzlesLibForge to MOD
[20Dec2025 03:22:28.731] [modloading-worker-0/DEBUG] [net.minecraftforge.fml.javafmlmod.AutomaticEventSubscriber/LOADING]: Attempting to inject @EventBusSubscriber classes into the eventbus for gobber2
[20Dec2025 03:22:28.731] [modloading-worker-0/DEBUG] [net.minecraftforge.fml.javafmlmod.AutomaticEventSubscriber/LOADING]: Auto-subscribing com.kwpugh.gobber2.util.PlayerSpecialAbilities to FORGE
[20Dec2025 03:22:28.732] [modloading-worker-0/DEBUG] [net.minecraftforge.fml.javafmlmod.AutomaticEventSubscriber/LOADING]: Auto-subscribing com.kwpugh.gobber2.util.handlers.AbilityEventHandler to FORGE
[20Dec2025 03:22:28.750] [modloading-worker-0/DEBUG] [net.minecraftforge.fml.javafmlmod.AutomaticEventSubscriber/LOADING]: Auto-subscribing com.kwpugh.gobber2.util.handlers.RepairTickEventHandler to FORGE
[20Dec2025 03:22:28.751] [modloading-worker-0/DEBUG] [net.minecraftforge.fml.javafmlmod.AutomaticEventSubscriber/LOADING]: Auto-subscribing com.kwpugh.gobber2.util.handlers.AnvilEventHandler to FORGE
[20Dec2025 03:22:28.756] [modloading-worker-0/DEBUG] [net.minecraftforge.fml.javafmlmod.AutomaticEventSubscriber/LOADING]: Auto-subscribing com.kwpugh.gobber2.util.handlers.MinerBlockManager to FORGE
[20Dec2025 03:22:28.772] [modloading-worker-0/DEBUG] [Framework/]: Loaded com.mrcrayfish.framework.platform.ForgePlatformHelper@707c559d for service interface com.mrcrayfish.framework.platform.services.IPlatformHelper
[20Dec2025 03:22:28.776] [modloading-worker-0/DEBUG] [Framework/]: Loaded com.mrcrayfish.framework.platform.ForgeNetworkHelper@ba8e7cf for service interface com.mrcrayfish.framework.platform.services.INetworkHelper
[20Dec2025 03:22:28.777] [modloading-worker-0/DEBUG] [Framework/]: Loaded com.mrcrayfish.framework.platform.ForgeRegistrationHelper@7e8c5522 for service interface com.mrcrayfish.framework.platform.services.IRegistrationHelper
[20Dec2025 03:22:28.778] [modloading-worker-0/DEBUG] [Framework/]: Loaded com.mrcrayfish.framework.platform.ForgeEntityHelper@5be37ae for service interface com.mrcrayfish.framework.platform.services.IEntityHelper
[20Dec2025 03:22:28.780] [modloading-worker-0/DEBUG] [Framework/]: Loaded com.mrcrayfish.framework.platform.ForgeItemHelper@c64cdbf for service interface com.mrcrayfish.framework.platform.services.IItemHelper
[20Dec2025 03:22:28.788] [modloading-worker-0/DEBUG] [Framework/]: Loaded com.mrcrayfish.framework.platform.ForgeConfigHelper@43cdc0d9 for service interface com.mrcrayfish.framework.platform.services.IConfigHelper
[20Dec2025 03:22:28.794] [modloading-worker-0/INFO] [Puzzles Lib/]: Constructing common components for puzzleslib:main
[20Dec2025 03:22:28.839] [modloading-worker-0/DEBUG] [net.minecraftforge.fml.javafmlmod.AutomaticEventSubscriber/LOADING]: Attempting to inject @EventBusSubscriber classes into the eventbus for puzzlesaccessapi
[20Dec2025 03:22:28.840] [modloading-worker-0/DEBUG] [net.minecraftforge.fml.javafmlmod.AutomaticEventSubscriber/LOADING]: Attempting to inject @EventBusSubscriber classes into the eventbus for cloth_config
[20Dec2025 03:22:28.841] [modloading-worker-0/DEBUG] [net.minecraftforge.versions.forge.ForgeVersion/CORE]: Forge Version package package net.minecraftforge.versions.forge, Forge, version 47.3 from cpw.mods.modlauncher.TransformingClassLoader@7b61bf11
[20Dec2025 03:22:28.841] [modloading-worker-0/DEBUG] [net.minecraftforge.versions.forge.ForgeVersion/CORE]: Found Forge version 47.3.7
[20Dec2025 03:22:28.841] [modloading-worker-0/DEBUG] [net.minecraftforge.versions.forge.ForgeVersion/CORE]: Found Forge spec 47.3
[20Dec2025 03:22:28.841] [modloading-worker-0/DEBUG] [net.minecraftforge.versions.forge.ForgeVersion/CORE]: Found Forge group net.minecraftforge
[20Dec2025 03:22:28.842] [modloading-worker-0/DEBUG] [net.minecraftforge.versions.mcp.MCPVersion/CORE]: MCP Version package package net.minecraftforge.versions.mcp, Minecraft, version 1.20.1 from cpw.mods.modlauncher.TransformingClassLoader@7b61bf11
[20Dec2025 03:22:28.842] [modloading-worker-0/DEBUG] [net.minecraftforge.versions.mcp.MCPVersion/CORE]: Found MC version information 1.20.1
[20Dec2025 03:22:28.842] [modloading-worker-0/DEBUG] [net.minecraftforge.versions.mcp.MCPVersion/CORE]: Found MCP version information 20230612.114412
[20Dec2025 03:22:28.842] [modloading-worker-0/INFO] [net.minecraftforge.common.ForgeMod/FORGEMOD]: Forge mod loading, version 47.3.7, for MC 1.20.1 with MCP 20230612.114412
[20Dec2025 03:22:28.842] [modloading-worker-0/INFO] [net.minecraftforge.common.MinecraftForge/FORGE]: MinecraftForge v47.3.7 Initialized
[20Dec2025 03:22:28.918] [modloading-worker-0/DEBUG] [io.netty.util.internal.PlatformDependent0/]: -Dio.netty.noUnsafe: false
[20Dec2025 03:22:28.921] [modloading-worker-0/DEBUG] [io.netty.util.internal.PlatformDependent0/]: Java version: 21
[20Dec2025 03:22:28.921] [modloading-worker-0/DEBUG] [io.netty.util.internal.PlatformDependent0/]: sun.misc.Unsafe.theUnsafe: available
[20Dec2025 03:22:28.923] [modloading-worker-0/DEBUG] [io.netty.util.internal.PlatformDependent0/]: sun.misc.Unsafe.copyMemory: available
[20Dec2025 03:22:28.924] [modloading-worker-0/DEBUG] [io.netty.util.internal.PlatformDependent0/]: sun.misc.Unsafe.storeFence: available
[20Dec2025 03:22:28.924] [modloading-worker-0/DEBUG] [io.netty.util.internal.PlatformDependent0/]: java.nio.Buffer.address: available
[20Dec2025 03:22:28.924] [modloading-worker-0/DEBUG] [io.netty.util.internal.PlatformDependent0/]: direct buffer constructor: unavailable
java.lang.NoSuchMethodException: java.nio.DirectByteBuffer.<init>(long,int)
	at java.lang.Class.getConstructor0(Class.java:3763) ~[?:?]
	at java.lang.Class.getDeclaredConstructor(Class.java:2932) ~[?:?]
	at io.netty.util.internal.PlatformDependent0$5.run(PlatformDependent0.java:287) ~[netty-common-4.1.82.Final.jar%2382!/:4.1.82.Final]
	at java.security.AccessController.doPrivileged(AccessController.java:319) ~[?:?]
	at io.netty.util.internal.PlatformDependent0.<clinit>(PlatformDependent0.java:282) ~[netty-common-4.1.82.Final.jar%2382!/:4.1.82.Final]
	at io.netty.util.internal.PlatformDependent.isAndroid(PlatformDependent.java:333) ~[netty-common-4.1.82.Final.jar%2382!/:4.1.82.Final]
	at io.netty.util.internal.PlatformDependent.<clinit>(PlatformDependent.java:88) ~[netty-common-4.1.82.Final.jar%2382!/:4.1.82.Final]
	at io.netty.util.ConstantPool.<init>(ConstantPool.java:34) ~[netty-common-4.1.82.Final.jar%2382!/:4.1.82.Final]
	at io.netty.util.AttributeKey$1.<init>(AttributeKey.java:27) ~[netty-common-4.1.82.Final.jar%2382!/:4.1.82.Final]
	at io.netty.util.AttributeKey.<clinit>(AttributeKey.java:27) ~[netty-common-4.1.82.Final.jar%2382!/:4.1.82.Final]
	at net.minecraftforge.network.NetworkConstants.<clinit>(NetworkConstants.java:34) ~[forge-1.20.1-47.3.7-universal.jar%23184!/:?]
	at net.minecraftforge.common.ForgeMod.<init>(ForgeMod.java:429) ~[forge-1.20.1-47.3.7-universal.jar%23184!/:?]
	at jdk.internal.reflect.DirectConstructorHandleAccessor.newInstance(DirectConstructorHandleAccessor.java:62) ~[?:?]
	at java.lang.reflect.Constructor.newInstanceWithCaller(Constructor.java:502) ~[?:?]
	at java.lang.reflect.Constructor.newInstance(Constructor.java:486) ~[?:?]
	at net.minecraftforge.fml.javafmlmod.FMLModContainer.constructMod(FMLModContainer.java:70) ~[javafmllanguage-1.20.1-47.3.7.jar%23181!/:?]
	at net.minecraftforge.fml.ModContainer.lambda$buildTransitionHandler$4(ModContainer.java:124) ~[fmlcore-1.20.1-47.3.7.jar%23180!/:?]
	at java.util.concurrent.CompletableFuture$AsyncRun.run(CompletableFuture.java:1804) ~[?:?]
	at java.util.concurrent.CompletableFuture$AsyncRun.exec(CompletableFuture.java:1796) ~[?:?]
	at java.util.concurrent.ForkJoinTask.doExec(ForkJoinTask.java:387) ~[?:?]
	at java.util.concurrent.ForkJoinPool$WorkQueue.topLevelExec(ForkJoinPool.java:1312) ~[?:?]
	at java.util.concurrent.ForkJoinPool.scan(ForkJoinPool.java:1843) ~[?:?]
	at java.util.concurrent.ForkJoinPool.runWorker(ForkJoinPool.java:1808) ~[?:?]
	at java.util.concurrent.ForkJoinWorkerThread.run(ForkJoinWorkerThread.java:188) ~[?:?]
[20Dec2025 03:22:28.926] [modloading-worker-0/DEBUG] [Framework/]: Started watching config: /workspaces/MSP-2.6/servidor_minecraft/config/goblintraders-entities.toml
[20Dec2025 03:22:28.929] [modloading-worker-0/DEBUG] [io.netty.util.internal.PlatformDependent0/]: java.nio.Bits.unaligned: available, true
[20Dec2025 03:22:28.930] [modloading-worker-0/DEBUG] [io.netty.util.internal.PlatformDependent0/]: jdk.internal.misc.Unsafe.allocateUninitializedArray(int): unavailable
java.lang.IllegalAccessException: class io.netty.util.internal.PlatformDependent0$7 (in module io.netty.common) cannot access class jdk.internal.misc.Unsafe (in module java.base) because module java.base does not export jdk.internal.misc to module io.netty.common
	at jdk.internal.reflect.Reflection.newIllegalAccessException(Reflection.java:394) ~[?:?]
	at java.lang.reflect.AccessibleObject.checkAccess(AccessibleObject.java:714) ~[?:?]
	at java.lang.reflect.Method.invoke(Method.java:571) ~[?:?]
	at io.netty.util.internal.PlatformDependent0$7.run(PlatformDependent0.java:410) ~[netty-common-4.1.82.Final.jar%2382!/:4.1.82.Final]
	at java.security.AccessController.doPrivileged(AccessController.java:319) ~[?:?]
	at io.netty.util.internal.PlatformDependent0.<clinit>(PlatformDependent0.java:401) ~[netty-common-4.1.82.Final.jar%2382!/:4.1.82.Final]
	at io.netty.util.internal.PlatformDependent.isAndroid(PlatformDependent.java:333) ~[netty-common-4.1.82.Final.jar%2382!/:4.1.82.Final]
	at io.netty.util.internal.PlatformDependent.<clinit>(PlatformDependent.java:88) ~[netty-common-4.1.82.Final.jar%2382!/:4.1.82.Final]
	at io.netty.util.ConstantPool.<init>(ConstantPool.java:34) ~[netty-common-4.1.82.Final.jar%2382!/:4.1.82.Final]
	at io.netty.util.AttributeKey$1.<init>(AttributeKey.java:27) ~[netty-common-4.1.82.Final.jar%2382!/:4.1.82.Final]
	at io.netty.util.AttributeKey.<clinit>(AttributeKey.java:27) ~[netty-common-4.1.82.Final.jar%2382!/:4.1.82.Final]
	at net.minecraftforge.network.NetworkConstants.<clinit>(NetworkConstants.java:34) ~[forge-1.20.1-47.3.7-universal.jar%23184!/:?]
	at net.minecraftforge.common.ForgeMod.<init>(ForgeMod.java:429) ~[forge-1.20.1-47.3.7-universal.jar%23184!/:?]
	at jdk.internal.reflect.DirectConstructorHandleAccessor.newInstance(DirectConstructorHandleAccessor.java:62) ~[?:?]
	at java.lang.reflect.Constructor.newInstanceWithCaller(Constructor.java:502) ~[?:?]
	at java.lang.reflect.Constructor.newInstance(Constructor.java:486) ~[?:?]
	at net.minecraftforge.fml.javafmlmod.FMLModContainer.constructMod(FMLModContainer.java:70) ~[javafmllanguage-1.20.1-47.3.7.jar%23181!/:?]
	at net.minecraftforge.fml.ModContainer.lambda$buildTransitionHandler$4(ModContainer.java:124) ~[fmlcore-1.20.1-47.3.7.jar%23180!/:?]
	at java.util.concurrent.CompletableFuture$AsyncRun.run(CompletableFuture.java:1804) ~[?:?]
	at java.util.concurrent.CompletableFuture$AsyncRun.exec(CompletableFuture.java:1796) ~[?:?]
	at java.util.concurrent.ForkJoinTask.doExec(ForkJoinTask.java:387) ~[?:?]
	at java.util.concurrent.ForkJoinPool$WorkQueue.topLevelExec(ForkJoinPool.java:1312) ~[?:?]
	at java.util.concurrent.ForkJoinPool.scan(ForkJoinPool.java:1843) ~[?:?]
	at java.util.concurrent.ForkJoinPool.runWorker(ForkJoinPool.java:1808) ~[?:?]
	at java.util.concurrent.ForkJoinWorkerThread.run(ForkJoinWorkerThread.java:188) ~[?:?]
[20Dec2025 03:22:28.930] [modloading-worker-0/DEBUG] [io.netty.util.internal.PlatformDependent0/]: java.nio.DirectByteBuffer.<init>(long, int): unavailable
[20Dec2025 03:22:28.931] [modloading-worker-0/DEBUG] [io.netty.util.internal.PlatformDependent/]: sun.misc.Unsafe: available
[20Dec2025 03:22:28.931] [modloading-worker-0/DEBUG] [io.netty.util.internal.PlatformDependent/]: maxDirectMemory: 12884901888 bytes (maybe)
[20Dec2025 03:22:28.935] [modloading-worker-0/DEBUG] [io.netty.util.internal.PlatformDependent/]: -Dio.netty.tmpdir: /tmp (java.io.tmpdir)
[20Dec2025 03:22:28.935] [modloading-worker-0/DEBUG] [io.netty.util.internal.PlatformDependent/]: -Dio.netty.bitMode: 64 (sun.arch.data.model)
[20Dec2025 03:22:28.935] [modloading-worker-0/DEBUG] [io.netty.util.internal.PlatformDependent/]: -Dio.netty.maxDirectMemory: -1 bytes
[20Dec2025 03:22:28.938] [modloading-worker-0/DEBUG] [io.netty.util.internal.PlatformDependent/]: -Dio.netty.uninitializedArrayAllocationThreshold: -1
[20Dec2025 03:22:28.939] [modloading-worker-0/DEBUG] [io.netty.util.internal.CleanerJava9/]: java.nio.ByteBuffer.cleaner(): available
[20Dec2025 03:22:28.939] [modloading-worker-0/DEBUG] [io.netty.util.internal.PlatformDependent/]: -Dio.netty.noPreferDirect: false
[20Dec2025 03:22:28.981] [modloading-worker-0/DEBUG] [net.minecraftforge.fml.javafmlmod.AutomaticEventSubscriber/LOADING]: Attempting to inject @EventBusSubscriber classes into the eventbus for framework
[20Dec2025 03:22:28.982] [modloading-worker-0/DEBUG] [net.minecraftforge.fml.javafmlmod.AutomaticEventSubscriber/LOADING]: Auto-subscribing com.mrcrayfish.framework.entity.sync.ForgeSyncedEntityDataHandler to FORGE
[20Dec2025 03:22:28.990] [modloading-worker-0/DEBUG] [net.minecraftforge.common.ForgeMod/FORGEMOD]: Loading Network data for FML net version: FML3
[20Dec2025 03:22:28.992] [modloading-worker-0/DEBUG] [net.minecraftforge.fml.javafmlmod.AutomaticEventSubscriber/LOADING]: Attempting to inject @EventBusSubscriber classes into the eventbus for horde_hoard
[20Dec2025 03:22:28.992] [modloading-worker-0/DEBUG] [net.minecraftforge.fml.javafmlmod.AutomaticEventSubscriber/LOADING]: Auto-subscribing net.mcreator.horde_hoard.procedures.TeamMakerProcedure to FORGE
[20Dec2025 03:22:28.993] [modloading-worker-0/DEBUG] [net.minecraftforge.fml.javafmlmod.AutomaticEventSubscriber/LOADING]: Auto-subscribing net.mcreator.horde_hoard.procedures.LeapTickProcedure to FORGE
[20Dec2025 03:22:28.997] [modloading-worker-0/DEBUG] [net.minecraftforge.fml.javafmlmod.AutomaticEventSubscriber/LOADING]: Auto-subscribing net.mcreator.horde_hoard.procedures.IronGolemTickProcedure to FORGE
[20Dec2025 03:22:28.999] [modloading-worker-0/DEBUG] [net.minecraftforge.fml.javafmlmod.AutomaticEventSubscriber/LOADING]: Auto-subscribing net.mcreator.horde_hoard.procedures.IronGolemSwooshProcedure to FORGE
[20Dec2025 03:22:29.005] [modloading-worker-0/DEBUG] [net.minecraftforge.fml.javafmlmod.AutomaticEventSubscriber/LOADING]: Auto-subscribing net.mcreator.horde_hoard.procedures.IronGolemHealCooldownProcedure to FORGE
[20Dec2025 03:22:29.006] [modloading-worker-0/DEBUG] [net.minecraftforge.fml.javafmlmod.AutomaticEventSubscriber/LOADING]: Auto-subscribing net.mcreator.horde_hoard.procedures.IronGolemAttackedProcedure to FORGE
[20Dec2025 03:22:29.007] [modloading-worker-0/DEBUG] [net.minecraftforge.fml.javafmlmod.AutomaticEventSubscriber/LOADING]: Auto-subscribing net.mcreator.horde_hoard.procedures.IntelligentTickProcedure to FORGE
[20Dec2025 03:22:29.017] [modloading-worker-0/DEBUG] [net.minecraftforge.fml.javafmlmod.AutomaticEventSubscriber/LOADING]: Auto-subscribing net.mcreator.horde_hoard.procedures.IntelligentSpawnsProcedure to FORGE
[20Dec2025 03:22:29.018] [modloading-worker-0/DEBUG] [net.minecraftforge.fml.javafmlmod.AutomaticEventSubscriber/LOADING]: Auto-subscribing net.mcreator.horde_hoard.procedures.IntelligentDashAwayProcedure to FORGE
[20Dec2025 03:22:29.021] [modloading-worker-0/DEBUG] [net.minecraftforge.fml.config.ConfigTracker/CONFIG]: Config file forge-client.toml for forge tracking
[20Dec2025 03:22:29.021] [modloading-worker-0/DEBUG] [net.minecraftforge.fml.config.ConfigTracker/CONFIG]: Config file forge-server.toml for forge tracking
[20Dec2025 03:22:29.021] [modloading-worker-0/DEBUG] [net.minecraftforge.fml.ModLoadingContext/]: Attempted to register an empty config for type COMMON on mod forge
[20Dec2025 03:22:29.022] [modloading-worker-0/DEBUG] [net.minecraftforge.fml.javafmlmod.AutomaticEventSubscriber/LOADING]: Auto-subscribing net.mcreator.horde_hoard.procedures.HordeTickProcedure to FORGE
[20Dec2025 03:22:29.023] [modloading-worker-0/DEBUG] [net.minecraftforge.fml.javafmlmod.AutomaticEventSubscriber/LOADING]: Auto-subscribing net.mcreator.horde_hoard.procedures.HordeStopMultiplyingProcedure to FORGE
[20Dec2025 03:22:29.026] [modloading-worker-0/DEBUG] [net.minecraftforge.fml.javafmlmod.AutomaticEventSubscriber/LOADING]: Auto-subscribing net.mcreator.horde_hoard.init.HordeHoardModGameRules to MOD
[20Dec2025 03:22:29.067] [modloading-worker-0/DEBUG] [net.minecraftforge.fml.javafmlmod.AutomaticEventSubscriber/LOADING]: Attempting to inject @EventBusSubscriber classes into the eventbus for forge
[20Dec2025 03:22:29.069] [modloading-worker-0/DEBUG] [net.minecraftforge.fml.javafmlmod.AutomaticEventSubscriber/LOADING]: Auto-subscribing net.minecraftforge.common.ForgeSpawnEggItem$CommonHandler to MOD
[20Dec2025 03:22:29.071] [modloading-worker-0/DEBUG] [net.minecraftforge.fml.javafmlmod.AutomaticEventSubscriber/LOADING]: Attempting to inject @EventBusSubscriber classes into the eventbus for enchantinginfuser
[20Dec2025 03:22:29.071] [modloading-worker-0/DEBUG] [net.minecraftforge.fml.javafmlmod.AutomaticEventSubscriber/LOADING]: Auto-subscribing fuzs.enchantinginfuser.EnchantingInfuserForge to MOD
[20Dec2025 03:22:29.092] [modloading-worker-0/DEBUG] [net.minecraftforge.fml.javafmlmod.AutomaticEventSubscriber/LOADING]: Attempting to inject @EventBusSubscriber classes into the eventbus for mteg
[20Dec2025 03:22:29.092] [modloading-worker-0/DEBUG] [net.minecraftforge.fml.javafmlmod.AutomaticEventSubscriber/LOADING]: Auto-subscribing ttv.migami.mteg.init.ModParticleTypes to MOD
[20Dec2025 03:22:29.092] [modloading-worker-0/DEBUG] [net.minecraftforge.fml.javafmlmod.AutomaticEventSubscriber/LOADING]: Auto-subscribing ttv.migami.mteg.event.GarandPingEvent to FORGE
[20Dec2025 03:22:29.104] [modloading-worker-0/DEBUG] [SkinRestorer/]: Loaded net.lionarius.skinrestorer.forge.platform.ForgePlatformHelper@30d97998 for service interface net.lionarius.skinrestorer.platform.services.PlatformHelper
[20Dec2025 03:22:29.105] [modloading-worker-0/DEBUG] [SkinRestorer/]: Loaded net.lionarius.skinrestorer.forge.platform.ForgeCompatibilityHelper@62bbb232 for service interface net.lionarius.skinrestorer.platform.services.CompatibilityHelper
[20Dec2025 03:22:29.108] [modloading-worker-0/INFO] [Puzzles Lib/]: Constructing common components for enchantinginfuser:main
[20Dec2025 03:22:29.141] [modloading-worker-0/DEBUG] [net.minecraftforge.fml.javafmlmod.AutomaticEventSubscriber/LOADING]: Attempting to inject @EventBusSubscriber classes into the eventbus for travelersbackpack
[20Dec2025 03:22:29.141] [modloading-worker-0/DEBUG] [net.minecraftforge.fml.javafmlmod.AutomaticEventSubscriber/LOADING]: Auto-subscribing com.tiviacz.travelersbackpack.handlers.NeoForgeEventHandler to FORGE
[20Dec2025 03:22:29.148] [modloading-worker-0/DEBUG] [mixin/]: Mixing GameProfileCacheAccessor from skinrestorer.mixins.json into net.minecraft.server.players.GameProfileCache
[20Dec2025 03:22:29.150] [modloading-worker-0/DEBUG] [net.minecraftforge.fml.config.ConfigTracker/CONFIG]: Config file enchantinginfuser-server.toml for enchantinginfuser tracking
[20Dec2025 03:22:29.173] [modloading-worker-0/DEBUG] [net.minecraftforge.fml.javafmlmod.AutomaticEventSubscriber/LOADING]: Auto-subscribing com.tiviacz.travelersbackpack.handlers.ModEventHandler to MOD
[20Dec2025 03:22:29.238] [modloading-worker-0/DEBUG] [net.minecraftforge.fml.javafmlmod.AutomaticEventSubscriber/LOADING]: Attempting to inject @EventBusSubscriber classes into the eventbus for skinrestorer
[20Dec2025 03:22:29.239] [modloading-worker-0/DEBUG] [net.minecraftforge.fml.javafmlmod.AutomaticEventSubscriber/LOADING]: Auto-subscribing net.lionarius.skinrestorer.forge.SkinRestorerForge to FORGE
[20Dec2025 03:22:29.362] [modloading-worker-0/DEBUG] [net.minecraftforge.fml.javafmlmod.AutomaticEventSubscriber/LOADING]: Attempting to inject @EventBusSubscriber classes into the eventbus for iceandfire
[20Dec2025 03:22:29.362] [modloading-worker-0/DEBUG] [net.minecraftforge.fml.javafmlmod.AutomaticEventSubscriber/LOADING]: Auto-subscribing com.github.alexthe666.iceandfire.recipe.IafRecipeRegistry to MOD
[20Dec2025 03:22:29.362] [modloading-worker-0/DEBUG] [net.minecraftforge.fml.javafmlmod.AutomaticEventSubscriber/LOADING]: Auto-subscribing com.github.alexthe666.iceandfire.misc.IafSoundRegistry to MOD
[20Dec2025 03:22:29.363] [modloading-worker-0/DEBUG] [net.minecraftforge.fml.javafmlmod.AutomaticEventSubscriber/LOADING]: Auto-subscribing com.github.alexthe666.iceandfire.misc.IafDamageRegistry to MOD
[20Dec2025 03:22:29.365] [modloading-worker-0/DEBUG] [net.minecraftforge.fml.javafmlmod.AutomaticEventSubscriber/LOADING]: Auto-subscribing com.github.alexthe666.iceandfire.item.IafItemRegistry to MOD
[20Dec2025 03:22:29.366] [modloading-worker-0/DEBUG] [net.minecraftforge.fml.javafmlmod.AutomaticEventSubscriber/LOADING]: Auto-subscribing com.github.alexthe666.iceandfire.event.ServerEvents to FORGE
[20Dec2025 03:22:29.379] [modloading-worker-0/DEBUG] [net.minecraftforge.fml.javafmlmod.AutomaticEventSubscriber/LOADING]: Auto-subscribing com.github.alexthe666.iceandfire.entity.props.CapabilityHandler to FORGE
[20Dec2025 03:22:29.382] [modloading-worker-0/DEBUG] [net.minecraftforge.fml.javafmlmod.AutomaticEventSubscriber/LOADING]: Auto-subscribing com.github.alexthe666.iceandfire.entity.IafVillagerRegistry to MOD
[20Dec2025 03:22:29.382] [modloading-worker-0/DEBUG] [net.minecraftforge.fml.javafmlmod.AutomaticEventSubscriber/LOADING]: Auto-subscribing com.github.alexthe666.iceandfire.entity.IafEntityRegistry to MOD
[20Dec2025 03:22:29.382] [modloading-worker-0/DEBUG] [net.minecraftforge.fml.javafmlmod.AutomaticEventSubscriber/LOADING]: Auto-subscribing com.github.alexthe666.iceandfire.datagen.DataGenerators to MOD
[20Dec2025 03:22:29.387] [modloading-worker-0/DEBUG] [mixin/]: Mixing TagsProviderForgeMixin from puzzleslib.forge.mixins.json into net.minecraft.data.tags.TagsProvider
[20Dec2025 03:22:29.392] [modloading-worker-0/DEBUG] [net.minecraftforge.fml.javafmlmod.AutomaticEventSubscriber/LOADING]: Auto-subscribing com.github.alexthe666.iceandfire.block.IafBlockRegistry to MOD
[20Dec2025 03:22:29.392] [modloading-worker-0/DEBUG] [net.minecraftforge.fml.javafmlmod.AutomaticEventSubscriber/LOADING]: Auto-subscribing com.github.alexthe666.iceandfire.IceAndFire to FORGE
[20Dec2025 03:22:29.393] [modloading-worker-0/DEBUG] [net.minecraftforge.fml.javafmlmod.AutomaticEventSubscriber/LOADING]: Auto-subscribing com.github.alexthe666.iceandfire.CommonProxy to MOD
[20Dec2025 03:22:29.396] [main/DEBUG] [net.minecraftforge.fml.DeferredWorkQueue/LOADING]: Dispatching synchronous work for work queue CONSTRUCT: 1 jobs
[20Dec2025 03:22:29.398] [main/DEBUG] [net.minecraftforge.fml.config.ConfigTracker/CONFIG]: Config file bosses_rise_config.toml for block_factorys_bosses tracking
[20Dec2025 03:22:29.398] [main/DEBUG] [net.minecraftforge.fml.DeferredWorkQueue/LOADING]: Synchronous work queue completed in 1.752 ms
[20Dec2025 03:22:29.573] [main/DEBUG] [net.minecraftforge.common.capabilities.CapabilityManager/CAPABILITIES]: Attempting to automatically register: Lcom/tiviacz/travelersbackpack/capability/ITravelersBackpack;
[20Dec2025 03:22:29.574] [main/DEBUG] [net.minecraftforge.common.capabilities.CapabilityManager/CAPABILITIES]: Attempting to automatically register: Lnet/minecraftforge/energy/IEnergyStorage;
[20Dec2025 03:22:29.574] [main/DEBUG] [net.minecraftforge.common.capabilities.CapabilityManager/CAPABILITIES]: Attempting to automatically register: Lnet/minecraftforge/fluids/capability/IFluidHandler;
[20Dec2025 03:22:29.574] [main/DEBUG] [net.minecraftforge.common.capabilities.CapabilityManager/CAPABILITIES]: Attempting to automatically register: Lnet/minecraftforge/fluids/capability/IFluidHandlerItem;
[20Dec2025 03:22:29.574] [main/DEBUG] [net.minecraftforge.common.capabilities.CapabilityManager/CAPABILITIES]: Attempting to automatically register: Lnet/minecraftforge/items/IItemHandler;
[20Dec2025 03:22:30.460] [main/DEBUG] [Goblin Traders/]: Loaded com.mrcrayfish.goblintraders.platform.ForgePlatformHelper@6d0beb62 for service interface com.mrcrayfish.goblintraders.platform.services.IPlatformHelper
[20Dec2025 03:22:30.861] [main/DEBUG] [net.minecraftforge.fml.config.ConfigTracker/CONFIG]: Loading configs type COMMON
[20Dec2025 03:22:30.861] [main/DEBUG] [net.minecraftforge.fml.config.ConfigFileTypeHandler/CONFIG]: Built TOML config for /workspaces/MSP-2.6/servidor_minecraft/config/netherexp-common.toml
[20Dec2025 03:22:30.863] [main/DEBUG] [net.minecraftforge.fml.config.ConfigFileTypeHandler/CONFIG]: Loaded TOML config file /workspaces/MSP-2.6/servidor_minecraft/config/netherexp-common.toml
[20Dec2025 03:22:30.864] [main/DEBUG] [net.minecraftforge.fml.config.ConfigFileTypeHandler/CONFIG]: Watching TOML config file /workspaces/MSP-2.6/servidor_minecraft/config/netherexp-common.toml for changes
[20Dec2025 03:22:30.866] [Thread-3/DEBUG] [net.minecraftforge.fml.config.ConfigFileTypeHandler/CONFIG]: Config file netherexp-common.toml changed, sending notifies
[20Dec2025 03:22:30.867] [main/DEBUG] [net.minecraftforge.fml.config.ConfigFileTypeHandler/CONFIG]: Built TOML config for /workspaces/MSP-2.6/servidor_minecraft/config/trashslot-common.toml
[20Dec2025 03:22:30.867] [main/DEBUG] [net.minecraftforge.fml.config.ConfigFileTypeHandler/CONFIG]: Loaded TOML config file /workspaces/MSP-2.6/servidor_minecraft/config/trashslot-common.toml
[20Dec2025 03:22:30.868] [main/DEBUG] [net.minecraftforge.fml.config.ConfigFileTypeHandler/CONFIG]: Watching TOML config file /workspaces/MSP-2.6/servidor_minecraft/config/trashslot-common.toml for changes
[20Dec2025 03:22:30.868] [Thread-3/DEBUG] [net.minecraftforge.fml.config.ConfigFileTypeHandler/CONFIG]: Config file netherexp-common.toml changed, sending notifies
[20Dec2025 03:22:30.870] [Thread-3/DEBUG] [net.minecraftforge.fml.config.ConfigFileTypeHandler/CONFIG]: Config file netherexp-common.toml changed, sending notifies
[20Dec2025 03:22:30.870] [Thread-3/DEBUG] [net.minecraftforge.fml.config.ConfigFileTypeHandler/CONFIG]: Config file trashslot-common.toml changed, sending notifies
[20Dec2025 03:22:30.870] [main/DEBUG] [net.minecraftforge.fml.config.ConfigFileTypeHandler/CONFIG]: Built TOML config for /workspaces/MSP-2.6/servidor_minecraft/config/jeg-common.toml
[20Dec2025 03:22:30.871] [main/DEBUG] [net.minecraftforge.fml.config.ConfigFileTypeHandler/CONFIG]: Loaded TOML config file /workspaces/MSP-2.6/servidor_minecraft/config/jeg-common.toml
[20Dec2025 03:22:30.871] [main/DEBUG] [net.minecraftforge.fml.config.ConfigFileTypeHandler/CONFIG]: Watching TOML config file /workspaces/MSP-2.6/servidor_minecraft/config/jeg-common.toml for changes
[20Dec2025 03:22:30.873] [Thread-3/DEBUG] [net.minecraftforge.fml.config.ConfigFileTypeHandler/CONFIG]: Config file trashslot-common.toml changed, sending notifies
[20Dec2025 03:22:30.873] [Thread-3/DEBUG] [net.minecraftforge.fml.config.ConfigFileTypeHandler/CONFIG]: Config file jeg-common.toml changed, sending notifies
[20Dec2025 03:22:30.875] [main/DEBUG] [net.minecraftforge.fml.config.ConfigFileTypeHandler/CONFIG]: Built TOML config for /workspaces/MSP-2.6/servidor_minecraft/config/ribbits-forge-1_20_1.toml
[20Dec2025 03:22:30.875] [main/DEBUG] [net.minecraftforge.fml.config.ConfigFileTypeHandler/CONFIG]: Loaded TOML config file /workspaces/MSP-2.6/servidor_minecraft/config/ribbits-forge-1_20_1.toml
[20Dec2025 03:22:30.875] [main/DEBUG] [net.minecraftforge.fml.config.ConfigFileTypeHandler/CONFIG]: Watching TOML config file /workspaces/MSP-2.6/servidor_minecraft/config/ribbits-forge-1_20_1.toml for changes
[20Dec2025 03:22:30.876] [Thread-3/DEBUG] [net.minecraftforge.fml.config.ConfigFileTypeHandler/CONFIG]: Config file ribbits-forge-1_20_1.toml changed, sending notifies
[20Dec2025 03:22:30.876] [main/DEBUG] [net.minecraftforge.fml.config.ConfigFileTypeHandler/CONFIG]: Built TOML config for /workspaces/MSP-2.6/servidor_minecraft/config/curios-common.toml
[20Dec2025 03:22:30.876] [main/DEBUG] [net.minecraftforge.fml.config.ConfigFileTypeHandler/CONFIG]: Loaded TOML config file /workspaces/MSP-2.6/servidor_minecraft/config/curios-common.toml
[20Dec2025 03:22:30.876] [main/DEBUG] [net.minecraftforge.fml.config.ConfigFileTypeHandler/CONFIG]: Watching TOML config file /workspaces/MSP-2.6/servidor_minecraft/config/curios-common.toml for changes
[20Dec2025 03:22:30.876] [Thread-3/DEBUG] [net.minecraftforge.fml.config.ConfigFileTypeHandler/CONFIG]: Config file ribbits-forge-1_20_1.toml changed, sending notifies
[20Dec2025 03:22:30.877] [main/DEBUG] [net.minecraftforge.fml.config.ConfigFileTypeHandler/CONFIG]: Built TOML config for /workspaces/MSP-2.6/servidor_minecraft/config/waystones-common.toml
[20Dec2025 03:22:30.877] [Thread-3/DEBUG] [net.minecraftforge.fml.config.ConfigFileTypeHandler/CONFIG]: Config file curios-common.toml changed, sending notifies
[20Dec2025 03:22:30.877] [main/DEBUG] [net.minecraftforge.fml.config.ConfigFileTypeHandler/CONFIG]: Loaded TOML config file /workspaces/MSP-2.6/servidor_minecraft/config/waystones-common.toml
[20Dec2025 03:22:30.877] [main/DEBUG] [net.minecraftforge.fml.config.ConfigFileTypeHandler/CONFIG]: Watching TOML config file /workspaces/MSP-2.6/servidor_minecraft/config/waystones-common.toml for changes
[20Dec2025 03:22:30.881] [Thread-3/DEBUG] [net.minecraftforge.fml.config.ConfigFileTypeHandler/CONFIG]: Config file waystones-common.toml changed, sending notifies
[20Dec2025 03:22:30.881] [main/DEBUG] [net.minecraftforge.fml.config.ConfigFileTypeHandler/CONFIG]: Built TOML config for /workspaces/MSP-2.6/servidor_minecraft/config/citadel-common.toml
[20Dec2025 03:22:30.881] [main/DEBUG] [net.minecraftforge.fml.config.ConfigFileTypeHandler/CONFIG]: Loaded TOML config file /workspaces/MSP-2.6/servidor_minecraft/config/citadel-common.toml
[20Dec2025 03:22:30.881] [main/DEBUG] [net.minecraftforge.fml.config.ConfigFileTypeHandler/CONFIG]: Watching TOML config file /workspaces/MSP-2.6/servidor_minecraft/config/citadel-common.toml for changes
[20Dec2025 03:22:30.882] [main/DEBUG] [net.minecraftforge.fml.config.ConfigFileTypeHandler/CONFIG]: Built TOML config for /workspaces/MSP-2.6/servidor_minecraft/config/zombieawareness/General.toml
[20Dec2025 03:22:30.882] [main/DEBUG] [net.minecraftforge.fml.config.ConfigFileTypeHandler/CONFIG]: Loaded TOML config file /workspaces/MSP-2.6/servidor_minecraft/config/zombieawareness/General.toml
[20Dec2025 03:22:30.883] [main/DEBUG] [net.minecraftforge.fml.config.ConfigFileTypeHandler/CONFIG]: Watching TOML config file /workspaces/MSP-2.6/servidor_minecraft/config/zombieawareness/General.toml for changes
[20Dec2025 03:22:30.884] [main/DEBUG] [net.minecraftforge.fml.config.ConfigFileTypeHandler/CONFIG]: Built TOML config for /workspaces/MSP-2.6/servidor_minecraft/config/zombieawareness/ClientConfig.toml
[20Dec2025 03:22:30.884] [main/DEBUG] [net.minecraftforge.fml.config.ConfigFileTypeHandler/CONFIG]: Loaded TOML config file /workspaces/MSP-2.6/servidor_minecraft/config/zombieawareness/ClientConfig.toml
[20Dec2025 03:22:30.884] [main/DEBUG] [net.minecraftforge.fml.config.ConfigFileTypeHandler/CONFIG]: Watching TOML config file /workspaces/MSP-2.6/servidor_minecraft/config/zombieawareness/ClientConfig.toml for changes
[20Dec2025 03:22:30.884] [main/DEBUG] [net.minecraftforge.fml.config.ConfigFileTypeHandler/CONFIG]: Built TOML config for /workspaces/MSP-2.6/servidor_minecraft/config/zombieawareness/Features.toml
[20Dec2025 03:22:30.884] [Thread-3/DEBUG] [net.minecraftforge.fml.config.ConfigFileTypeHandler/CONFIG]: Config file waystones-common.toml changed, sending notifies
[20Dec2025 03:22:30.884] [main/DEBUG] [net.minecraftforge.fml.config.ConfigFileTypeHandler/CONFIG]: Loaded TOML config file /workspaces/MSP-2.6/servidor_minecraft/config/zombieawareness/Features.toml
[20Dec2025 03:22:30.885] [main/DEBUG] [net.minecraftforge.fml.config.ConfigFileTypeHandler/CONFIG]: Watching TOML config file /workspaces/MSP-2.6/servidor_minecraft/config/zombieawareness/Features.toml for changes
[20Dec2025 03:22:30.885] [main/DEBUG] [net.minecraftforge.fml.config.ConfigFileTypeHandler/CONFIG]: Built TOML config for /workspaces/MSP-2.6/servidor_minecraft/config/zombieawareness/MobLists.toml
[20Dec2025 03:22:30.885] [main/DEBUG] [net.minecraftforge.fml.config.ConfigFileTypeHandler/CONFIG]: Loaded TOML config file /workspaces/MSP-2.6/servidor_minecraft/config/zombieawareness/MobLists.toml
[20Dec2025 03:22:30.886] [main/DEBUG] [net.minecraftforge.fml.config.ConfigFileTypeHandler/CONFIG]: Watching TOML config file /workspaces/MSP-2.6/servidor_minecraft/config/zombieawareness/MobLists.toml for changes
[20Dec2025 03:22:30.886] [Thread-3/DEBUG] [net.minecraftforge.fml.config.ConfigFileTypeHandler/CONFIG]: Config file citadel-common.toml changed, sending notifies
[20Dec2025 03:22:30.886] [Thread-3/DEBUG] [net.minecraftforge.fml.config.ConfigFileTypeHandler/CONFIG]: Config file zombieawareness/MobLists.toml changed, sending notifies
[20Dec2025 03:22:30.887] [Thread-3/DEBUG] [net.minecraftforge.fml.config.ConfigFileTypeHandler/CONFIG]: Config file zombieawareness/MobLists.toml changed, sending notifies
[20Dec2025 03:22:30.887] [Thread-3/DEBUG] [net.minecraftforge.fml.config.ConfigFileTypeHandler/CONFIG]: Config file zombieawareness/MobLists.toml changed, sending notifies
[20Dec2025 03:22:30.888] [main/DEBUG] [net.minecraftforge.fml.config.ConfigFileTypeHandler/CONFIG]: Built TOML config for /workspaces/MSP-2.6/servidor_minecraft/config/zombieawareness/PlayerRulesAndLists.toml
[20Dec2025 03:22:30.888] [main/DEBUG] [net.minecraftforge.fml.config.ConfigFileTypeHandler/CONFIG]: Loaded TOML config file /workspaces/MSP-2.6/servidor_minecraft/config/zombieawareness/PlayerRulesAndLists.toml
[20Dec2025 03:22:30.888] [main/DEBUG] [net.minecraftforge.fml.config.ConfigFileTypeHandler/CONFIG]: Watching TOML config file /workspaces/MSP-2.6/servidor_minecraft/config/zombieawareness/PlayerRulesAndLists.toml for changes
[20Dec2025 03:22:30.888] [Thread-3/DEBUG] [net.minecraftforge.fml.config.ConfigFileTypeHandler/CONFIG]: Config file zombieawareness/MobLists.toml changed, sending notifies
[20Dec2025 03:22:30.888] [Thread-3/DEBUG] [net.minecraftforge.fml.config.ConfigFileTypeHandler/CONFIG]: Config file zombieawareness/PlayerRulesAndLists.toml changed, sending notifies
[20Dec2025 03:22:30.888] [main/DEBUG] [net.minecraftforge.fml.config.ConfigFileTypeHandler/CONFIG]: Built TOML config for /workspaces/MSP-2.6/servidor_minecraft/config/travelersbackpack-common.toml
[20Dec2025 03:22:30.888] [main/DEBUG] [net.minecraftforge.fml.config.ConfigFileTypeHandler/CONFIG]: Loaded TOML config file /workspaces/MSP-2.6/servidor_minecraft/config/travelersbackpack-common.toml
[20Dec2025 03:22:30.889] [main/DEBUG] [net.minecraftforge.fml.config.ConfigFileTypeHandler/CONFIG]: Watching TOML config file /workspaces/MSP-2.6/servidor_minecraft/config/travelersbackpack-common.toml for changes
[20Dec2025 03:22:30.889] [Thread-3/DEBUG] [net.minecraftforge.fml.config.ConfigFileTypeHandler/CONFIG]: Config file zombieawareness/PlayerRulesAndLists.toml changed, sending notifies
[20Dec2025 03:22:30.889] [main/DEBUG] [net.minecraftforge.fml.config.ConfigFileTypeHandler/CONFIG]: Built TOML config for /workspaces/MSP-2.6/servidor_minecraft/config/CoroUtil/General.toml
[20Dec2025 03:22:30.889] [main/DEBUG] [net.minecraftforge.fml.config.ConfigFileTypeHandler/CONFIG]: Loaded TOML config file /workspaces/MSP-2.6/servidor_minecraft/config/CoroUtil/General.toml
[20Dec2025 03:22:30.889] [Thread-3/DEBUG] [net.minecraftforge.fml.config.ConfigFileTypeHandler/CONFIG]: Config file travelersbackpack-common.toml changed, sending notifies
[20Dec2025 03:22:30.890] [main/DEBUG] [net.minecraftforge.fml.config.ConfigFileTypeHandler/CONFIG]: Watching TOML config file /workspaces/MSP-2.6/servidor_minecraft/config/CoroUtil/General.toml for changes
[20Dec2025 03:22:30.890] [main/DEBUG] [net.minecraftforge.fml.config.ConfigFileTypeHandler/CONFIG]: Built TOML config for /workspaces/MSP-2.6/servidor_minecraft/config/aiimprovements-common.toml
[20Dec2025 03:22:30.890] [Thread-3/DEBUG] [net.minecraftforge.fml.config.ConfigFileTypeHandler/CONFIG]: Config file travelersbackpack-common.toml changed, sending notifies
[20Dec2025 03:22:30.890] [main/DEBUG] [net.minecraftforge.fml.config.ConfigFileTypeHandler/CONFIG]: Loaded TOML config file /workspaces/MSP-2.6/servidor_minecraft/config/aiimprovements-common.toml
[20Dec2025 03:22:30.890] [main/DEBUG] [net.minecraftforge.fml.config.ConfigFileTypeHandler/CONFIG]: Watching TOML config file /workspaces/MSP-2.6/servidor_minecraft/config/aiimprovements-common.toml for changes
[20Dec2025 03:22:30.891] [main/DEBUG] [net.minecraftforge.fml.config.ConfigFileTypeHandler/CONFIG]: Built TOML config for /workspaces/MSP-2.6/servidor_minecraft/config/iceandfire-common.toml
[20Dec2025 03:22:30.891] [Thread-3/DEBUG] [net.minecraftforge.fml.config.ConfigFileTypeHandler/CONFIG]: Config file aiimprovements-common.toml changed, sending notifies
[20Dec2025 03:22:30.893] [Thread-3/DEBUG] [net.minecraftforge.fml.config.ConfigFileTypeHandler/CONFIG]: Config file aiimprovements-common.toml changed, sending notifies
[20Dec2025 03:22:30.893] [main/DEBUG] [net.minecraftforge.fml.config.ConfigFileTypeHandler/CONFIG]: Loaded TOML config file /workspaces/MSP-2.6/servidor_minecraft/config/iceandfire-common.toml
[20Dec2025 03:22:30.894] [main/DEBUG] [net.minecraftforge.fml.config.ConfigFileTypeHandler/CONFIG]: Watching TOML config file /workspaces/MSP-2.6/servidor_minecraft/config/iceandfire-common.toml for changes
[20Dec2025 03:22:30.924] [Thread-3/DEBUG] [net.minecraftforge.fml.config.ConfigFileTypeHandler/CONFIG]: Config file iceandfire-common.toml changed, sending notifies
[20Dec2025 03:22:30.926] [main/DEBUG] [net.minecraftforge.fml.config.ConfigFileTypeHandler/CONFIG]: Built TOML config for /workspaces/MSP-2.6/servidor_minecraft/config/bosses_rise_config.toml
[20Dec2025 03:22:30.926] [Thread-3/DEBUG] [net.minecraftforge.fml.config.ConfigFileTypeHandler/CONFIG]: Config file iceandfire-common.toml changed, sending notifies
[20Dec2025 03:22:30.926] [main/DEBUG] [net.minecraftforge.fml.config.ConfigFileTypeHandler/CONFIG]: Loaded TOML config file /workspaces/MSP-2.6/servidor_minecraft/config/bosses_rise_config.toml
[20Dec2025 03:22:30.926] [main/DEBUG] [net.minecraftforge.fml.config.ConfigFileTypeHandler/CONFIG]: Watching TOML config file /workspaces/MSP-2.6/servidor_minecraft/config/bosses_rise_config.toml for changes
[20Dec2025 03:22:30.929] [Thread-3/DEBUG] [net.minecraftforge.fml.config.ConfigFileTypeHandler/CONFIG]: Config file iceandfire-common.toml changed, sending notifies
[20Dec2025 03:22:30.930] [modloading-worker-0/INFO] [com.muhammedesadcomert.protectmobsfromdaylight.forge.ProtectMobsFromDayLight/]: HELLO FROM COMMON SETUP
[20Dec2025 03:22:30.930] [modloading-worker-0/INFO] [com.muhammedesadcomert.protectmobsfromdaylight.forge.ProtectMobsFromDayLight/]: DIRT BLOCK >> minecraft:dirt
[20Dec2025 03:22:30.936] [modloading-worker-0/DEBUG] [mixin/]: Mixing MixinSlotAttribute from curios.mixins.json into top.theillusivec4.curios.api.SlotAttribute
[20Dec2025 03:22:30.943] [modloading-worker-0/DEBUG] [mixin/]: Mixing MixinCuriosApi from curios.mixins.json into top.theillusivec4.curios.api.CuriosApi
[20Dec2025 03:22:30.963] [modloading-worker-0/INFO] [Dungeon Crawl/]: Common Setup
[20Dec2025 03:22:30.991] [Forge Version Check/INFO] [net.minecraftforge.fml.VersionChecker/]: [gravestone] Starting version check at https://update.maxhenkel.de/forge/gravestone
[20Dec2025 03:22:31.026] [main/DEBUG] [net.minecraftforge.fml.DeferredWorkQueue/LOADING]: Dispatching synchronous work for work queue COMMON_SETUP: 22 jobs
[20Dec2025 03:22:31.092] [main/INFO] [Framework/SYNCED_ENTITY_DATA]: Registered synced data key jeg:aiming for minecraft:player
[20Dec2025 03:22:31.093] [main/INFO] [Framework/SYNCED_ENTITY_DATA]: Registered synced data key jeg:reloading for minecraft:player
[20Dec2025 03:22:31.093] [main/INFO] [Framework/SYNCED_ENTITY_DATA]: Registered synced data key jeg:shooting for minecraft:player
[20Dec2025 03:22:31.093] [main/INFO] [Framework/SYNCED_ENTITY_DATA]: Registered synced data key jeg:burst_count for minecraft:player
[20Dec2025 03:22:31.190] [main/INFO] [com.tiviacz.travelersbackpack.TravelersBackpack/]: Registered the FluidEffect with Unique ID of minecraft:water for Water (Fluid Amount Required: 1000) with the ID 0
[20Dec2025 03:22:31.190] [main/INFO] [com.tiviacz.travelersbackpack.TravelersBackpack/]: Registered the FluidEffect with Unique ID of minecraft:lava for Lava (Fluid Amount Required: 1000) with the ID 1
[20Dec2025 03:22:31.192] [main/INFO] [com.tiviacz.travelersbackpack.TravelersBackpack/]: Registered the FluidEffect with Unique ID of travelersbackpack:potion for Uncraftable Potion (Fluid Amount Required: 250) with the ID 2
[20Dec2025 03:22:31.192] [main/INFO] [com.tiviacz.travelersbackpack.TravelersBackpack/]: Registered the FluidEffect with Unique ID of minecraft:milk for Milk (Fluid Amount Required: 1000) with the ID 3
[20Dec2025 03:22:31.195] [main/INFO] [ribbits/]: Registering Ribbit umbrella types...
[20Dec2025 03:22:31.195] [main/INFO] [ribbits/]: Registering Ribbit professions...
[20Dec2025 03:22:31.196] [main/INFO] [ribbits/]: Registering Ribbit instruments...
[20Dec2025 03:22:31.197] [main/INFO] [ribbits/]: Registering Ribbit data serializers...
[20Dec2025 03:22:31.239] [main/DEBUG] [net.minecraftforge.fml.DeferredWorkQueue/LOADING]: Synchronous work queue completed in 213.4 ms
[20Dec2025 03:22:31.246] [modloading-worker-0/INFO] [easy_emerald/]: Hello world from EasyEmerald
[20Dec2025 03:22:31.246] [modloading-worker-0/INFO] [easy_emerald/]: EasyEmerald IMC [Hello world]
[20Dec2025 03:22:31.311] [modloading-worker-0/INFO] [Jade/]: Start loading plugin at snownee.jade.addon.vanilla.VanillaPlugin
[20Dec2025 03:22:31.344] [modloading-worker-0/INFO] [Jade/]: Start loading plugin at snownee.jade.addon.universal.UniversalPlugin
[20Dec2025 03:22:31.349] [modloading-worker-0/INFO] [Jade/]: Start loading plugin at snownee.jade.addon.core.CorePlugin
[20Dec2025 03:22:31.352] [modloading-worker-0/INFO] [Jade/]: Start loading plugin at net.blay09.mods.waystones.compat.JadeIntegration
[20Dec2025 03:22:31.354] [modloading-worker-0/INFO] [Jade/]: Start loading plugin at de.maxhenkel.gravestone.integration.waila.PluginGraveStone
[20Dec2025 03:22:31.355] [modloading-worker-0/INFO] [Jade/]: Start loading plugin at net.blay09.mods.balm.forge.compat.hudinfo.ForgeJadeModCompat
[20Dec2025 03:22:31.372] [main/DEBUG] [net.minecraftforge.fml.DeferredWorkQueue/LOADING]: Dispatching synchronous work for work queue COMPLETE: 2 jobs
[20Dec2025 03:22:31.375] [main/DEBUG] [net.minecraftforge.fml.DeferredWorkQueue/LOADING]: Synchronous work queue completed in 3.114 ms
[20Dec2025 03:22:31.761] [Forge Version Check/DEBUG] [net.minecraftforge.fml.VersionChecker/]: [gravestone] Received version check data:
{"1.9.4":{"1.3.6":"Bugfixes"},"1.8.8":{"1.1.7":"Bugfixes"},"1.20":{"1.20-1.0.3":"Updated to 1.20"},"1.8.9":{"1.1.7":"Bugfixes"},"1.18":{"1.18-1.0.3":"Fixed loader version requirement"},"1.19":{"1.19-1.0.3":"Fixed crash when opening the obituary"},"promos":{"1.14.4-recommended":"1.15.3","1.14.3-recommended":"1.14.3","1.20-recommended":"1.20-1.0.3","1.19.3-recommended":"1.19.3-1.0.3","1.19.1-recommended":"1.19.1-1.0.0","1.8.8-latest":"1.1.7","1.8.9-latest":"1.1.7","1.19.4-recommended":"1.19.4-1.0.3","1.19.2-recommended":"1.19.2-1.0.10","1.10.2-latest":"1.5.13","1.14.2-recommended":"1.13.3","1.14.3-latest":"1.14.3","1.20-latest":"1.20-1.0.3","1.11-latest":"1.6.6","1.10.2-recommended":"1.5.13","1.20.1-latest":"1.20.1-1.0.35","1.16.4-latest":"1.16.4-1.0.9","1.11.2-recommended":"1.7.4.1","1.19.3-latest":"1.19.3-1.0.3","1.8-latest":"1.0.5","1.16.2-latest":"1.16.2-1.0.6","1.7.10-latest":"0.7.10.3","1.15.2-recommended":"1.17.6","1.8-recommended":"1.0.5","1.19.1-latest":"1.19.1-1.0.0","1.15.1-recommended":"1.16.2","1.9-recommended":"1.2.10","1.11.2-latest":"1.7.4.1","1.18.1-latest":"1.18.1-1.0.2","1.15.1-latest":"1.16.2","1.18.2-latest":"1.18.2-1.0.2","1.11-recommended":"1.6.6","1.10-recommended":"1.4.9","1.12.2-latest":"1.10.2","1.12.1-latest":"1.9.0","1.12.2-recommended":"1.10.2","1.7.10-recommended":"0.7.10.3","1.19-latest":"1.19-1.0.3","1.17.1-recommended":"1.17.1-1.0.4","1.16.1-recommended":"1.16.1-1.0.6","1.16.2-recommended":"1.16.2-1.0.6","1.18-latest":"1.18-1.0.3","1.16.5-recommended":"1.16.5-1.0.6","1.16.4-recommended":"1.16.4-1.0.9","1.12.1-recommended":"1.9.0","1.20.1-recommended":"1.20.1-1.0.10","1.16.3-recommended":"1.16.3-1.0.2","1.15.2-latest":"1.17.6","1.20.2-recommended":"1.20.2-1.0.10","1.12-recommended":"1.8.4","1.10-latest":"1.4.9","1.14.4-latest":"1.15.3","1.13.2-recommended":"1.12.7","1.9.4-recommended":"1.3.6","1.12-latest":"1.8.4","1.18.2-recommended":"1.18.2-1.0.2","1.17.1-latest":"1.17.1-1.0.4","1.13.2-latest":"1.12.7","1.18.1-recommended":"1.18.1-1.0.2","1.16.3-latest":"1.16.3-2.0.4","1.20.2-latest":"1.20.2-1.0.10","1.19.2-latest":"1.19.2-1.0.23","1.19.4-latest":"1.19.4-1.0.3","1.16.5-latest":"1.16.5-1.0.7","1.19-recommended":"1.19-1.0.3","1.16.1-latest":"1.16.1-1.0.6","1.9-latest":"1.2.10","1.18-recommended":"1.18-1.0.3","1.14.2-latest":"1.13.3","1.8.8-recommended":"1.1.7","1.8.9-recommended":"1.1.7","1.9.4-latest":"1.3.6"},"1.20.2":{"1.20.2-1.0.10":"Improved mod icon\nUpdated corelib"},"1.20.1":{"1.20.1-1.0.10":"Improved mod icon\nUpdated corelib","1.20.1-1.0.35":"Fixed restoreinventory command permissions"},"1.12":{"1.8.4":"Added recipe for recipe book"},"1.10":{"1.4.9":"Bugfixes"},"1.11":{"1.6.6":"Bugfixes"},"1.7.10":{"0.7.10.3":"Bugfixes"},"1.16.4":{"1.16.4-1.0.9":"Update chinese translation"},"1.18.2":{"1.18.2-1.0.2":"Fixed ukrainian locale code"},"1.19.1":{"1.19.1-1.0.0":"Updated to 1.19.1"},"1.16.5":{"1.16.5-1.0.7":"Fixed freeze with epic fight mod","1.16.5-1.0.6":"Fixed grave names"},"1.19.2":{"1.19.2-1.0.10":"Improved mod icon\nUpdated corelib","1.19.2-1.0.23":"Updated Traditional Chinese translation"},"1.19.3":{"1.19.3-1.0.3":"Fixed creative tabs because Forge broke everything again"},"1.19.4":{"1.19.4-1.0.3":"Updated to 1.19.4"},"1.14.2":{"1.13.3":"Improved en_us language and added pl_pl language"},"1.15.1":{"1.16.2":"Fixed crash with forge 30.0.17+"},"1.14.3":{"1.14.3":"Improved en_us language and added pl_pl language"},"1.16.1":{"1.16.1-1.0.6":"Fixed gravestone items can be picked up with a hopper"},"1.15.2":{"1.17.6":"Updated polish translation"},"1.14.4":{"1.15.3":"Fixed config reset issue"},"1.16.2":{"1.16.2-1.0.6":"Fixed nether dimension name\nUpdated russian translation\nFixed remove death note option"},"1.17.1":{"1.17.1-1.0.4":"Fixed crash with epic fight mod"},"1.8":{"1.0.5":"Bugfixes"},"1.16.3":{"1.16.3-1.0.2":"Updated mods.toml","1.16.3-2.0.4":"Fixed grave disappearing when having sneaking on toggle"},"1.18.1":{"1.18.1-1.0.2":"Added Brazilian Portuguese language"},"1.9":{"1.2.10":"Bugfixes"},"1.10.2":{"1.5.13":"Bugfixes"},"1.11.2":{"1.7.4.1":"Improved version checking"},"1.12.1":{"1.9.0":"Updated to 1.12.1"},"1.12.2":{"1.10.2":"Updated Forge version"},"1.13.2":{"1.12.7":"Improved en_us language and added pl_pl language"},"homepage":"https://www.curseforge.com/minecraft/mc-mods/gravestone-mod"}
[20Dec2025 03:22:31.763] [Forge Version Check/INFO] [net.minecraftforge.fml.VersionChecker/]: [gravestone] Found status: AHEAD Current: 1.20.1-1.0.35 Target: null
[20Dec2025 03:22:31.764] [Forge Version Check/INFO] [net.minecraftforge.fml.VersionChecker/]: [travelersbackpack] Starting version check at https://gist.githubusercontent.com/Tiviacz1337/906937677aa472285dff9d6c2a189d5e/raw
[20Dec2025 03:22:31.804] [Forge Version Check/DEBUG] [net.minecraftforge.fml.VersionChecker/]: [travelersbackpack] Received version check data:
{ 
        "homepage": "https://www.curseforge.com/minecraft/mc-mods/travelers-backpack", 
        "promos": {
		"1.20.4-recommended": "9.4.2",
		"1.20.4-latest": "9.4.2",
		"1.20.2-recommended": "9.2.4",
		"1.20.2-latest": "9.2.4",
		"1.20.1-recommended": "9.1.16",
		"1.20.1-latest": "9.1.16",
		"1.20-recommended": "9.0.2",
		"1.20-latest": "9.0.2",
		"1.19.4-recommended": "8.4.20",
		"1.19.4-latest": "8.4.20",
		"1.19.3-recommended": "8.3.9",
		"1.19.3-latest": "8.3.9",
		"1.19.2-recommended": "8.2.40",
		"1.19.2-latest": "8.2.40",
		"1.19.1-recommended": "8.1.1",
		"1.19.1-latest": "8.1.1",
		"1.19-recommended": "8.0.8",
		"1.19-latest": "8.0.8",
		"1.18.2-recommended": "7.1.48",
		"1.18.2-latest": "7.1.48",
		"1.18.1-recommended": "7.0.4",
		"1.18.1-latest": "7.0.5",
		"1.17.1-recommended": "6.0.52",
		"1.17.1-latest": "6.0.52",
		"1.16.5-recommended": "5.4.51",
		"1.16.5-latest": "5.4.51",
		"1.16.4-recommended": "5.3.8",
		"1.16.4-latest": "5.3.8",
		"1.16.3-recommended": "5.2.1",
		"1.16.3-latest": "5.2.1",
		"1.16.2-recommended": "5.1.1",
		"1.16.2-latest": "5.1.1",
		"1.16.1-recommended": "5.0.1",
		"1.16.1-latest": "5.0.1",
		"1.15.2-recommended": "4.0.8",
		"1.15.2-latest": "4.0.8",
		"1.14.4-recommended": "3.0.8",
		"1.14.4-latest": "3.0.8",
                "1.12.2-recommended": "1.0.34",
		"1.12.2-latest": "1.0.34"
        }, 
        "1.12.2": {
			"0.0.3a": "Added sleeping bag",
			"0.0.4a": "Added ability to wear backpack on player's back!",
			"0.0.5a": "Implemented swapping between tools!",
			"0.0.6a": "Added missing recipe for sleeping bag",
			"0.0.7a": "Fixes for server",
			"0.0.8a": "Added backpack renderer on player's back!",
			"0.0.9a": "Added tools render on backpack",
			"0.1.0a": "Fixed tile entity data loading",
			"0.1.1a": "Added hose, bug fixes",
			"0.1.2a": "Fixed server crash",
			"0.1.3a": "Added more backpack types!",
			"0.1.4a": "Added fluid render to block and wearable model",
			"0.1.5a": "Fixed some bugs and added more custom backpacks",
			"0.1.6a": "Added potions as fluids!",
			"0.1.7a": "Fixed rendering-thing on server",
			"0.1.8a": "Fixed some minor issues",
			"1.0.19.19": "First beta release",
			"1.0.20.20": "Mainly bug fixes",
			"1.0.21.21": "Bug fixes",
			"1.0.22.22": "Added backpack abilities",
			"1.0.23.23": "Bug fixes",
			"1.0.24.24": "Bug fixes",
			"1.0.25.25": "Bug fixes",
			"1.0.26.26": "Fixed NPE",
			"1.0.27": "Capability code clean-up, bug fix",
			"1.0.28": "Mod ID change, see note in 1.0.28 on the site",
			"1.0.29": "Mod ID change, see note in 1.0.29 on the site",
			"1.0.30": "Bug fixes, standard backpack texture improvements",
			"1.0.31": "Fixed bug that causes buckets to dissapear",
			"1.0.32": "Added in-game warning about modid change and method to keep backpacks after updating to newer version",
			"1.0.33": "Fixed backpack dissapear in explosions",
			"1.0.34": "Mainly bug fixes",
			"1.0.35": "Misc bug fixes"
        },
	"1.14.4":  { 
			"3.0.7": "Initial port",
			"3.0.8": "Compatibility for modded tools"
	},
	"1.15.2":  {
      			"4.0.0": "Initial port",
			"4.0.1": "FPS bug fix",
			"4.0.2": "Fixed unwanted backpack placement after death",
			"4.0.3": "Fixed NPE while using sleeping bag",
			"4.0.4": "Fixed crash, updated few textures",
			"4.0.5": "Bug fixes",
			"4.0.6": "Fixed backpack dissapear in explosions",
			"4.0.7": "Keybind for tool cycle",
			"4.0.8": "Compatibility for modded tools"
	},
	"1.16.1":  { 
			"5.0.0": "Initial port",
			"5.0.1": "Fixed backpack not saving contents, compatibility for modded tools"
	},
	"1.16.2":  { 
			"5.1.0": "Initial port",
			"5.1.1": "Fixed server crashes, backpack not saving contents, compatibility for modded tools"
	},
	"1.16.3":  { 
			"5.2.1": "Initial port"
	},
	"1.16.4":  { 
			"5.3.1": "Initial port",
			"5.3.2": "Bug fixes, game-breaking change",
			"5.3.3": "A lot of bug fixes",
			"5.3.4": "Dupe bug fix",
			"5.3.5": "Curios integration",
			"5.3.6": "Crafting grid dupe bug fix",
			"5.3.7": "Crash fix, curiosIntegration option migration",
			"5.3.8": "Fixed item saving bug"
	},
	"1.16.5":  { 
			"5.3.8": "Fixed item saving bug",
			"5.4.0": "Few new custom backpacks",
			"5.4.1": "Fixed villager trades",
			"5.4.2": "Fixed crash with turkish language and small tweaks",
			"5.4.3": "Fixed dupe bug",
			"5.4.4": "JEI dupe bug fix and more",
			"5.4.5": "Dyeable backpacks update! :>",
			"5.4.6": "More backpacks and bug fixes",
			"5.4.7": "Exploit and bug fixes",
			"5.4.8": "Fixed spawn point setting",
			"5.4.9": "20 new backpacks",
			"5.4.10": "Added backpack abilties",
			"5.4.11": "Code cleanup",
			"5.4.12": "Fixed crash",
			"5.4.13": "Added sorting buttons",
			"5.4.14": "Fixed LAN crash",
			"5.4.15": "Fixed few bugs",
			"5.4.16": "Fixed crash",
			"5.4.17": "Fixed bugs",
			"5.4.18": "Fixed crash",
			"5.4.19": "Fixed curio dupe bug",
			"5.4.20": "Added 9 new abilities",
			"5.4.21": "Added too many backpacks slowness effect",
			"5.4.22": "Fixed abilities",
			"5.4.23": "Added colorable sleeping bags",
			"5.4.24": "Bug fixes",
			"5.4.25": "Added slot memory",
			"5.4.26": "Added dedicated settings menu",
			"5.4.28": "Added milk and milk effect",
			"5.4.29": "Mobs can spawn with backpack equipped",
			"5.4.31": "Added /restore command",
			"5.4.32": "Added void protection config option",
			"5.4.33": "Fixed bad coded coordinates",
			"5.4.35": "Tweaked config and commands",
			"5.4.36": "Added backpack tiers",
			"5.4.37": "Changed tier upgrades recipes",
			"5.4.38": "Added enableTierUpgrades config option",
			"5.4.39": "Added Crafting widget",
			"5.4.40": "Fixed dupe bug",
			"5.4.41": "Backpack can be placed in fluids after death",
			"5.4.42": "Added compat with gravestone mods",
			"5.4.43": "Tweaked some recipes",
			"5.4.44": "Misc",
			"5.4.45": "Misc",
			"5.4.46": "Misc",
			"5.4.47": "Added tool slots widget",
			"5.4.48": "Fixed few bugs",
			"5.4.49": "Shift + Right Click with Empty Hand allows to place backpack on the ground",
			"5.4.50": "Sleeping bag can be used without backpack",
			"5.4.51": "Added loot to chests and fixed bugs"
	},
	"1.17.1":  { 
			"6.0.0": "Initial Release",
			"6.0.1": "Fixed datapack issue",
			"6.0.2": "Fixed crash with newest Forge",
			"6.0.3": "Fixed backpack disappearing on death",
			"6.0.4": "JEI integration and more",
			"6.0.5": "Dyeable backpacks update! :>",
			"6.0.6": "More backpacks and bug fixes",
			"6.0.7": "Fixed significant FPS drop",
			"6.0.8": "Fixed dupe bug",
			"6.0.9": "Fixed spawn point setting",
			"6.0.10": "20 new backpacks",
			"6.0.11": "Added backpack abilties",
			"6.0.12": "Code cleanup",
			"6.0.13": "Fixed crash",
			"6.0.14": "Added sorting buttons",
			"6.0.15": "Fixed LAN crash",
			"6.0.16": "Fixed few bugs",
			"6.0.17": "Fixed crash",
			"6.0.18": "Fixed bugs",
			"6.0.19": "Fixed crash",
			"6.0.20": "Fixed curio dupe bug",
			"6.0.21": "Added 9 new abilities",
			"6.0.22": "Added too many backpacks slowness effect",
			"6.0.23": "Fixed abilities",
			"6.0.24": "Added colorable sleeping bags",
			"6.0.25": "Bug fixes",
			"6.0.26": "Added slot memory",
			"6.0.27": "Added dedicated settings menu",
			"6.0.29": "Added milk and milk effect",
			"6.0.30": "Mobs can spawn with backpack equipped",
			"6.0.32": "Added /restore command",
			"6.0.33": "Added void protection config option",
			"6.0.34": "Fixed bad coded coordinates",
			"6.0.36": "Tweaked config and commands",
			"6.0.37": "Added backpack Tiers",
			"6.0.38": "Changed tier upgrades recipes",
			"6.0.39": "Added enableTierUpgrades config option",
			"6.0.40": "Added Crafting widget",
			"6.0.41": "Fixed dupe bug",
			"6.0.42": "Backpack can be placed in fluids after death",
			"6.0.43": "Added compat with gravestone mods",
			"6.0.44": "Added inventory tooltip in preview",
			"6.0.45": "Misc",
			"6.0.46": "Misc",
			"6.0.47": "Misc",
			"6.0.48": "Added tool slots widget",
			"6.0.49": "Fixed few bugs",
			"6.0.50": "Shift + Right Click with Empty Hand allows to place backpack on the ground",
			"6.0.51": "Sleeping bag can be used without backpack",
			"6.0.52": "Added loot to chests and fixed bugs"
	},
	"1.18.1":  { 
			"7.0.0": "Initial Release",
			"7.0.1": "Backpack lose items bug fix",
			"7.0.2": "New backpacks",
			"7.0.3": "Fixed dupe bug",
			"7.0.4": "Fixed spawn point setting"
	},
	"1.18.2":  { 
			"7.1.0": "Initial Release",
			"7.1.1": "Fixed spawn point setting",
			"7.1.2": "20 new backpacks",
			"7.1.3": "Added backpack abilties",
			"7.1.4": "Code cleanup",
			"7.1.5": "Fixed bug with duplicating buckets",
			"7.1.6": "Fixed crash",
			"7.1.7": "Added sorting buttons",
			"7.1.8": "Fixed LAN crash",
			"7.1.9": "Fixed few bugs",
			"7.1.10": "Fixed crash",
			"7.1.11": "Fixed bugs",
			"7.1.12": "Fixed crash",
			"7.1.13": "Fixed curio dupe bug",
			"7.1.14": "Added 9 new abilities",
			"7.1.15": "Added too many backpacks slowness effect",
			"7.1.16": "Fixed abilities",
			"7.1.17": "Added colorable sleeping bags",
			"7.1.18": "Bug fixes",
			"7.1.20": "Added slot memory",
			"7.1.21": "Added dedicated settings menu",
			"7.1.23": "Added milk and milk effect",
			"7.1.24": "Mobs can spawn with backpack equipped",
			"7.1.26": "Added /restore command",
			"7.1.27": "Added void protection config option",
			"7.1.28": "Fixed bad coded coordinates",
			"7.1.30": "Tweaked config and commands",
			"7.1.31": "Added backpack Tiers",
			"7.1.32": "Changed tier upgrades recipes",
			"7.1.33": "Added enableTierUpgrades config option",
			"7.1.34": "Added Crafting widget",
			"7.1.35": "Fixed dupe bug",
			"7.1.36": "Backpack can be placed in fluids after death",
			"7.1.37": "Added compat with gravestone mods",
			"7.1.38": "Added inventory preview in tooltip",
			"7.1.39": "Misc",
			"7.1.40": "Misc",
			"7.1.41": "Misc",
			"7.1.42": "Added tool slots widget",
			"7.1.43": "Fixed few bugs",
			"7.1.44": "Shift + Right Click with Empty Hand allows to place backpack on the ground",
			"7.1.45": "Sleeping bag can be used without backpack",
			"7.1.46": "Added loot to chests and fixed bugs",
			"7.1.47": "Configuration for backpack slots",
			"7.1.48": "Added recipes to recipe book"
			
	},
	"1.19":  { 
			"8.0.0": "Initial Release",
			"8.0.1": "Fixed crashes",
			"8.0.2": "20 new backpacks",
			"8.0.3": "Added backpack abilties",
			"8.0.4": "Updated Forge",
			"8.0.5": "Fixed few bugs",
			"8.0.6": "Code cleanup",
			"8.0.7": "Fixed crash",
			"8.0.8": "Added sorting buttons"
	},
	"1.19.1":  { 
			"8.1.0": "Initial Release",
			"8.1.1": "Fixed LAN crash"
	},
	"1.19.2":  { 
			"8.2.0": "Initial Release",
			"8.2.1": "Fixed few bugs",
			"8.2.2": "Fixed crash",
			"8.2.3": "Fixed bugs",
			"8.2.4": "Fixed crash",
			"8.2.5": "Fixed curio dupe bug",
			"8.2.6": "Added 9 new abilities",
			"8.2.7": "Added too many backpacks slowness effect",
			"8.2.8": "Fixed abilities",
			"8.2.9": "Added colorable sleeping bags",
			"8.2.10": "Bug fixes",
			"8.2.11": "Added slot memory",
			"8.2.12": "Added dedicated settings menu",
			"8.2.14": "Added milk and milk effect",
			"8.2.15": "Mobs can spawn with backpack equipped",
			"8.2.17": "Added /restore command",
			"8.2.18": "Added void protection config option",
			"8.2.19": "Fixed bad coded coordinates",
			"8.2.21": "Tweaked config and commands",
			"8.2.22": "Added backpack tiers",
			"8.2.23": "Changed tier upgrades recipes",
			"8.2.24": "Missing texture hotfix",
			"8.2.25": "Added enableTierUpgrades config option",
			"8.2.26": "Added Crafting widget",
			"8.2.27": "Fixed dupe bug",
			"8.2.28": "Backpack can be placed in fluids after death",
			"8.2.29": "Added compat with gravestone mods",
			"8.2.30": "Added inventory preview in tooltip",
			"8.2.31": "Misc",
			"8.2.32": "Misc",
			"8.2.33": "Misc",
			"8.2.34": "Added tool slots widget",
			"8.2.35": "Fixed few bugs",
			"8.2.36": "Shift + Right Click with Empty Hand allows to place backpack on the ground",
			"8.2.37": "Sleeping bag can be used without backpack",
			"8.2.38": "Added loot to chests and fixed bugs",
			"8.2.39": "Configuration for backpack slots",
			"8.2.40": "Added recipes to recipe book"
	},
	"1.19.3":  { 
			"8.3.0": "Initial Release",
			"8.3.2": "Added milk and milk effect",
			"8.3.3": "Mobs can spawn with backpack equipped",
			"8.3.5": "Added /restore command",
			"8.2.6": "Added void protection config option",
			"8.2.7": "Fixed bad coded coordinates",
			"8.2.9": "Tweaked config and commands"
	},
	"1.19.4":  { 
			"8.4.2": "Tweaked config and commands",
			"8.4.3": "Added backpack tiers",
			"8.4.4": "Changed tier upgrades recipes",
			"8.4.5": "Added enableTierUpgrades config option",
			"8.4.6": "Added support for new smithing table",
			"8.4.7": "Added support for new smithing table",
			"8.4.8": "Added Crafting widget",
			"8.4.9": "Fixed dupe bug",
			"8.4.10": "Backpack can be placed in fluids after death",
			"8.4.11": "Added compat with gravestone mods",
			"8.4.12": "Added inventory preview in tooltip",
			"8.4.13": "Misc",
			"8.4.14": "Misc",
			"8.4.15": "Misc",
			"8.4.16": "Added tool slots widget",
			"8.4.17": "Fixed few bugs",
			"8.4.18": "Shift + Right Click with Empty Hand allows to place backpack on the ground",
			"8.4.19": "Sleeping bag can be used without backpack",
			"8.4.20": "Added loot to chests and fixed bugs"
	},
	"1.20":  { 
			"9.0.0": "Initial update",
			"9.0.1": "Fixed disappearing backpack on contact with water",
			"9.0.2": "Fixed smithing bug and restored Curios compat"
	},
	"1.20.1":  { 
			"9.1.0": "Initial update",
			"9.1.1": "Initial update",
			"9.1.2": "Fixed dupe bug",
			"9.1.3": "Added compat with gravestone mods",
			"9.1.4": "Added inventory preview in tooltip",
			"9.1.5": "Misc",
			"9.1.6": "Misc",
			"9.1.7": "Misc",
			"9.1.8": "Added tool slots widget",
			"9.1.9": "Fixed few bugs",
			"9.1.10": "Shift + Right Click with Empty Hand allows to place backpack on the ground",
			"9.1.11": "Sleeping bag can be used without backpack",
			"9.1.12": "Configuration for backpack slots",
			"9.1.13": "Added loot to chests and fixed bugs",
			"9.1.14": "Added recipes to recipe book",
			"9.1.15": "Improvements",
			"9.1.16": "Stopped excessive drops of backpack from mob farms, added visibility button, fixed some bugs"
	},
	"1.20.2":  { 
			"9.2.0": "Initial update",
			"9.2.1": "Fixed few bugs",
			"9.2.2": "Shift + Right Click with Empty Hand allows to place backpack on the ground",
			"9.2.3": "Sleeping bag can be used without backpack",
			"9.2.4": "Added loot to chests and fixed bugs"
	},
	"1.20.4":  { 
			"9.4.0": "Initial update",
			"9.4.1": "Configuration for backpack slots",
			"9.4.2": "Added recipes to recipe book"
	}
}
[20Dec2025 03:22:31.805] [Forge Version Check/INFO] [net.minecraftforge.fml.VersionChecker/]: [travelersbackpack] Found status: AHEAD Current: 9.1.46 Target: null
[20Dec2025 03:22:31.806] [Forge Version Check/INFO] [net.minecraftforge.fml.VersionChecker/]: [puzzleslib] Starting version check at https://raw.githubusercontent.com/Fuzss/modresources/main/update/puzzleslib.json
[20Dec2025 03:22:31.845] [Forge Version Check/DEBUG] [net.minecraftforge.fml.VersionChecker/]: [puzzleslib] Received version check data:
{
    "homepage": "https://modrinth.com/mod/puzzles-lib",
    "promos": {
        "1.16.2-latest": "1.0.15",
        "1.16.2-recommended": "1.0.15",
        "1.16.3-latest": "1.0.15",
        "1.16.3-recommended": "1.0.15",
        "1.16.4-latest": "1.0.15",
        "1.16.4-recommended": "1.0.15",
        "1.16.5-latest": "1.0.15",
        "1.16.5-recommended": "1.0.15",
        "1.17.1-latest": "2.0.2",
        "1.17.1-recommended": "2.0.2",
        "1.18-latest": "3.2.1",
        "1.18-recommended": "3.2.1",
        "1.18.1-latest": "3.2.1",
        "1.18.1-recommended": "3.2.1",
        "1.18.2-latest": "3.5.10",
        "1.18.2-recommended": "3.5.10",
        "1.19-latest": "4.0.18",
        "1.19-recommended": "4.0.18",
        "1.19.1-latest": "4.2.4",
        "1.19.1-recommended": "4.2.4",
        "1.19.2-latest": "4.4.3",
        "1.19.2-recommended": "4.4.3",
        "1.19.3-latest": "5.0.33",
        "1.19.3-recommended": "5.0.33",
        "1.19.4-latest": "6.0.11",
        "1.19.4-recommended": "6.0.11",
        "1.20-latest": "7.0.9",
        "1.20-recommended": "7.0.9",
        "1.20.1-latest": "8.1.33",
        "1.20.1-recommended": "8.1.33",
        "1.20.4-latest": "20.4.53",
        "1.20.4-recommended": "20.4.53",
        "1.21-latest": "21.0.28",
        "1.21-recommended": "21.0.28",
        "1.21.1-latest": "21.1.39",
        "1.21.1-recommended": "21.1.39",
        "1.21.10-latest": "21.10.8",
        "1.21.10-recommended": "21.10.8",
        "1.21.11-latest": "21.11.1",
        "1.21.11-recommended": "21.11.1",
        "1.21.3-latest": "21.3.25",
        "1.21.3-recommended": "21.3.25",
        "1.21.4-latest": "21.4.14",
        "1.21.4-recommended": "21.4.14",
        "1.21.5-latest": "21.5.13",
        "1.21.5-recommended": "21.5.13",
        "1.21.6-latest": "21.6.6",
        "1.21.6-recommended": "21.6.6",
        "1.21.7-latest": "21.7.1",
        "1.21.7-recommended": "21.7.1",
        "1.21.8-latest": "21.8.9",
        "1.21.8-recommended": "21.8.9",
        "1.21.9-latest": "21.9.5",
        "1.21.9-recommended": "21.9.5"
    }
}
[20Dec2025 03:22:31.846] [Forge Version Check/INFO] [net.minecraftforge.fml.VersionChecker/]: [puzzleslib] Found status: UP_TO_DATE Current: 8.1.33 Target: null
[20Dec2025 03:22:31.847] [Forge Version Check/INFO] [net.minecraftforge.fml.VersionChecker/]: [puzzlesaccessapi] Starting version check at https://raw.githubusercontent.com/Fuzss/modresources/main/update/puzzlesaccessapi.json
[20Dec2025 03:22:31.861] [Forge Version Check/DEBUG] [net.minecraftforge.fml.VersionChecker/]: [puzzlesaccessapi] Received version check data:
{
    "homepage": "https://github.com/Fuzss/puzzlesaccessapi",
    "promos": {}
}
[20Dec2025 03:22:31.861] [Forge Version Check/INFO] [net.minecraftforge.fml.VersionChecker/]: [puzzlesaccessapi] Found status: BETA Current: 20.1.1 Target: null
[20Dec2025 03:22:31.862] [Forge Version Check/INFO] [net.minecraftforge.fml.VersionChecker/]: [forge] Starting version check at https://files.minecraftforge.net/net/minecraftforge/forge/promotions_slim.json
[20Dec2025 03:22:32.066] [Forge Version Check/DEBUG] [net.minecraftforge.fml.VersionChecker/]: [forge] Received version check data:
{
  "homepage": "https://files.minecraftforge.net/net/minecraftforge/forge/",
  "promos": {
    "1.1-latest": "1.3.4.29",
    "1.2.3-latest": "1.4.1.64",
    "1.2.4-latest": "2.0.0.68",
    "1.2.5-latest": "3.4.9.171",
    "1.3.2-latest": "4.3.5.318",
    "1.4.0-latest": "5.0.0.326",
    "1.4.1-latest": "6.0.0.329",
    "1.4.2-latest": "6.0.1.355",
    "1.4.3-latest": "6.2.1.358",
    "1.4.4-latest": "6.3.0.378",
    "1.4.5-latest": "6.4.2.448",
    "1.4.6-latest": "6.5.0.489",
    "1.4.7-latest": "6.6.2.534",
    "1.5-latest": "7.7.0.598",
    "1.5.1-latest": "7.7.2.682",
    "1.5.2-latest": "7.8.1.738",
    "1.5.2-recommended": "7.8.1.738",
    "1.6.1-latest": "8.9.0.775",
    "1.6.2-latest": "9.10.1.871",
    "1.6.2-recommended": "9.10.1.871",
    "1.6.3-latest": "9.11.0.878",
    "1.6.4-latest": "9.11.1.1345",
    "1.6.4-recommended": "9.11.1.1345",
    "1.7.2-latest": "10.12.2.1161",
    "1.7.2-recommended": "10.12.2.1161",
    "1.7.10-latest": "10.13.4.1614",
    "1.7.10-recommended": "10.13.4.1614",
    "1.8-latest": "11.14.4.1577",
    "1.8-recommended": "11.14.4.1563",
    "1.8.8-latest": "11.15.0.1655",
    "1.8.9-latest": "11.15.1.2318",
    "1.8.9-recommended": "11.15.1.2318",
    "1.9-latest": "12.16.1.1938",
    "1.9-recommended": "12.16.1.1887",
    "1.9.4-latest": "12.17.0.2317",
    "1.9.4-recommended": "12.17.0.2317",
    "1.10-latest": "12.18.0.2000",
    "1.10.2-latest": "12.18.3.2511",
    "1.10.2-recommended": "12.18.3.2511",
    "1.11-latest": "13.19.1.2199",
    "1.11-recommended": "13.19.1.2189",
    "1.11.2-latest": "13.20.1.2588",
    "1.11.2-recommended": "13.20.1.2588",
    "1.12-latest": "14.21.1.2443",
    "1.12-recommended": "14.21.1.2387",
    "1.12.1-latest": "14.22.1.2485",
    "1.12.1-recommended": "14.22.1.2478",
    "1.12.2-latest": "14.23.5.2864",
    "1.12.2-recommended": "14.23.5.2859",
    "1.13.2-latest": "25.0.223",
    "1.14.2-latest": "26.0.63",
    "1.14.3-latest": "27.0.60",
    "1.14.4-latest": "28.2.27",
    "1.14.4-recommended": "28.2.26",
    "1.15-latest": "29.0.4",
    "1.15.1-latest": "30.0.51",
    "1.15.2-latest": "31.2.60",
    "1.15.2-recommended": "31.2.57",
    "1.16.1-latest": "32.0.108",
    "1.16.2-latest": "33.0.61",
    "1.16.3-latest": "34.1.42",
    "1.16.3-recommended": "34.1.0",
    "1.16.4-latest": "35.1.37",
    "1.16.4-recommended": "35.1.4",
    "1.16.5-latest": "36.2.42",
    "1.16.5-recommended": "36.2.34",
    "1.17.1-latest": "37.1.1",
    "1.17.1-recommended": "37.1.1",
    "1.18-latest": "38.0.17",
    "1.18.1-latest": "39.1.2",
    "1.18.1-recommended": "39.1.0",
    "1.18.2-recommended": "40.3.0",
    "1.18.2-latest": "40.3.12",
    "1.19-latest": "41.1.0",
    "1.19-recommended": "41.1.0",
    "1.19.1-latest": "42.0.9",
    "1.19.2-recommended": "43.5.0",
    "1.19.2-latest": "43.5.2",
    "1.19.3-latest": "44.1.23",
    "1.19.3-recommended": "44.1.0",
    "1.19.4-recommended": "45.4.0",
    "1.19.4-latest": "45.4.3",
    "1.20-latest": "46.0.14",
    "1.20.1-recommended": "47.4.10",
    "1.20.1-latest": "47.4.13",
    "1.20.2-latest": "48.1.0",
    "1.20.2-recommended": "48.1.0",
    "1.20.3-latest": "49.0.2",
    "1.20.4-latest": "49.2.4",
    "1.20.4-recommended": "49.2.0",
    "1.20.6-latest": "50.2.4",
    "1.20.6-recommended": "50.2.0",
    "1.21-latest": "51.0.33",
    "1.21.1-latest": "52.1.8",
    "1.21.1-recommended": "52.1.0",
    "1.21.3-latest": "53.1.6",
    "1.21.3-recommended": "53.1.0",
    "1.21.4-latest": "54.1.11",
    "1.21.4-recommended": "54.1.0",
    "1.21.5-latest": "55.1.4",
    "1.21.5-recommended": "55.1.0",
    "1.21.6-latest": "56.0.9",
    "1.21.7-latest": "57.0.3",
    "1.21.8-latest": "58.1.11",
    "1.21.8-recommended": "58.1.0",
    "1.21.9-latest": "59.0.5",
    "1.21.10-latest": "60.1.5",
    "1.21.10-recommended": "60.1.0",
    "1.21.11-latest": "61.0.3"
  }
}
[20Dec2025 03:22:32.067] [Forge Version Check/INFO] [net.minecraftforge.fml.VersionChecker/]: [forge] Found status: OUTDATED Current: 47.3.7 Target: 47.4.10
[20Dec2025 03:22:32.068] [Forge Version Check/INFO] [net.minecraftforge.fml.VersionChecker/]: [enchantinginfuser] Starting version check at https://raw.githubusercontent.com/Fuzss/modresources/main/update/enchantinginfuser.json
[20Dec2025 03:22:32.082] [Forge Version Check/DEBUG] [net.minecraftforge.fml.VersionChecker/]: [enchantinginfuser] Received version check data:
{
    "homepage": "https://modrinth.com/mod/enchanting-infuser",
    "promos": {
        "1.16.2-latest": "1.0.2",
        "1.16.2-recommended": "1.0.2",
        "1.16.3-latest": "1.0.2",
        "1.16.3-recommended": "1.0.2",
        "1.16.4-latest": "1.0.2",
        "1.16.4-recommended": "1.0.2",
        "1.16.5-latest": "1.0.2",
        "1.16.5-recommended": "1.0.2",
        "1.17.1-latest": "2.0.0",
        "1.17.1-recommended": "2.0.0",
        "1.18-latest": "3.1.1",
        "1.18-recommended": "3.1.1",
        "1.18.1-latest": "3.1.1",
        "1.18.1-recommended": "3.1.1",
        "1.18.2-latest": "3.3.2",
        "1.18.2-recommended": "3.3.2",
        "1.19-latest": "4.0.3",
        "1.19-recommended": "4.0.3",
        "1.19.1-latest": "4.2.2",
        "1.19.1-recommended": "4.2.2",
        "1.19.2-latest": "4.2.2",
        "1.19.2-recommended": "4.2.2",
        "1.19.3-latest": "5.0.0",
        "1.19.3-recommended": "5.0.0",
        "1.19.4-latest": "6.0.0",
        "1.19.4-recommended": "6.0.0",
        "1.20-latest": "7.0.0",
        "1.20-recommended": "7.0.0",
        "1.20.1-latest": "8.0.3",
        "1.20.1-recommended": "8.0.3",
        "1.20.4-latest": "20.4.1",
        "1.20.4-recommended": "20.4.1",
        "1.21.1-latest": "21.1.2",
        "1.21.1-recommended": "21.1.2",
        "1.21.10-latest": "21.10.0",
        "1.21.10-recommended": "21.10.0",
        "1.21.11-latest": "21.11.0",
        "1.21.11-recommended": "21.11.0",
        "1.21.3-latest": "21.3.0",
        "1.21.3-recommended": "21.3.0",
        "1.21.4-latest": "21.4.0",
        "1.21.4-recommended": "21.4.0",
        "1.21.5-latest": "21.5.0",
        "1.21.5-recommended": "21.5.0",
        "1.21.6-latest": "21.6.0",
        "1.21.6-recommended": "21.6.0",
        "1.21.7-latest": "21.7.0",
        "1.21.7-recommended": "21.7.0",
        "1.21.8-latest": "21.8.2",
        "1.21.8-recommended": "21.8.2",
        "1.21.9-latest": "21.9.0",
        "1.21.9-recommended": "21.9.0"
    }
}
[20Dec2025 03:22:32.082] [Forge Version Check/INFO] [net.minecraftforge.fml.VersionChecker/]: [enchantinginfuser] Found status: UP_TO_DATE Current: 8.0.3 Target: null
[20Dec2025 03:22:33.306] [main/INFO] [com.mojang.authlib.yggdrasil.YggdrasilAuthenticationService/]: Environment: authHost='https://authserver.mojang.com', accountsHost='https://api.mojang.com', sessionHost='https://sessionserver.mojang.com', servicesHost='https://api.minecraftservices.com', name='PROD'
[20Dec2025 03:22:34.345] [main/WARN] [net.minecraft.server.packs.VanillaPackResourcesBuilder/]: Assets URL 'union:/workspaces/MSP-2.6/servidor_minecraft/libraries/net/minecraft/server/1.20.1-20230612.114412/server-1.20.1-20230612.114412-srg.jar%23179!/assets/.mcassetsroot' uses unexpected schema
[20Dec2025 03:22:34.345] [main/WARN] [net.minecraft.server.packs.VanillaPackResourcesBuilder/]: Assets URL 'union:/workspaces/MSP-2.6/servidor_minecraft/libraries/net/minecraft/server/1.20.1-20230612.114412/server-1.20.1-20230612.114412-srg.jar%23179!/data/.mcassetsroot' uses unexpected schema
[20Dec2025 03:22:34.459] [main/DEBUG] [net.minecraftforge.server.ServerLifecycleHooks/CORE]: Generating PackInfo named mod:emi for mod file /workspaces/MSP-2.6/servidor_minecraft/mods/emi-1.1.22+1.20.1+forge.jar
[20Dec2025 03:22:34.459] [main/DEBUG] [net.minecraftforge.server.ServerLifecycleHooks/CORE]: Generating PackInfo named mod:man_of_many_planes for mod file /workspaces/MSP-2.6/servidor_minecraft/mods/man_of_many_planes-0.2.0+1.20.1-forge.jar
[20Dec2025 03:22:34.459] [main/DEBUG] [net.minecraftforge.server.ServerLifecycleHooks/CORE]: Generating PackInfo named mod:kuma_api for mod file 
[20Dec2025 03:22:34.459] [main/DEBUG] [net.minecraftforge.server.ServerLifecycleHooks/CORE]: Generating PackInfo named mod:block_factorys_bosses for mod file /workspaces/MSP-2.6/servidor_minecraft/mods/bossesrise-1.20.1-forge-1.0.9.2b.jar
[20Dec2025 03:22:34.460] [main/DEBUG] [net.minecraftforge.server.ServerLifecycleHooks/CORE]: Generating PackInfo named mod:trashslot for mod file /workspaces/MSP-2.6/servidor_minecraft/mods/trashslot-forge-1.20-15.1.2.jar
[20Dec2025 03:22:34.460] [main/DEBUG] [net.minecraftforge.server.ServerLifecycleHooks/CORE]: Generating PackInfo named mod:netherexp for mod file /workspaces/MSP-2.6/servidor_minecraft/mods/Jadens-Nether-Expansion-2.3.5.jar
[20Dec2025 03:22:34.460] [main/DEBUG] [net.minecraftforge.server.ServerLifecycleHooks/CORE]: Generating PackInfo named mod:protectmobsfromdaylight for mod file /workspaces/MSP-2.6/servidor_minecraft/mods/protect-mobs-from-daylight-forge-1.0.1.jar
[20Dec2025 03:22:34.460] [main/DEBUG] [net.minecraftforge.server.ServerLifecycleHooks/CORE]: Generating PackInfo named mod:jade for mod file /workspaces/MSP-2.6/servidor_minecraft/mods/Jade-1.20.1-Forge-11.13.2.jar
[20Dec2025 03:22:34.461] [main/DEBUG] [net.minecraftforge.server.ServerLifecycleHooks/CORE]: Generating PackInfo named mod:geckolib for mod file /workspaces/MSP-2.6/servidor_minecraft/mods/geckolib-forge-1.20.1-4.8.2.jar
[20Dec2025 03:22:34.461] [main/DEBUG] [net.minecraftforge.server.ServerLifecycleHooks/CORE]: Generating PackInfo named mod:elysium_api for mod file /workspaces/MSP-2.6/servidor_minecraft/mods/ElysiumAPI-1.20.1-1.1.3.jar
[20Dec2025 03:22:34.461] [main/DEBUG] [net.minecraftforge.server.ServerLifecycleHooks/CORE]: Generating PackInfo named mod:jei for mod file /workspaces/MSP-2.6/servidor_minecraft/mods/jei-1.20.1-forge-15.20.0.127.jar
[20Dec2025 03:22:34.461] [main/DEBUG] [net.minecraftforge.server.ServerLifecycleHooks/CORE]: Generating PackInfo named mod:jeg for mod file /workspaces/MSP-2.6/servidor_minecraft/mods/JustEnoughGuns-0.13.2-1.20.1.jar
[20Dec2025 03:22:34.461] [main/DEBUG] [net.minecraftforge.server.ServerLifecycleHooks/CORE]: Generating PackInfo named mod:goblintraders for mod file /workspaces/MSP-2.6/servidor_minecraft/mods/goblintraders-forge-1.20.1-1.11.5.jar
[20Dec2025 03:22:34.461] [main/DEBUG] [net.minecraftforge.server.ServerLifecycleHooks/CORE]: Generating PackInfo named mod:immersive_aircraft for mod file /workspaces/MSP-2.6/servidor_minecraft/mods/immersive_aircraft-1.4.0+1.20.1-forge.jar
[20Dec2025 03:22:34.462] [main/DEBUG] [net.minecraftforge.server.ServerLifecycleHooks/CORE]: Generating PackInfo named mod:ribbits for mod file /workspaces/MSP-2.6/servidor_minecraft/mods/Ribbits-1.20.1-Forge-3.0.4.jar
[20Dec2025 03:22:34.462] [main/DEBUG] [net.minecraftforge.server.ServerLifecycleHooks/CORE]: Generating PackInfo named mod:curios for mod file /workspaces/MSP-2.6/servidor_minecraft/mods/curios-forge-5.14.1+1.20.1.jar
[20Dec2025 03:22:34.462] [main/DEBUG] [net.minecraftforge.server.ServerLifecycleHooks/CORE]: Generating PackInfo named mod:bettercaves for mod file /workspaces/MSP-2.6/servidor_minecraft/mods/YungsBetterCaves-1.20.1-Forge-2.0.5.jar
[20Dec2025 03:22:34.462] [main/DEBUG] [net.minecraftforge.server.ServerLifecycleHooks/CORE]: Generating PackInfo named mod:underground_bunkers for mod file /workspaces/MSP-2.6/servidor_minecraft/mods/UndergroundBunkers-1.0.5-1.20.x-forge.jar
[20Dec2025 03:22:34.462] [main/DEBUG] [net.minecraftforge.server.ServerLifecycleHooks/CORE]: Generating PackInfo named mod:easy_emerald for mod file /workspaces/MSP-2.6/servidor_minecraft/mods/EasyEmerald-Forge-1.20.1-1.5.8.jar
[20Dec2025 03:22:34.462] [main/DEBUG] [net.minecraftforge.server.ServerLifecycleHooks/CORE]: Generating PackInfo named mod:waystones for mod file /workspaces/MSP-2.6/servidor_minecraft/mods/waystones-forge-1.20.1-14.1.17.jar
[20Dec2025 03:22:34.463] [main/DEBUG] [net.minecraftforge.server.ServerLifecycleHooks/CORE]: Generating PackInfo named mod:gravestone for mod file /workspaces/MSP-2.6/servidor_minecraft/mods/gravestone-forge-1.20.1-1.0.35.jar
[20Dec2025 03:22:34.463] [main/DEBUG] [net.minecraftforge.server.ServerLifecycleHooks/CORE]: Generating PackInfo named mod:citadel for mod file /workspaces/MSP-2.6/servidor_minecraft/mods/citadel-2.6.2-1.20.1.jar
[20Dec2025 03:22:34.463] [main/DEBUG] [net.minecraftforge.server.ServerLifecycleHooks/CORE]: Generating PackInfo named mod:travelersbackpack for mod file /workspaces/MSP-2.6/servidor_minecraft/mods/travelersbackpack-forge-1.20.1-9.1.46.jar
[20Dec2025 03:22:34.463] [main/DEBUG] [net.minecraftforge.server.ServerLifecycleHooks/CORE]: Generating PackInfo named mod:zombieawareness for mod file /workspaces/MSP-2.6/servidor_minecraft/mods/zombieawareness-1.20.1-1.13.1.jar
[20Dec2025 03:22:34.463] [main/DEBUG] [net.minecraftforge.server.ServerLifecycleHooks/CORE]: Generating PackInfo named mod:yungsapi for mod file /workspaces/MSP-2.6/servidor_minecraft/mods/YungsApi-1.20-Forge-4.0.6.jar
[20Dec2025 03:22:34.464] [main/DEBUG] [net.minecraftforge.server.ServerLifecycleHooks/CORE]: Generating PackInfo named mod:mixinextras for mod file 
[20Dec2025 03:22:34.464] [main/DEBUG] [net.minecraftforge.server.ServerLifecycleHooks/CORE]: Generating PackInfo named mod:gobber2 for mod file /workspaces/MSP-2.6/servidor_minecraft/mods/Gobber2-Forge-1.20.1-2.8.9.jar
[20Dec2025 03:22:34.464] [main/DEBUG] [net.minecraftforge.server.ServerLifecycleHooks/CORE]: Generating PackInfo named mod:dungeoncrawl for mod file /workspaces/MSP-2.6/servidor_minecraft/mods/Dungeon Crawl-1.20.1-2.3.15.jar
[20Dec2025 03:22:34.464] [main/DEBUG] [net.minecraftforge.server.ServerLifecycleHooks/CORE]: Generating PackInfo named mod:coroutil for mod file /workspaces/MSP-2.6/servidor_minecraft/mods/coroutil-forge-1.20.1-1.3.7.jar
[20Dec2025 03:22:34.464] [main/DEBUG] [net.minecraftforge.server.ServerLifecycleHooks/CORE]: Generating PackInfo named mod:warfare_wings for mod file /workspaces/MSP-2.6/servidor_minecraft/mods/warfare_wings-1.1.2-1.20.1-forge.jar
[20Dec2025 03:22:34.465] [main/DEBUG] [net.minecraftforge.server.ServerLifecycleHooks/CORE]: Generating PackInfo named mod:aiimprovements for mod file /workspaces/MSP-2.6/servidor_minecraft/mods/AI-Improvements-1.20-0.5.2.jar
[20Dec2025 03:22:34.465] [main/DEBUG] [net.minecraftforge.server.ServerLifecycleHooks/CORE]: Generating PackInfo named mod:iceandfire for mod file /workspaces/MSP-2.6/servidor_minecraft/mods/iceandfire-2.1.13-1.20.1-beta-5.jar
[20Dec2025 03:22:34.465] [main/DEBUG] [net.minecraftforge.server.ServerLifecycleHooks/CORE]: Generating PackInfo named mod:balm for mod file /workspaces/MSP-2.6/servidor_minecraft/mods/balm-forge-1.20.1-7.3.37-all.jar
[20Dec2025 03:22:34.465] [main/DEBUG] [net.minecraftforge.server.ServerLifecycleHooks/CORE]: Generating PackInfo named mod:puzzleslib for mod file /workspaces/MSP-2.6/servidor_minecraft/mods/PuzzlesLib-v8.1.33-1.20.1-Forge.jar
[20Dec2025 03:22:34.465] [main/DEBUG] [net.minecraftforge.server.ServerLifecycleHooks/CORE]: Generating PackInfo named mod:framework for mod file /workspaces/MSP-2.6/servidor_minecraft/mods/framework-forge-1.20.1-0.7.15.jar
[20Dec2025 03:22:34.465] [main/DEBUG] [net.minecraftforge.server.ServerLifecycleHooks/CORE]: Generating PackInfo named mod:puzzlesaccessapi for mod file 
[20Dec2025 03:22:34.466] [main/DEBUG] [net.minecraftforge.server.ServerLifecycleHooks/CORE]: Generating PackInfo named mod:cloth_config for mod file /workspaces/MSP-2.6/servidor_minecraft/mods/cloth-config-11.1.136-forge.jar
[20Dec2025 03:22:34.466] [main/DEBUG] [net.minecraftforge.server.ServerLifecycleHooks/CORE]: Generating PackInfo named mod:forge for mod file /workspaces/MSP-2.6/servidor_minecraft/libraries/net/minecraftforge/forge/1.20.1-47.3.7/forge-1.20.1-47.3.7-universal.jar
[20Dec2025 03:22:34.466] [main/DEBUG] [net.minecraftforge.server.ServerLifecycleHooks/CORE]: Generating PackInfo named mod:horde_hoard for mod file /workspaces/MSP-2.6/servidor_minecraft/mods/eh1.3.1-1.20.1.jar
[20Dec2025 03:22:34.466] [main/DEBUG] [net.minecraftforge.server.ServerLifecycleHooks/CORE]: Generating PackInfo named mod:mteg for mod file /workspaces/MSP-2.6/servidor_minecraft/mods/M'TEG-1.1.2-1.20.1.jar
[20Dec2025 03:22:34.466] [main/DEBUG] [net.minecraftforge.server.ServerLifecycleHooks/CORE]: Generating PackInfo named mod:enchantinginfuser for mod file /workspaces/MSP-2.6/servidor_minecraft/mods/EnchantingInfuser-v8.0.3-1.20.1-Forge.jar
[20Dec2025 03:22:34.467] [main/DEBUG] [net.minecraftforge.server.ServerLifecycleHooks/CORE]: Generating PackInfo named mod:skinrestorer for mod file /workspaces/MSP-2.6/servidor_minecraft/mods/skinrestorer-2.4.3+1.20-forge.jar
[20Dec2025 03:22:35.254] [main/DEBUG] [mixin/]: Mixing PrimaryLevelDataMixin from citadel.mixins.json into net.minecraft.world.level.storage.PrimaryLevelData
[20Dec2025 03:22:35.278] [main/DEBUG] [mixin/]: Mixing LootDataManagerForgeMixin from puzzleslib.forge.mixins.json into net.minecraft.world.level.storage.loot.LootDataManager
[20Dec2025 03:22:35.295] [main/DEBUG] [mixin/]: Mixing LootTableMixin from balm.mixins.json into net.minecraft.world.level.storage.loot.LootTable
[20Dec2025 03:22:35.296] [main/DEBUG] [mixin/]: Mixing accessor.LootTableForgeAccessor from puzzleslib.forge.mixins.json into net.minecraft.world.level.storage.loot.LootTable
[20Dec2025 03:22:35.437] [main/DEBUG] [net.minecraftforge.coremod.transformer.CoreModBaseTransformer/COREMOD]: Transforming net/minecraft/server/commands/SummonCommand
[20Dec2025 03:22:36.095] [Worker-Main-1/DEBUG] [mixin/]: Mixing MixinNbtPredicate from curios.mixins.json into net.minecraft.advancements.critereon.NbtPredicate
[20Dec2025 03:22:36.140] [Worker-Main-1/DEBUG] [net.minecraftforge.coremod.transformer.CoreModBaseTransformer/COREMOD]: Transforming net/minecraft/world/entity/raid/Raid
[20Dec2025 03:22:36.244] [Worker-Main-3/INFO] [jeg/]: Registered gun 'jeg:abstract_gun'
[20Dec2025 03:22:36.246] [Worker-Main-3/INFO] [jeg/]: Registered gun 'jeg:assault_rifle'
[20Dec2025 03:22:36.248] [Worker-Main-3/INFO] [jeg/]: Registered gun 'jeg:atlantean_spear'
[20Dec2025 03:22:36.251] [Worker-Main-3/INFO] [jeg/]: Registered gun 'jeg:blossom_rifle'
[20Dec2025 03:22:36.253] [Worker-Main-3/INFO] [jeg/]: Registered gun 'jeg:bolt_action_rifle'
[20Dec2025 03:22:36.257] [Worker-Main-3/INFO] [jeg/]: Registered gun 'jeg:burst_rifle'
[20Dec2025 03:22:36.259] [Worker-Main-3/INFO] [jeg/]: Registered gun 'jeg:combat_pistol'
[20Dec2025 03:22:36.264] [Worker-Main-3/INFO] [jeg/]: Registered gun 'jeg:combat_rifle'
[20Dec2025 03:22:36.266] [Worker-Main-3/INFO] [jeg/]: Registered gun 'jeg:compound_bow'
[20Dec2025 03:22:36.268] [Worker-Main-3/INFO] [jeg/]: Registered gun 'jeg:custom_smg'
[20Dec2025 03:22:36.270] [Worker-Main-3/INFO] [jeg/]: Registered gun 'jeg:double_barrel_shotgun'
[20Dec2025 03:22:36.271] [Worker-Main-3/INFO] [jeg/]: Registered gun 'jeg:finger_gun'
[20Dec2025 03:22:36.272] [Worker-Main-3/INFO] [jeg/]: Registered gun 'jeg:flamethrower'
[20Dec2025 03:22:36.274] [Worker-Main-3/INFO] [jeg/]: Registered gun 'jeg:flamethrower'
[20Dec2025 03:22:36.275] [Worker-Main-3/INFO] [jeg/]: Registered gun 'jeg:flare_gun'
[20Dec2025 03:22:36.277] [Worker-Main-3/INFO] [jeg/]: Registered gun 'jeg:flare_gun'
[20Dec2025 03:22:36.278] [Worker-Main-3/INFO] [jeg/]: Registered gun 'jeg:grenade_launcher'
[20Dec2025 03:22:36.281] [Worker-Main-3/INFO] [jeg/]: Registered gun 'jeg:hollenfire_mk2'
[20Dec2025 03:22:36.284] [Worker-Main-3/INFO] [jeg/]: Registered gun 'jeg:holy_shotgun'
[20Dec2025 03:22:36.286] [Worker-Main-3/INFO] [jeg/]: Registered gun 'jeg:hypersonic_cannon'
[20Dec2025 03:22:36.287] [Worker-Main-3/INFO] [jeg/]: Registered gun 'jeg:infantry_rifle'
[20Dec2025 03:22:36.289] [Worker-Main-3/INFO] [jeg/]: Registered gun 'jeg:light_machine_gun'
[20Dec2025 03:22:36.291] [Worker-Main-3/INFO] [jeg/]: Registered gun 'jeg:minigun'
[20Dec2025 03:22:36.295] [Worker-Main-3/INFO] [jeg/]: Registered gun 'jeg:primitive_bow'
[20Dec2025 03:22:36.298] [Worker-Main-3/INFO] [jeg/]: Registered gun 'jeg:pump_shotgun'
[20Dec2025 03:22:36.301] [Worker-Main-3/INFO] [jeg/]: Registered gun 'jeg:repeating_shotgun'
[20Dec2025 03:22:36.303] [Worker-Main-3/INFO] [jeg/]: Registered gun 'jeg:revolver'
[20Dec2025 03:22:36.305] [Worker-Main-3/INFO] [jeg/]: Registered gun 'jeg:rocket_launcher'
[20Dec2025 03:22:36.307] [Worker-Main-3/INFO] [jeg/]: Registered gun 'jeg:semi_auto_pistol'
[20Dec2025 03:22:36.309] [Worker-Main-3/INFO] [jeg/]: Registered gun 'jeg:semi_auto_rifle'
[20Dec2025 03:22:36.311] [Worker-Main-3/INFO] [jeg/]: Registered gun 'jeg:service_rifle'
[20Dec2025 03:22:36.313] [Worker-Main-3/INFO] [jeg/]: Registered gun 'jeg:soulhunter_mk2'
[20Dec2025 03:22:36.315] [Worker-Main-3/INFO] [jeg/]: Registered gun 'jeg:subsonic_rifle'
[20Dec2025 03:22:36.318] [Worker-Main-3/INFO] [jeg/]: Registered gun 'jeg:supersonic_shotgun'
[20Dec2025 03:22:36.319] [Worker-Main-3/INFO] [jeg/]: Registered gun 'jeg:typhoonee'
[20Dec2025 03:22:36.320] [Worker-Main-3/INFO] [jeg/]: Registered gun 'jeg:waterpipe_shotgun'
[20Dec2025 03:22:36.322] [Worker-Main-3/INFO] [jeg/]: Registered gun 'mteg:akm'
[20Dec2025 03:22:36.324] [Worker-Main-3/INFO] [jeg/]: Registered gun 'mteg:akm_custom'
[20Dec2025 03:22:36.325] [Worker-Main-3/INFO] [jeg/]: Registered gun 'mteg:as_val'
[20Dec2025 03:22:36.326] [Worker-Main-3/INFO] [jeg/]: Registered gun 'mteg:awp'
[20Dec2025 03:22:36.327] [Worker-Main-3/INFO] [jeg/]: Registered gun 'mteg:baker_rifle'
[20Dec2025 03:22:36.329] [Worker-Main-3/INFO] [jeg/]: Registered gun 'mteg:benelli_m4'
[20Dec2025 03:22:36.330] [Worker-Main-3/INFO] [jeg/]: Registered gun 'mteg:blue_heat'
[20Dec2025 03:22:36.332] [Worker-Main-3/INFO] [jeg/]: Registered gun 'mteg:double_barrel'
[20Dec2025 03:22:36.333] [Worker-Main-3/INFO] [jeg/]: Registered gun 'mteg:famas'
[20Dec2025 03:22:36.335] [Worker-Main-3/INFO] [jeg/]: Registered gun 'mteg:flamer'
[20Dec2025 03:22:36.336] [Worker-Main-3/INFO] [jeg/]: Registered gun 'mteg:flare_gun'
[20Dec2025 03:22:36.337] [Worker-Main-3/INFO] [jeg/]: Registered gun 'mteg:flare_gun'
[20Dec2025 03:22:36.338] [Worker-Main-3/INFO] [jeg/]: Registered gun 'mteg:g36c'
[20Dec2025 03:22:36.339] [Worker-Main-3/INFO] [jeg/]: Registered gun 'mteg:glock_17'
[20Dec2025 03:22:36.341] [Worker-Main-3/INFO] [jeg/]: Registered gun 'mteg:hellfire'
[20Dec2025 03:22:36.343] [Worker-Main-3/INFO] [jeg/]: Registered gun 'mteg:hog_bonker'
[20Dec2025 03:22:36.345] [Worker-Main-3/INFO] [jeg/]: Registered gun 'mteg:lanchester'
[20Dec2025 03:22:36.347] [Worker-Main-3/INFO] [jeg/]: Registered gun 'mteg:m107'
[20Dec2025 03:22:36.348] [Worker-Main-3/INFO] [jeg/]: Registered gun 'mteg:m14'
[20Dec2025 03:22:36.351] [Worker-Main-3/INFO] [jeg/]: Registered gun 'mteg:m14_ebr'
[20Dec2025 03:22:36.353] [Worker-Main-3/INFO] [jeg/]: Registered gun 'mteg:m16_lsw'
[20Dec2025 03:22:36.354] [Worker-Main-3/INFO] [jeg/]: Registered gun 'mteg:m16a1'
[20Dec2025 03:22:36.357] [Worker-Main-3/INFO] [jeg/]: Registered gun 'mteg:m1911'
[20Dec2025 03:22:36.359] [Worker-Main-3/INFO] [jeg/]: Registered gun 'mteg:m1_garand'
[20Dec2025 03:22:36.362] [Worker-Main-3/INFO] [jeg/]: Registered gun 'mteg:m249'
[20Dec2025 03:22:36.364] [Worker-Main-3/INFO] [jeg/]: Registered gun 'mteg:m2_flamethrower'
[20Dec2025 03:22:36.366] [Worker-Main-3/INFO] [jeg/]: Registered gun 'mteg:m60'
[20Dec2025 03:22:36.368] [Worker-Main-3/INFO] [jeg/]: Registered gun 'mteg:micro_uzi'
[20Dec2025 03:22:36.371] [Worker-Main-3/INFO] [jeg/]: Registered gun 'mteg:mossberg_590'
[20Dec2025 03:22:36.372] [Worker-Main-3/INFO] [jeg/]: Registered gun 'mteg:mp5'
[20Dec2025 03:22:36.375] [Worker-Main-3/INFO] [jeg/]: Registered gun 'mteg:ppsh_41'
[20Dec2025 03:22:36.377] [Worker-Main-3/INFO] [jeg/]: Registered gun 'mteg:remington_870'
[20Dec2025 03:22:36.380] [Worker-Main-3/INFO] [jeg/]: Registered gun 'mteg:scar_h'
[20Dec2025 03:22:36.382] [Worker-Main-3/INFO] [jeg/]: Registered gun 'mteg:scar_l'
[20Dec2025 03:22:36.384] [Worker-Main-3/INFO] [jeg/]: Registered gun 'mteg:thompson'
[20Dec2025 03:22:36.387] [Worker-Main-3/INFO] [jeg/]: Registered gun 'mteg:uzi'
[20Dec2025 03:22:36.388] [Worker-Main-3/INFO] [jeg/]: Registered gun 'mteg:uzi'
[20Dec2025 03:22:36.389] [Worker-Main-3/INFO] [jeg/]: Registered gun 'mteg:vss_vintorez'
[20Dec2025 03:22:36.391] [Worker-Main-3/INFO] [jeg/]: Registered gun 'mteg:walther_ppk'
[20Dec2025 03:22:36.394] [Worker-Main-3/INFO] [jeg/]: Registered gun 'mteg:welrod'
[20Dec2025 03:22:36.396] [Worker-Main-3/INFO] [jeg/]: Registered gun 'mteg:wrapped_rifle'
[20Dec2025 03:22:36.400] [Worker-Main-3/INFO] [jeg/]: Registered gun 'jeg_cfg:fire_sweeper'
[20Dec2025 03:22:36.402] [Worker-Main-3/INFO] [jeg/]: Registered gun 'jeg_cfg:primitive_blowpipe'
[20Dec2025 03:22:36.403] [Worker-Main-3/INFO] [jeg/]: Registered gun 'jeg_cfg:vindicator_smg'
[20Dec2025 03:22:36.746] [main/INFO] [net.minecraft.world.item.crafting.RecipeManager/]: Loaded 15 recipes
[20Dec2025 03:22:36.864] [main/INFO] [net.minecraft.advancements.AdvancementList/]: Loaded 2084 advancements
[20Dec2025 03:22:36.901] [main/INFO] [top.theillusivec4.curios.Curios/]: Loaded 10 curio slots
[20Dec2025 03:22:36.907] [main/INFO] [top.theillusivec4.curios.Curios/]: Loaded 1 curio entities
[20Dec2025 03:22:36.908] [main/INFO] [Dungeon Crawl/]: Loading data...
[20Dec2025 03:22:36.913] [main/DEBUG] [Dungeon Crawl/]: Loading dungeoncrawl:models/catacombs/corridor/linker/linker.nbt
[20Dec2025 03:22:36.931] [main/DEBUG] [Dungeon Crawl/]: Loading dungeoncrawl:models/catacombs/corridor/linker/linker.json
[20Dec2025 03:22:36.940] [main/DEBUG] [Dungeon Crawl/]: Loading dungeoncrawl:models/catacombs/corridor/linker/linker_trap.nbt
[20Dec2025 03:22:36.941] [main/DEBUG] [Dungeon Crawl/]: Loading dungeoncrawl:models/catacombs/corridor/linker/linker_trap.json
[20Dec2025 03:22:36.946] [main/DEBUG] [Dungeon Crawl/]: Loading dungeoncrawl:models/catacombs/multipart/connector.nbt
[20Dec2025 03:22:36.947] [main/DEBUG] [Dungeon Crawl/]: Loading dungeoncrawl:models/catacombs/multipart/connector_2.nbt
[20Dec2025 03:22:36.947] [main/DEBUG] [Dungeon Crawl/]: Loading dungeoncrawl:models/catacombs/multipart/corridor/ceiling.nbt
[20Dec2025 03:22:36.947] [main/DEBUG] [Dungeon Crawl/]: Loading dungeoncrawl:models/catacombs/multipart/corridor/ceiling_glowstone.nbt
[20Dec2025 03:22:36.948] [main/DEBUG] [Dungeon Crawl/]: Loading dungeoncrawl:models/catacombs/multipart/corridor/ceiling_lamp.nbt
[20Dec2025 03:22:36.948] [main/DEBUG] [Dungeon Crawl/]: Loading dungeoncrawl:models/catacombs/multipart/crypt_graves.nbt
[20Dec2025 03:22:36.948] [main/DEBUG] [Dungeon Crawl/]: Loading dungeoncrawl:models/catacombs/multipart/crypt_graves.json
[20Dec2025 03:22:36.949] [main/DEBUG] [Dungeon Crawl/]: Loading dungeoncrawl:models/catacombs/multipart/hidden_piston.nbt
[20Dec2025 03:22:36.949] [main/DEBUG] [Dungeon Crawl/]: Loading dungeoncrawl:models/catacombs/multipart/large_connector.nbt
[20Dec2025 03:22:36.950] [main/DEBUG] [Dungeon Crawl/]: Loading dungeoncrawl:models/catacombs/multipart/large_spawner_cell_open.nbt
[20Dec2025 03:22:36.950] [main/DEBUG] [Dungeon Crawl/]: Loading dungeoncrawl:models/catacombs/multipart/node/ceiling/crumbled.nbt
[20Dec2025 03:22:36.951] [main/DEBUG] [Dungeon Crawl/]: Loading dungeoncrawl:models/catacombs/multipart/node/ceiling/dome.nbt
[20Dec2025 03:22:36.951] [main/DEBUG] [Dungeon Crawl/]: Loading dungeoncrawl:models/catacombs/multipart/node/ceiling/flat.nbt
[20Dec2025 03:22:36.951] [main/DEBUG] [Dungeon Crawl/]: Loading dungeoncrawl:models/catacombs/multipart/node/ceiling/light.nbt
[20Dec2025 03:22:36.952] [main/DEBUG] [Dungeon Crawl/]: Loading dungeoncrawl:models/catacombs/node/crypt_dead_end.nbt
[20Dec2025 03:22:36.953] [main/DEBUG] [Dungeon Crawl/]: Loading dungeoncrawl:models/catacombs/node/crypt_dead_end.json
[20Dec2025 03:22:36.955] [main/DEBUG] [Dungeon Crawl/]: Loading dungeoncrawl:models/catacombs/node/crypt_turn.nbt
[20Dec2025 03:22:36.957] [main/DEBUG] [Dungeon Crawl/]: Loading dungeoncrawl:models/catacombs/node/crypt_turn.json
[20Dec2025 03:22:36.959] [main/DEBUG] [Dungeon Crawl/]: Loading dungeoncrawl:models/catacombs/node/fountain.nbt
[20Dec2025 03:22:36.965] [main/DEBUG] [Dungeon Crawl/]: Loading dungeoncrawl:models/catacombs/node/fountain.json
[20Dec2025 03:22:36.965] [main/DEBUG] [Dungeon Crawl/]: Loading dungeoncrawl:models/catacombs/node/prison.nbt
[20Dec2025 03:22:36.969] [main/DEBUG] [Dungeon Crawl/]: Loading dungeoncrawl:models/catacombs/node/prison.json
[20Dec2025 03:22:36.970] [main/DEBUG] [Dungeon Crawl/]: Loading dungeoncrawl:models/catacombs/node/prison_fork.nbt
[20Dec2025 03:22:36.975] [main/DEBUG] [Dungeon Crawl/]: Loading dungeoncrawl:models/catacombs/node/prison_fork.json
[20Dec2025 03:22:36.975] [main/DEBUG] [Dungeon Crawl/]: Loading dungeoncrawl:models/catacombs/node/room.nbt
[20Dec2025 03:22:36.978] [main/DEBUG] [Dungeon Crawl/]: Loading dungeoncrawl:models/catacombs/node/room.json
[20Dec2025 03:22:36.979] [main/DEBUG] [Dungeon Crawl/]: Loading dungeoncrawl:models/catacombs/node/room_2.nbt
[20Dec2025 03:22:36.983] [main/DEBUG] [Dungeon Crawl/]: Loading dungeoncrawl:models/catacombs/node/room_2.json
[20Dec2025 03:22:36.984] [main/DEBUG] [Dungeon Crawl/]: Loading dungeoncrawl:models/catacombs/node/sarcophagus.nbt
[20Dec2025 03:22:36.988] [main/DEBUG] [Dungeon Crawl/]: Loading dungeoncrawl:models/catacombs/node/sarcophagus.json
[20Dec2025 03:22:36.989] [main/DEBUG] [Dungeon Crawl/]: Loading dungeoncrawl:models/catacombs/node/sewers.nbt
[20Dec2025 03:22:36.995] [main/DEBUG] [Dungeon Crawl/]: Loading dungeoncrawl:models/catacombs/node/sewers.json
[20Dec2025 03:22:36.996] [main/DEBUG] [Dungeon Crawl/]: Loading dungeoncrawl:models/catacombs/node/sewers_dead_end.nbt
[20Dec2025 03:22:37.002] [main/DEBUG] [Dungeon Crawl/]: Loading dungeoncrawl:models/catacombs/node/sewers_dead_end.json
[20Dec2025 03:22:37.003] [main/DEBUG] [Dungeon Crawl/]: Loading dungeoncrawl:models/catacombs/node/sewers_fork.nbt
[20Dec2025 03:22:37.009] [main/DEBUG] [Dungeon Crawl/]: Loading dungeoncrawl:models/catacombs/node/sewers_fork.json
[20Dec2025 03:22:37.010] [main/DEBUG] [Dungeon Crawl/]: Loading dungeoncrawl:models/catacombs/node/sewers_straight.nbt
[20Dec2025 03:22:37.015] [main/DEBUG] [Dungeon Crawl/]: Loading dungeoncrawl:models/catacombs/node/sewers_straight.json
[20Dec2025 03:22:37.016] [main/DEBUG] [Dungeon Crawl/]: Loading dungeoncrawl:models/catacombs/room/spawner_room.nbt
[20Dec2025 03:22:37.017] [main/DEBUG] [Dungeon Crawl/]: Loading dungeoncrawl:models/catacombs/room/spawner_room.json
[20Dec2025 03:22:37.018] [main/DEBUG] [Dungeon Crawl/]: Loading dungeoncrawl:models/default/corridor/corridor.nbt
[20Dec2025 03:22:37.019] [main/DEBUG] [Dungeon Crawl/]: Loading dungeoncrawl:models/default/corridor/corridor.json
[20Dec2025 03:22:37.020] [main/DEBUG] [Dungeon Crawl/]: Loading dungeoncrawl:models/default/corridor/corridor_2.nbt
[20Dec2025 03:22:37.021] [main/DEBUG] [Dungeon Crawl/]: Loading dungeoncrawl:models/default/corridor/corridor_2.json
[20Dec2025 03:22:37.021] [main/DEBUG] [Dungeon Crawl/]: Loading dungeoncrawl:models/default/corridor/corridor_3.nbt
[20Dec2025 03:22:37.021] [main/DEBUG] [Dungeon Crawl/]: Loading dungeoncrawl:models/default/corridor/corridor_3.json
[20Dec2025 03:22:37.023] [main/DEBUG] [Dungeon Crawl/]: Loading dungeoncrawl:models/default/corridor/corridor_fire.nbt
[20Dec2025 03:22:37.024] [main/DEBUG] [Dungeon Crawl/]: Loading dungeoncrawl:models/default/corridor/corridor_fire.json
[20Dec2025 03:22:37.024] [main/DEBUG] [Dungeon Crawl/]: Loading dungeoncrawl:models/default/corridor/corridor_light.nbt
[20Dec2025 03:22:37.025] [main/DEBUG] [Dungeon Crawl/]: Loading dungeoncrawl:models/default/corridor/corridor_light.json
[20Dec2025 03:22:37.026] [main/DEBUG] [Dungeon Crawl/]: Loading dungeoncrawl:models/default/corridor/corridor_room.nbt
[20Dec2025 03:22:37.027] [main/DEBUG] [Dungeon Crawl/]: Loading dungeoncrawl:models/default/corridor/corridor_room.json
[20Dec2025 03:22:37.027] [main/DEBUG] [Dungeon Crawl/]: Loading dungeoncrawl:models/default/corridor/corridor_spawner.nbt
[20Dec2025 03:22:37.028] [main/DEBUG] [Dungeon Crawl/]: Loading dungeoncrawl:models/default/corridor/corridor_spawner.json
[20Dec2025 03:22:37.028] [main/DEBUG] [Dungeon Crawl/]: Loading dungeoncrawl:models/default/corridor/linker/cake_room.nbt
[20Dec2025 03:22:37.029] [main/DEBUG] [Dungeon Crawl/]: Loading dungeoncrawl:models/default/corridor/linker/cake_room.json
[20Dec2025 03:22:37.029] [main/DEBUG] [Dungeon Crawl/]: Loading dungeoncrawl:models/default/corridor/linker/linker.nbt
[20Dec2025 03:22:37.030] [main/DEBUG] [Dungeon Crawl/]: Loading dungeoncrawl:models/default/corridor/linker/linker.json
[20Dec2025 03:22:37.030] [main/DEBUG] [Dungeon Crawl/]: Loading dungeoncrawl:models/default/corridor/linker/linker_2.nbt
[20Dec2025 03:22:37.031] [main/DEBUG] [Dungeon Crawl/]: Loading dungeoncrawl:models/default/corridor/linker/linker_2.json
[20Dec2025 03:22:37.031] [main/DEBUG] [Dungeon Crawl/]: Loading dungeoncrawl:models/default/corridor/linker/linker_3.nbt
[20Dec2025 03:22:37.032] [main/DEBUG] [Dungeon Crawl/]: Loading dungeoncrawl:models/default/corridor/linker/linker_3.json
[20Dec2025 03:22:37.032] [main/DEBUG] [Dungeon Crawl/]: Loading dungeoncrawl:models/default/corridor/linker/linker_4.nbt
[20Dec2025 03:22:37.033] [main/DEBUG] [Dungeon Crawl/]: Loading dungeoncrawl:models/default/corridor/linker/linker_4.json
[20Dec2025 03:22:37.033] [main/DEBUG] [Dungeon Crawl/]: Loading dungeoncrawl:models/default/corridor/linker/linker_5.nbt
[20Dec2025 03:22:37.034] [main/DEBUG] [Dungeon Crawl/]: Loading dungeoncrawl:models/default/corridor/linker/linker_5.json
[20Dec2025 03:22:37.034] [main/DEBUG] [Dungeon Crawl/]: Loading dungeoncrawl:models/default/corridor/linker/linker_6.nbt
[20Dec2025 03:22:37.035] [main/DEBUG] [Dungeon Crawl/]: Loading dungeoncrawl:models/default/corridor/linker/linker_6.json
[20Dec2025 03:22:37.035] [main/DEBUG] [Dungeon Crawl/]: Loading dungeoncrawl:models/default/corridor/old_corridor.nbt
[20Dec2025 03:22:37.036] [main/DEBUG] [Dungeon Crawl/]: Loading dungeoncrawl:models/default/corridor/old_corridor.json
[20Dec2025 03:22:37.036] [main/DEBUG] [Dungeon Crawl/]: Loading dungeoncrawl:models/default/corridor/old_corridor_3.nbt
[20Dec2025 03:22:37.036] [main/DEBUG] [Dungeon Crawl/]: Loading dungeoncrawl:models/default/corridor/old_corridor_3.json
[20Dec2025 03:22:37.036] [main/DEBUG] [Dungeon Crawl/]: Loading dungeoncrawl:models/default/corridor/secret_room_entrance.nbt
[20Dec2025 03:22:37.037] [main/DEBUG] [Dungeon Crawl/]: Loading dungeoncrawl:models/default/corridor/secret_room_entrance.json
[20Dec2025 03:22:37.038] [main/DEBUG] [Dungeon Crawl/]: Loading dungeoncrawl:models/default/corridor/stone_corridor.nbt
[20Dec2025 03:22:37.039] [main/DEBUG] [Dungeon Crawl/]: Loading dungeoncrawl:models/default/corridor/stone_corridor.json
[20Dec2025 03:22:37.039] [main/DEBUG] [Dungeon Crawl/]: Loading dungeoncrawl:models/default/loot_room.nbt
[20Dec2025 03:22:37.048] [main/DEBUG] [Dungeon Crawl/]: Loading dungeoncrawl:models/default/loot_room.json
[20Dec2025 03:22:37.048] [main/DEBUG] [Dungeon Crawl/]: Loading dungeoncrawl:models/default/multipart/corridor/bookshelf.nbt
[20Dec2025 03:22:37.048] [main/DEBUG] [Dungeon Crawl/]: Loading dungeoncrawl:models/default/multipart/corridor/chest.nbt
[20Dec2025 03:22:37.049] [main/DEBUG] [Dungeon Crawl/]: Loading dungeoncrawl:models/default/multipart/corridor/chest_room.nbt
[20Dec2025 03:22:37.049] [main/DEBUG] [Dungeon Crawl/]: Loading dungeoncrawl:models/default/multipart/corridor/chest_room_2.nbt
[20Dec2025 03:22:37.049] [main/DEBUG] [Dungeon Crawl/]: Loading dungeoncrawl:models/default/multipart/corridor/crops.nbt
[20Dec2025 03:22:37.050] [main/DEBUG] [Dungeon Crawl/]: Loading dungeoncrawl:models/default/multipart/corridor/crops.json
[20Dec2025 03:22:37.050] [main/DEBUG] [Dungeon Crawl/]: Loading dungeoncrawl:models/default/multipart/corridor/default.nbt
[20Dec2025 03:22:37.050] [main/DEBUG] [Dungeon Crawl/]: Loading dungeoncrawl:models/default/multipart/corridor/empty_room.nbt
[20Dec2025 03:22:37.050] [main/DEBUG] [Dungeon Crawl/]: Loading dungeoncrawl:models/default/multipart/corridor/empty_room_2.nbt
[20Dec2025 03:22:37.051] [main/DEBUG] [Dungeon Crawl/]: Loading dungeoncrawl:models/default/multipart/corridor/empty_room_3.nbt
[20Dec2025 03:22:37.051] [main/DEBUG] [Dungeon Crawl/]: Loading dungeoncrawl:models/default/multipart/corridor/empty_room_4.nbt
[20Dec2025 03:22:37.051] [main/DEBUG] [Dungeon Crawl/]: Loading dungeoncrawl:models/default/multipart/corridor/fire.nbt
[20Dec2025 03:22:37.052] [main/DEBUG] [Dungeon Crawl/]: Loading dungeoncrawl:models/default/multipart/corridor/light.nbt
[20Dec2025 03:22:37.052] [main/DEBUG] [Dungeon Crawl/]: Loading dungeoncrawl:models/default/multipart/corridor/light_switch.nbt
[20Dec2025 03:22:37.052] [main/DEBUG] [Dungeon Crawl/]: Loading dungeoncrawl:models/default/multipart/corridor/secret_room_entrance.nbt
[20Dec2025 03:22:37.052] [main/DEBUG] [Dungeon Crawl/]: Loading dungeoncrawl:models/default/multipart/corridor/secret_room_entrance_2.nbt
[20Dec2025 03:22:37.053] [main/DEBUG] [Dungeon Crawl/]: Loading dungeoncrawl:models/default/multipart/corridor/secret_room_entrance_3.nbt
[20Dec2025 03:22:37.053] [main/DEBUG] [Dungeon Crawl/]: Loading dungeoncrawl:models/default/multipart/corridor/secret_room_entrance_bookshelf.nbt
[20Dec2025 03:22:37.053] [main/DEBUG] [Dungeon Crawl/]: Loading dungeoncrawl:models/default/multipart/corridor/spawner.nbt
[20Dec2025 03:22:37.053] [main/DEBUG] [Dungeon Crawl/]: Loading dungeoncrawl:models/default/multipart/corridor/spawner_room.nbt
[20Dec2025 03:22:37.053] [main/DEBUG] [Dungeon Crawl/]: Loading dungeoncrawl:models/default/multipart/corridor/variant.nbt
[20Dec2025 03:22:37.054] [main/DEBUG] [Dungeon Crawl/]: Loading dungeoncrawl:models/default/multipart/corridor/variant_2.nbt
[20Dec2025 03:22:37.054] [main/DEBUG] [Dungeon Crawl/]: Loading dungeoncrawl:models/default/multipart/large_wall.nbt
[20Dec2025 03:22:37.054] [main/DEBUG] [Dungeon Crawl/]: Loading dungeoncrawl:models/default/multipart/node_connector.nbt
[20Dec2025 03:22:37.054] [main/DEBUG] [Dungeon Crawl/]: Loading dungeoncrawl:models/default/multipart/short_node_connector.nbt
[20Dec2025 03:22:37.054] [main/DEBUG] [Dungeon Crawl/]: Loading dungeoncrawl:models/default/multipart/wall.nbt
[20Dec2025 03:22:37.055] [main/DEBUG] [Dungeon Crawl/]: Loading dungeoncrawl:models/default/multipart/wall_2.nbt
[20Dec2025 03:22:37.055] [main/DEBUG] [Dungeon Crawl/]: Loading dungeoncrawl:models/default/node/connector/connector.nbt
[20Dec2025 03:22:37.055] [main/DEBUG] [Dungeon Crawl/]: Loading dungeoncrawl:models/default/node/connector/connector.json
[20Dec2025 03:22:37.055] [main/DEBUG] [Dungeon Crawl/]: Loading dungeoncrawl:models/default/node/connector/connector_2.nbt
[20Dec2025 03:22:37.056] [main/DEBUG] [Dungeon Crawl/]: Loading dungeoncrawl:models/default/node/connector/connector_2.json
[20Dec2025 03:22:37.056] [main/DEBUG] [Dungeon Crawl/]: Loading dungeoncrawl:models/default/node/connector/connector_3.nbt
[20Dec2025 03:22:37.056] [main/DEBUG] [Dungeon Crawl/]: Loading dungeoncrawl:models/default/node/connector/connector_3.json
[20Dec2025 03:22:37.056] [main/DEBUG] [Dungeon Crawl/]: Loading dungeoncrawl:models/default/node/connector/connector_4.nbt
[20Dec2025 03:22:37.057] [main/DEBUG] [Dungeon Crawl/]: Loading dungeoncrawl:models/default/node/connector/connector_4.json
[20Dec2025 03:22:37.057] [main/DEBUG] [Dungeon Crawl/]: Loading dungeoncrawl:models/default/node/connector/connector_6.nbt
[20Dec2025 03:22:37.057] [main/DEBUG] [Dungeon Crawl/]: Loading dungeoncrawl:models/default/node/connector/connector_6.json
[20Dec2025 03:22:37.057] [main/DEBUG] [Dungeon Crawl/]: Loading dungeoncrawl:models/default/node/connector/connector_lava.nbt
[20Dec2025 03:22:37.057] [main/DEBUG] [Dungeon Crawl/]: Loading dungeoncrawl:models/default/node/connector/node_connector_catacomb.nbt
[20Dec2025 03:22:37.058] [main/DEBUG] [Dungeon Crawl/]: Loading dungeoncrawl:models/default/node/connector/node_connector_catacomb.json
[20Dec2025 03:22:37.058] [main/DEBUG] [Dungeon Crawl/]: Loading dungeoncrawl:models/default/node/dark_hall.nbt
[20Dec2025 03:22:37.062] [main/DEBUG] [Dungeon Crawl/]: Loading dungeoncrawl:models/default/node/fire_hall.nbt
[20Dec2025 03:22:37.066] [main/DEBUG] [Dungeon Crawl/]: Loading dungeoncrawl:models/default/node/fireplace.nbt
[20Dec2025 03:22:37.070] [main/DEBUG] [Dungeon Crawl/]: Loading dungeoncrawl:models/default/node/fireplace.json
[20Dec2025 03:22:37.070] [main/DEBUG] [Dungeon Crawl/]: Loading dungeoncrawl:models/default/node/forge.nbt
[20Dec2025 03:22:37.074] [main/DEBUG] [Dungeon Crawl/]: Loading dungeoncrawl:models/default/node/forge.json
[20Dec2025 03:22:37.074] [main/DEBUG] [Dungeon Crawl/]: Loading dungeoncrawl:models/default/node/jukebox_room.nbt
[20Dec2025 03:22:37.076] [main/DEBUG] [Dungeon Crawl/]: Loading dungeoncrawl:models/default/node/jukebox_room.json
[20Dec2025 03:22:37.077] [main/DEBUG] [Dungeon Crawl/]: Loading dungeoncrawl:models/default/node/library.nbt
[20Dec2025 03:22:37.086] [main/DEBUG] [Dungeon Crawl/]: Loading dungeoncrawl:models/default/node/library.json
[20Dec2025 03:22:37.087] [main/DEBUG] [Dungeon Crawl/]: Loading dungeoncrawl:models/default/node/node_turn.nbt
[20Dec2025 03:22:37.091] [main/DEBUG] [Dungeon Crawl/]: Loading dungeoncrawl:models/default/node/node_turn.json
[20Dec2025 03:22:37.091] [main/DEBUG] [Dungeon Crawl/]: Loading dungeoncrawl:models/default/node/old_fire_hall.nbt
[20Dec2025 03:22:37.096] [main/DEBUG] [Dungeon Crawl/]: Loading dungeoncrawl:models/default/node/old_fire_hall.json
[20Dec2025 03:22:37.097] [main/DEBUG] [Dungeon Crawl/]: Loading dungeoncrawl:models/default/node/old_jukebox_room.nbt
[20Dec2025 03:22:37.099] [main/DEBUG] [Dungeon Crawl/]: Loading dungeoncrawl:models/default/node/old_jukebox_room.json
[20Dec2025 03:22:37.099] [main/DEBUG] [Dungeon Crawl/]: Loading dungeoncrawl:models/default/node/room.nbt
[20Dec2025 03:22:37.100] [main/DEBUG] [Dungeon Crawl/]: Loading dungeoncrawl:models/default/node/room.json
[20Dec2025 03:22:37.101] [main/DEBUG] [Dungeon Crawl/]: Loading dungeoncrawl:models/default/node/room_2.nbt
[20Dec2025 03:22:37.104] [main/DEBUG] [Dungeon Crawl/]: Loading dungeoncrawl:models/default/node/room_2.json
[20Dec2025 03:22:37.104] [main/DEBUG] [Dungeon Crawl/]: Loading dungeoncrawl:models/default/node/spawner_hall.nbt
[20Dec2025 03:22:37.110] [main/DEBUG] [Dungeon Crawl/]: Loading dungeoncrawl:models/default/node/spawner_hall.json
[20Dec2025 03:22:37.110] [main/DEBUG] [Dungeon Crawl/]: Loading dungeoncrawl:models/default/old_loot_room.nbt
[20Dec2025 03:22:37.116] [main/DEBUG] [Dungeon Crawl/]: Loading dungeoncrawl:models/default/old_loot_room.json
[20Dec2025 03:22:37.116] [main/DEBUG] [Dungeon Crawl/]: Loading dungeoncrawl:models/default/room/food_side_room.nbt
[20Dec2025 03:22:37.117] [main/DEBUG] [Dungeon Crawl/]: Loading dungeoncrawl:models/default/room/food_side_room.json
[20Dec2025 03:22:37.117] [main/DEBUG] [Dungeon Crawl/]: Loading dungeoncrawl:models/default/room/secret_room.nbt
[20Dec2025 03:22:37.119] [main/DEBUG] [Dungeon Crawl/]: Loading dungeoncrawl:models/default/room/secret_room.json
[20Dec2025 03:22:37.119] [main/DEBUG] [Dungeon Crawl/]: Loading dungeoncrawl:models/default/room/spawner_room.nbt
[20Dec2025 03:22:37.119] [main/DEBUG] [Dungeon Crawl/]: Loading dungeoncrawl:models/default/room/spawner_room.json
[20Dec2025 03:22:37.120] [main/DEBUG] [Dungeon Crawl/]: Loading dungeoncrawl:models/default/room/spawner_room_2.nbt
[20Dec2025 03:22:37.120] [main/DEBUG] [Dungeon Crawl/]: Loading dungeoncrawl:models/default/room/spawner_room_2.json
[20Dec2025 03:22:37.120] [main/DEBUG] [Dungeon Crawl/]: Loading dungeoncrawl:models/default/room/spawner_room_material.nbt
[20Dec2025 03:22:37.121] [main/DEBUG] [Dungeon Crawl/]: Loading dungeoncrawl:models/default/room/spawner_room_material.json
[20Dec2025 03:22:37.121] [main/DEBUG] [Dungeon Crawl/]: Loading dungeoncrawl:models/default/room/spawner_room_material_2.nbt
[20Dec2025 03:22:37.122] [main/DEBUG] [Dungeon Crawl/]: Loading dungeoncrawl:models/default/room/spawner_room_material_2.json
[20Dec2025 03:22:37.122] [main/DEBUG] [Dungeon Crawl/]: Loading dungeoncrawl:models/default/room/starter_room.nbt
[20Dec2025 03:22:37.122] [main/DEBUG] [Dungeon Crawl/]: Loading dungeoncrawl:models/default/room/starter_room.json
[20Dec2025 03:22:37.123] [main/DEBUG] [Dungeon Crawl/]: Loading dungeoncrawl:models/default/room/tnt_trap_side_room.nbt
[20Dec2025 03:22:37.123] [main/DEBUG] [Dungeon Crawl/]: Loading dungeoncrawl:models/default/room/tnt_trap_side_room.json
[20Dec2025 03:22:37.123] [main/DEBUG] [Dungeon Crawl/]: Loading dungeoncrawl:models/default/staircase.nbt
[20Dec2025 03:22:37.124] [main/DEBUG] [Dungeon Crawl/]: Loading dungeoncrawl:models/default/staircase.json
[20Dec2025 03:22:37.124] [main/DEBUG] [Dungeon Crawl/]: Loading dungeoncrawl:models/default/staircase_layer.nbt
[20Dec2025 03:22:37.124] [main/DEBUG] [Dungeon Crawl/]: Loading dungeoncrawl:models/default/stairs_bottom.nbt
[20Dec2025 03:22:37.125] [main/DEBUG] [Dungeon Crawl/]: Loading dungeoncrawl:models/default/stairs_bottom.json
[20Dec2025 03:22:37.125] [main/DEBUG] [Dungeon Crawl/]: Loading dungeoncrawl:models/default/stairs_bottom_2.nbt
[20Dec2025 03:22:37.126] [main/DEBUG] [Dungeon Crawl/]: Loading dungeoncrawl:models/default/stairs_bottom_2.json
[20Dec2025 03:22:37.126] [main/DEBUG] [Dungeon Crawl/]: Loading dungeoncrawl:models/default/stairs_top.nbt
[20Dec2025 03:22:37.127] [main/DEBUG] [Dungeon Crawl/]: Loading dungeoncrawl:models/default/stairs_top.json
[20Dec2025 03:22:37.127] [main/DEBUG] [Dungeon Crawl/]: Loading dungeoncrawl:models/entrance/roguelike/eniko_tower.nbt
[20Dec2025 03:22:37.129] [main/DEBUG] [Dungeon Crawl/]: Loading dungeoncrawl:models/entrance/roguelike/eniko_tower.json
[20Dec2025 03:22:37.130] [main/DEBUG] [Dungeon Crawl/]: Loading dungeoncrawl:models/entrance/roguelike/house.nbt
[20Dec2025 03:22:37.132] [main/DEBUG] [Dungeon Crawl/]: Loading dungeoncrawl:models/entrance/roguelike/house.json
[20Dec2025 03:22:37.132] [main/DEBUG] [Dungeon Crawl/]: Loading dungeoncrawl:models/entrance/roguelike/pyramid.nbt
[20Dec2025 03:22:37.133] [main/DEBUG] [Dungeon Crawl/]: Loading dungeoncrawl:models/entrance/roguelike/pyramid.json
[20Dec2025 03:22:37.133] [main/DEBUG] [Dungeon Crawl/]: Loading dungeoncrawl:models/entrance/roguelike/rogue_tower.nbt
[20Dec2025 03:22:37.135] [main/DEBUG] [Dungeon Crawl/]: Loading dungeoncrawl:models/entrance/roguelike/rogue_tower.json
[20Dec2025 03:22:37.135] [main/DEBUG] [Dungeon Crawl/]: Loading dungeoncrawl:models/entrance/roguelike/witch_tower.nbt
[20Dec2025 03:22:37.137] [main/DEBUG] [Dungeon Crawl/]: Loading dungeoncrawl:models/entrance/roguelike/witch_tower.json
[20Dec2025 03:22:37.137] [main/DEBUG] [Dungeon Crawl/]: Loading dungeoncrawl:models/hell/node/lava_hall.nbt
[20Dec2025 03:22:37.140] [main/DEBUG] [Dungeon Crawl/]: Loading dungeoncrawl:models/hell/node/small_loot_room.nbt
[20Dec2025 03:22:37.142] [main/DEBUG] [Dungeon Crawl/]: Loading dungeoncrawl:models/hell/node/small_loot_room.json
[20Dec2025 03:22:37.142] [main/DEBUG] [Dungeon Crawl/]: Loading dungeoncrawl:models/hell/room/empty_room.nbt
[20Dec2025 03:22:37.143] [main/DEBUG] [Dungeon Crawl/]: Loading dungeoncrawl:models/hell/room/empty_room.json
[20Dec2025 03:22:37.143] [main/DEBUG] [Dungeon Crawl/]: Loading dungeoncrawl:models/hell/room/spawner_room.nbt
[20Dec2025 03:22:37.144] [main/DEBUG] [Dungeon Crawl/]: Loading dungeoncrawl:models/hell/room/spawner_room.json
[20Dec2025 03:22:37.145] [main/DEBUG] [Dungeon Crawl/]: Loading dungeoncrawl:dungeon/model_pools.json
[20Dec2025 03:22:37.149] [main/DEBUG] [Dungeon Crawl/]: Loading dungeoncrawl:dungeon/types/default.json
[20Dec2025 03:22:37.157] [main/DEBUG] [Dungeon Crawl/]: Loading dungeoncrawl:dungeon/types/desert/default.json
[20Dec2025 03:22:37.157] [main/DEBUG] [Dungeon Crawl/]: Loading dungeoncrawl:dungeon/types/forest/default.json
[20Dec2025 03:22:37.158] [main/DEBUG] [Dungeon Crawl/]: Loading dungeoncrawl:dungeon/types/mountains/default.json
[20Dec2025 03:22:37.160] [main/DEBUG] [Dungeon Crawl/]: Loading dungeoncrawl:dungeon/biome_mappings/default.json
[20Dec2025 03:22:37.163] [main/DEBUG] [Dungeon Crawl/]: Loading dungeoncrawl:theming/secondary_themes/catacombs/crumbled.json
[20Dec2025 03:22:37.165] [main/DEBUG] [Dungeon Crawl/]: Loading dungeoncrawl:theming/secondary_themes/hell/roguelike.json
[20Dec2025 03:22:37.166] [main/DEBUG] [Dungeon Crawl/]: Loading dungeoncrawl:theming/secondary_themes/vanilla/acacia.json
[20Dec2025 03:22:37.166] [main/DEBUG] [Dungeon Crawl/]: Loading dungeoncrawl:theming/secondary_themes/vanilla/badlands/default.json
[20Dec2025 03:22:37.166] [main/DEBUG] [Dungeon Crawl/]: Loading dungeoncrawl:theming/secondary_themes/vanilla/birch.json
[20Dec2025 03:22:37.167] [main/DEBUG] [Dungeon Crawl/]: Loading dungeoncrawl:theming/secondary_themes/vanilla/catacombs/mossy.json
[20Dec2025 03:22:37.167] [main/DEBUG] [Dungeon Crawl/]: Loading dungeoncrawl:theming/secondary_themes/vanilla/catacombs/overgrown.json
[20Dec2025 03:22:37.168] [main/DEBUG] [Dungeon Crawl/]: Loading dungeoncrawl:theming/secondary_themes/vanilla/dark_oak.json
[20Dec2025 03:22:37.168] [main/DEBUG] [Dungeon Crawl/]: Loading dungeoncrawl:theming/secondary_themes/vanilla/desert/default.json
[20Dec2025 03:22:37.169] [main/DEBUG] [Dungeon Crawl/]: Loading dungeoncrawl:theming/secondary_themes/vanilla/desert/diorite.json
[20Dec2025 03:22:37.169] [main/DEBUG] [Dungeon Crawl/]: Loading dungeoncrawl:theming/secondary_themes/vanilla/desert/granite.json
[20Dec2025 03:22:37.170] [main/DEBUG] [Dungeon Crawl/]: Loading dungeoncrawl:theming/secondary_themes/vanilla/hell/default.json
[20Dec2025 03:22:37.170] [main/DEBUG] [Dungeon Crawl/]: Loading dungeoncrawl:theming/secondary_themes/vanilla/jungle.json
[20Dec2025 03:22:37.170] [main/DEBUG] [Dungeon Crawl/]: Loading dungeoncrawl:theming/secondary_themes/vanilla/mountains/default.json
[20Dec2025 03:22:37.171] [main/DEBUG] [Dungeon Crawl/]: Loading dungeoncrawl:theming/secondary_themes/vanilla/oak.json
[20Dec2025 03:22:37.171] [main/DEBUG] [Dungeon Crawl/]: Loading dungeoncrawl:theming/secondary_themes/vanilla/spruce.json
[20Dec2025 03:22:37.173] [main/DEBUG] [Dungeon Crawl/]: Loading dungeoncrawl:theming/primary_themes/catacombs/crumbled.json
[20Dec2025 03:22:37.176] [main/DEBUG] [Dungeon Crawl/]: Loading dungeoncrawl:theming/primary_themes/create/andesite.json
[20Dec2025 03:22:37.176] [main/DEBUG] [Dungeon Crawl/]: Loading dungeoncrawl:theming/primary_themes/create/crumbled_andesite.json
[20Dec2025 03:22:37.177] [main/DEBUG] [Dungeon Crawl/]: Loading dungeoncrawl:theming/primary_themes/create/mossy_andesite.json
[20Dec2025 03:22:37.177] [main/DEBUG] [Dungeon Crawl/]: Loading dungeoncrawl:theming/primary_themes/create/overgrown_andesite.json
[20Dec2025 03:22:37.178] [main/DEBUG] [Dungeon Crawl/]: Loading dungeoncrawl:theming/primary_themes/hell/roguelike.json
[20Dec2025 03:22:37.179] [main/DEBUG] [Dungeon Crawl/]: Loading dungeoncrawl:theming/primary_themes/vanilla/andesite.json
[20Dec2025 03:22:37.180] [main/DEBUG] [Dungeon Crawl/]: Loading dungeoncrawl:theming/primary_themes/vanilla/badlands/default.json
[20Dec2025 03:22:37.180] [main/DEBUG] [Dungeon Crawl/]: Loading dungeoncrawl:theming/primary_themes/vanilla/bricks.json
[20Dec2025 03:22:37.181] [main/DEBUG] [Dungeon Crawl/]: Loading dungeoncrawl:theming/primary_themes/vanilla/bricks_2.json
[20Dec2025 03:22:37.182] [main/DEBUG] [Dungeon Crawl/]: Loading dungeoncrawl:theming/primary_themes/vanilla/catacombs/ancient.json
[20Dec2025 03:22:37.183] [main/DEBUG] [Dungeon Crawl/]: Loading dungeoncrawl:theming/primary_themes/vanilla/catacombs/bricks.json
[20Dec2025 03:22:37.184] [main/DEBUG] [Dungeon Crawl/]: Loading dungeoncrawl:theming/primary_themes/vanilla/catacombs/crumbled_floor.json
[20Dec2025 03:22:37.186] [main/DEBUG] [Dungeon Crawl/]: Loading dungeoncrawl:theming/primary_themes/vanilla/catacombs/mossy.json
[20Dec2025 03:22:37.187] [main/DEBUG] [Dungeon Crawl/]: Loading dungeoncrawl:theming/primary_themes/vanilla/catacombs/overgrown.json
[20Dec2025 03:22:37.188] [main/DEBUG] [Dungeon Crawl/]: Loading dungeoncrawl:theming/primary_themes/vanilla/default.json
[20Dec2025 03:22:37.189] [main/DEBUG] [Dungeon Crawl/]: Loading dungeoncrawl:theming/primary_themes/vanilla/desert/default.json
[20Dec2025 03:22:37.190] [main/DEBUG] [Dungeon Crawl/]: Loading dungeoncrawl:theming/primary_themes/vanilla/desert/diorite.json
[20Dec2025 03:22:37.190] [main/DEBUG] [Dungeon Crawl/]: Loading dungeoncrawl:theming/primary_themes/vanilla/desert/granite.json
[20Dec2025 03:22:37.191] [main/DEBUG] [Dungeon Crawl/]: Loading dungeoncrawl:theming/primary_themes/vanilla/desert/terracotta.json
[20Dec2025 03:22:37.192] [main/DEBUG] [Dungeon Crawl/]: Loading dungeoncrawl:theming/primary_themes/vanilla/hell/checked_floor.json
[20Dec2025 03:22:37.193] [main/DEBUG] [Dungeon Crawl/]: Loading dungeoncrawl:theming/primary_themes/vanilla/hell/default.json
[20Dec2025 03:22:37.193] [main/DEBUG] [Dungeon Crawl/]: Loading dungeoncrawl:theming/primary_themes/vanilla/hell/mossy.json
[20Dec2025 03:22:37.194] [main/DEBUG] [Dungeon Crawl/]: Loading dungeoncrawl:theming/primary_themes/vanilla/jungle/default.json
[20Dec2025 03:22:37.195] [main/DEBUG] [Dungeon Crawl/]: Loading dungeoncrawl:theming/primary_themes/vanilla/mountains/default.json
[20Dec2025 03:22:37.203] [main/DEBUG] [Dungeon Crawl/]: Loading dungeoncrawl:monster/spawn_rates.json
[20Dec2025 03:22:37.204] [main/DEBUG] [Dungeon Crawl/]: Loading dungeoncrawl:treasure/stage_1.json
[20Dec2025 03:22:37.205] [main/DEBUG] [Dungeon Crawl/]: Loading dungeoncrawl:treasure/stage_2.json
[20Dec2025 03:22:37.206] [main/DEBUG] [Dungeon Crawl/]: Loading dungeoncrawl:treasure/stage_3.json
[20Dec2025 03:22:37.206] [main/DEBUG] [Dungeon Crawl/]: Loading dungeoncrawl:treasure/stage_4.json
[20Dec2025 03:22:37.206] [main/DEBUG] [Dungeon Crawl/]: Loading dungeoncrawl:treasure/stage_5.json
[20Dec2025 03:22:37.208] [main/DEBUG] [Dungeon Crawl/]: Loading dungeoncrawl:monster/entities/stage_1.json
[20Dec2025 03:22:37.211] [main/DEBUG] [Dungeon Crawl/]: Loading dungeoncrawl:monster/entities/stage_2.json
[20Dec2025 03:22:37.211] [main/DEBUG] [Dungeon Crawl/]: Loading dungeoncrawl:monster/entities/stage_3.json
[20Dec2025 03:22:37.212] [main/DEBUG] [Dungeon Crawl/]: Loading dungeoncrawl:monster/entities/stage_4.json
[20Dec2025 03:22:37.212] [main/DEBUG] [Dungeon Crawl/]: Loading dungeoncrawl:monster/entities/stage_5.json
[20Dec2025 03:22:37.212] [main/DEBUG] [Dungeon Crawl/]: Loading dungeoncrawl:monster/equipment/armor/stage_1.json
[20Dec2025 03:22:37.212] [main/DEBUG] [Dungeon Crawl/]: Loading dungeoncrawl:monster/equipment/armor/stage_2.json
[20Dec2025 03:22:37.212] [main/DEBUG] [Dungeon Crawl/]: Loading dungeoncrawl:monster/equipment/armor/stage_3.json
[20Dec2025 03:22:37.212] [main/DEBUG] [Dungeon Crawl/]: Loading dungeoncrawl:monster/equipment/armor/stage_4.json
[20Dec2025 03:22:37.213] [main/DEBUG] [Dungeon Crawl/]: Loading dungeoncrawl:monster/equipment/armor/stage_5.json
[20Dec2025 03:22:37.213] [main/DEBUG] [Dungeon Crawl/]: Loading dungeoncrawl:monster/equipment/weapon/stage_1.json
[20Dec2025 03:22:37.213] [main/DEBUG] [Dungeon Crawl/]: Loading dungeoncrawl:monster/equipment/weapon/stage_2.json
[20Dec2025 03:22:37.213] [main/DEBUG] [Dungeon Crawl/]: Loading dungeoncrawl:monster/equipment/weapon/stage_3.json
[20Dec2025 03:22:37.213] [main/DEBUG] [Dungeon Crawl/]: Loading dungeoncrawl:monster/equipment/weapon/stage_4.json
[20Dec2025 03:22:37.214] [main/DEBUG] [Dungeon Crawl/]: Loading dungeoncrawl:monster/equipment/weapon/stage_5.json
[20Dec2025 03:22:37.215] [main/DEBUG] [Dungeon Crawl/]: Loading dungeoncrawl:monster/potion_effects/stage_1.json
[20Dec2025 03:22:37.216] [main/DEBUG] [Dungeon Crawl/]: Loading dungeoncrawl:monster/potion_effects/stage_2.json
[20Dec2025 03:22:37.216] [main/DEBUG] [Dungeon Crawl/]: Loading dungeoncrawl:monster/potion_effects/stage_3.json
[20Dec2025 03:22:37.217] [main/DEBUG] [Dungeon Crawl/]: Loading dungeoncrawl:monster/potion_effects/stage_4.json
[20Dec2025 03:22:37.217] [main/DEBUG] [Dungeon Crawl/]: Loading dungeoncrawl:monster/potion_effects/stage_5.json
[20Dec2025 03:22:37.217] [main/DEBUG] [Dungeon Crawl/]: Completing...
[20Dec2025 03:22:37.218] [main/INFO] [Dungeon Crawl/]: Done.
[20Dec2025 03:22:37.904] [main/DEBUG] [net.minecraftforge.common.ForgeHooks/WP]: Gathering id map for writing to world save world
[20Dec2025 03:22:37.922] [main/DEBUG] [net.minecraftforge.common.ForgeHooks/WP]: ID Map collection complete world
[20Dec2025 03:22:37.972] [Server thread/INFO] [net.minecraft.server.dedicated.DedicatedServer/]: Starting minecraft server version 1.20.1
[20Dec2025 03:22:37.973] [Server thread/INFO] [net.minecraft.server.dedicated.DedicatedServer/]: Loading properties
[20Dec2025 03:22:37.973] [Server thread/INFO] [net.minecraft.server.dedicated.DedicatedServer/]: Default game type: SURVIVAL
[20Dec2025 03:22:37.973] [Server thread/INFO] [net.minecraft.server.MinecraftServer/]: Generating keypair
[20Dec2025 03:22:38.166] [Server thread/INFO] [net.minecraft.server.dedicated.DedicatedServer/]: Starting Minecraft server on *:25565
[20Dec2025 03:22:38.167] [Server thread/DEBUG] [net.minecraftforge.network.DualStackUtils/]: Detected IPv6 address: "0:0:0:0:0:0:0:0"
[20Dec2025 03:22:38.175] [Server thread/DEBUG] [io.netty.util.internal.NativeLibraryLoader/]: -Dio.netty.native.workdir: /tmp (io.netty.tmpdir)
[20Dec2025 03:22:38.175] [Server thread/DEBUG] [io.netty.util.internal.NativeLibraryLoader/]: -Dio.netty.native.deleteLibAfterLoading: true
[20Dec2025 03:22:38.175] [Server thread/DEBUG] [io.netty.util.internal.NativeLibraryLoader/]: -Dio.netty.native.tryPatchShadedId: true
[20Dec2025 03:22:38.175] [Server thread/DEBUG] [io.netty.util.internal.NativeLibraryLoader/]: -Dio.netty.native.detectNativeLibraryDuplicates: true
[20Dec2025 03:22:38.184] [Server thread/DEBUG] [io.netty.util.internal.NativeLibraryLoader/]: Successfully loaded the library /tmp/libnetty_transport_native_epoll_x86_647654878653241196620.so
[20Dec2025 03:22:38.188] [Server thread/DEBUG] [io.netty.util.NetUtil/]: -Djava.net.preferIPv4Stack: false
[20Dec2025 03:22:38.188] [Server thread/DEBUG] [io.netty.util.NetUtil/]: -Djava.net.preferIPv6Addresses: true
[20Dec2025 03:22:38.189] [Server thread/DEBUG] [io.netty.util.NetUtilInitializations/]: Loopback interface: lo (lo, 0:0:0:0:0:0:0:1%lo)
[20Dec2025 03:22:38.190] [Server thread/DEBUG] [io.netty.util.NetUtil/]: /proc/sys/net/core/somaxconn: 4096
[20Dec2025 03:22:38.194] [Server thread/INFO] [net.minecraft.server.network.ServerConnectionListener/]: Using epoll channel type
[20Dec2025 03:22:38.207] [Server thread/DEBUG] [io.netty.channel.MultithreadEventLoopGroup/]: -Dio.netty.eventLoopThreads: 8
[20Dec2025 03:22:38.219] [Server thread/DEBUG] [io.netty.util.internal.InternalThreadLocalMap/]: -Dio.netty.threadLocalMap.stringBuilder.initialSize: 1024
[20Dec2025 03:22:38.219] [Server thread/DEBUG] [io.netty.util.internal.InternalThreadLocalMap/]: -Dio.netty.threadLocalMap.stringBuilder.maxSize: 4096
[20Dec2025 03:22:38.229] [Server thread/DEBUG] [io.netty.util.internal.PlatformDependent/]: org.jctools-core.MpscChunkedArrayQueue: available
[20Dec2025 03:22:38.238] [Server thread/DEBUG] [io.netty.channel.DefaultChannelId/]: -Dio.netty.processId: 5867 (auto-detected)
[20Dec2025 03:22:38.252] [Server thread/DEBUG] [io.netty.channel.DefaultChannelId/]: -Dio.netty.machineId: 70:a8:a5:ff:fe:1a:74:01 (auto-detected)
[20Dec2025 03:22:38.278] [Server thread/DEBUG] [io.netty.buffer.PooledByteBufAllocator/]: -Dio.netty.allocator.numHeapArenas: 8
[20Dec2025 03:22:38.278] [Server thread/DEBUG] [io.netty.buffer.PooledByteBufAllocator/]: -Dio.netty.allocator.numDirectArenas: 8
[20Dec2025 03:22:38.278] [Server thread/DEBUG] [io.netty.buffer.PooledByteBufAllocator/]: -Dio.netty.allocator.pageSize: 8192
[20Dec2025 03:22:38.278] [Server thread/DEBUG] [io.netty.buffer.PooledByteBufAllocator/]: -Dio.netty.allocator.maxOrder: 9
[20Dec2025 03:22:38.278] [Server thread/DEBUG] [io.netty.buffer.PooledByteBufAllocator/]: -Dio.netty.allocator.chunkSize: 4194304
[20Dec2025 03:22:38.278] [Server thread/DEBUG] [io.netty.buffer.PooledByteBufAllocator/]: -Dio.netty.allocator.smallCacheSize: 256
[20Dec2025 03:22:38.278] [Server thread/DEBUG] [io.netty.buffer.PooledByteBufAllocator/]: -Dio.netty.allocator.normalCacheSize: 64
[20Dec2025 03:22:38.278] [Server thread/DEBUG] [io.netty.buffer.PooledByteBufAllocator/]: -Dio.netty.allocator.maxCachedBufferCapacity: 32768
[20Dec2025 03:22:38.278] [Server thread/DEBUG] [io.netty.buffer.PooledByteBufAllocator/]: -Dio.netty.allocator.cacheTrimInterval: 8192
[20Dec2025 03:22:38.278] [Server thread/DEBUG] [io.netty.buffer.PooledByteBufAllocator/]: -Dio.netty.allocator.cacheTrimIntervalMillis: 0
[20Dec2025 03:22:38.278] [Server thread/DEBUG] [io.netty.buffer.PooledByteBufAllocator/]: -Dio.netty.allocator.useCacheForAllThreads: false
[20Dec2025 03:22:38.279] [Server thread/DEBUG] [io.netty.buffer.PooledByteBufAllocator/]: -Dio.netty.allocator.maxCachedByteBuffersPerChunk: 1023
[20Dec2025 03:22:38.287] [Server thread/DEBUG] [io.netty.buffer.ByteBufUtil/]: -Dio.netty.allocator.type: pooled
[20Dec2025 03:22:38.287] [Server thread/DEBUG] [io.netty.buffer.ByteBufUtil/]: -Dio.netty.threadLocalDirectBufferSize: 0
[20Dec2025 03:22:38.287] [Server thread/DEBUG] [io.netty.buffer.ByteBufUtil/]: -Dio.netty.maxThreadLocalCharBufferSize: 16384
[20Dec2025 03:22:38.295] [Server thread/WARN] [net.minecraft.server.dedicated.DedicatedServer/]: **** SERVER IS RUNNING IN OFFLINE/INSECURE MODE!
[20Dec2025 03:22:38.296] [Server thread/WARN] [net.minecraft.server.dedicated.DedicatedServer/]: The server will make no attempt to authenticate usernames. Beware.
[20Dec2025 03:22:38.296] [Server thread/WARN] [net.minecraft.server.dedicated.DedicatedServer/]: While this makes the game possible to play without internet access, it also opens up the ability for hackers to connect with any username they choose.
[20Dec2025 03:22:38.296] [Server thread/WARN] [net.minecraft.server.dedicated.DedicatedServer/]: To change this, set "online-mode" to "true" in the server.properties file.
[20Dec2025 03:22:38.310] [Server thread/DEBUG] [net.minecraftforge.fml.config.ConfigTracker/CONFIG]: Loading configs type SERVER
[20Dec2025 03:22:38.310] [Server thread/DEBUG] [net.minecraftforge.fml.config.ConfigFileTypeHandler/CONFIG]: Built TOML config for ./world/serverconfig/jei-server.toml
[20Dec2025 03:22:38.311] [Server thread/DEBUG] [net.minecraftforge.fml.config.ConfigFileTypeHandler/CONFIG]: Loaded TOML config file ./world/serverconfig/jei-server.toml
[20Dec2025 03:22:38.311] [Server thread/DEBUG] [net.minecraftforge.fml.config.ConfigFileTypeHandler/CONFIG]: Watching TOML config file ./world/serverconfig/jei-server.toml for changes
[20Dec2025 03:22:38.312] [Thread-3/DEBUG] [net.minecraftforge.fml.config.ConfigFileTypeHandler/CONFIG]: Config file jei-server.toml changed, sending notifies
[20Dec2025 03:22:38.312] [Server thread/DEBUG] [net.minecraftforge.fml.config.ConfigFileTypeHandler/CONFIG]: Built TOML config for ./world/serverconfig/jeg-server.toml
[20Dec2025 03:22:38.312] [Thread-3/DEBUG] [net.minecraftforge.fml.config.ConfigFileTypeHandler/CONFIG]: Config file jei-server.toml changed, sending notifies
[20Dec2025 03:22:38.312] [Server thread/DEBUG] [net.minecraftforge.fml.config.ConfigFileTypeHandler/CONFIG]: Loaded TOML config file ./world/serverconfig/jeg-server.toml
[20Dec2025 03:22:38.312] [Server thread/DEBUG] [net.minecraftforge.fml.config.ConfigFileTypeHandler/CONFIG]: Watching TOML config file ./world/serverconfig/jeg-server.toml for changes
[20Dec2025 03:22:38.313] [Thread-3/DEBUG] [net.minecraftforge.fml.config.ConfigFileTypeHandler/CONFIG]: Config file jeg-server.toml changed, sending notifies
[20Dec2025 03:22:38.313] [Server thread/DEBUG] [net.minecraftforge.fml.config.ConfigFileTypeHandler/CONFIG]: Built TOML config for ./world/serverconfig/curios-server.toml
[20Dec2025 03:22:38.313] [Server thread/DEBUG] [net.minecraftforge.fml.config.ConfigFileTypeHandler/CONFIG]: Loaded TOML config file ./world/serverconfig/curios-server.toml
[20Dec2025 03:22:38.313] [Server thread/DEBUG] [net.minecraftforge.fml.config.ConfigFileTypeHandler/CONFIG]: Watching TOML config file ./world/serverconfig/curios-server.toml for changes
[20Dec2025 03:22:38.313] [Thread-3/DEBUG] [net.minecraftforge.fml.config.ConfigFileTypeHandler/CONFIG]: Config file jeg-server.toml changed, sending notifies
[20Dec2025 03:22:38.314] [Server thread/DEBUG] [net.minecraftforge.fml.config.ConfigFileTypeHandler/CONFIG]: Built TOML config for ./world/serverconfig/gravestone-server.toml
[20Dec2025 03:22:38.314] [Server thread/DEBUG] [net.minecraftforge.fml.config.ConfigFileTypeHandler/CONFIG]: Loaded TOML config file ./world/serverconfig/gravestone-server.toml
[20Dec2025 03:22:38.314] [Server thread/DEBUG] [net.minecraftforge.fml.config.ConfigFileTypeHandler/CONFIG]: Watching TOML config file ./world/serverconfig/gravestone-server.toml for changes
[20Dec2025 03:22:38.314] [Thread-3/DEBUG] [net.minecraftforge.fml.config.ConfigFileTypeHandler/CONFIG]: Config file curios-server.toml changed, sending notifies
[20Dec2025 03:22:38.316] [Thread-3/DEBUG] [net.minecraftforge.fml.config.ConfigFileTypeHandler/CONFIG]: Config file gravestone-server.toml changed, sending notifies
[20Dec2025 03:22:38.316] [Server thread/DEBUG] [net.minecraftforge.fml.config.ConfigFileTypeHandler/CONFIG]: Built TOML config for ./world/serverconfig/travelersbackpack-server.toml
[20Dec2025 03:22:38.317] [Thread-3/DEBUG] [net.minecraftforge.fml.config.ConfigFileTypeHandler/CONFIG]: Config file gravestone-server.toml changed, sending notifies
[20Dec2025 03:22:38.317] [Server thread/DEBUG] [net.minecraftforge.fml.config.ConfigFileTypeHandler/CONFIG]: Loaded TOML config file ./world/serverconfig/travelersbackpack-server.toml
[20Dec2025 03:22:38.317] [Server thread/DEBUG] [net.minecraftforge.fml.config.ConfigFileTypeHandler/CONFIG]: Watching TOML config file ./world/serverconfig/travelersbackpack-server.toml for changes
[20Dec2025 03:22:38.326] [Server thread/DEBUG] [net.minecraftforge.fml.config.ConfigFileTypeHandler/CONFIG]: Built TOML config for ./world/serverconfig/forge-server.toml
[20Dec2025 03:22:38.326] [Thread-3/DEBUG] [net.minecraftforge.fml.config.ConfigFileTypeHandler/CONFIG]: Config file travelersbackpack-server.toml changed, sending notifies
[20Dec2025 03:22:38.326] [Server thread/DEBUG] [net.minecraftforge.fml.config.ConfigFileTypeHandler/CONFIG]: Loaded TOML config file ./world/serverconfig/forge-server.toml
[20Dec2025 03:22:38.326] [Server thread/DEBUG] [net.minecraftforge.fml.config.ConfigFileTypeHandler/CONFIG]: Watching TOML config file ./world/serverconfig/forge-server.toml for changes
[20Dec2025 03:22:38.326] [Server thread/DEBUG] [net.minecraftforge.common.ForgeConfig/FORGEMOD]: Loaded forge config file forge-server.toml
[20Dec2025 03:22:38.329] [Server thread/DEBUG] [fuzs.puzzleslib.impl.config.core.ForgeConfigFileTypeHandler/CONFIG]: Built TOML config for /workspaces/MSP-2.6/servidor_minecraft/config/enchantinginfuser-server.toml
[20Dec2025 03:22:38.329] [Thread-3/DEBUG] [net.minecraftforge.fml.config.ConfigFileTypeHandler/CONFIG]: Config file travelersbackpack-server.toml changed, sending notifies
[20Dec2025 03:22:38.330] [Server thread/DEBUG] [fuzs.puzzleslib.impl.config.core.ForgeConfigFileTypeHandler/CONFIG]: Loaded TOML config file /workspaces/MSP-2.6/servidor_minecraft/config/enchantinginfuser-server.toml
[20Dec2025 03:22:38.330] [Server thread/DEBUG] [fuzs.puzzleslib.impl.config.core.ForgeConfigFileTypeHandler/CONFIG]: Watching TOML config file /workspaces/MSP-2.6/servidor_minecraft/config/enchantinginfuser-server.toml for changes
[20Dec2025 03:22:38.333] [Server thread/INFO] [Puzzles Lib/]: Loading server config for enchantinginfuser
[20Dec2025 03:22:38.334] [Thread-3/DEBUG] [fuzs.puzzleslib.impl.config.core.ForgeConfigFileTypeHandler/CONFIG]: Config file enchantinginfuser-server.toml changed, sending notifies
[20Dec2025 03:22:38.335] [Thread-3/INFO] [Puzzles Lib/]: Reloading server config for enchantinginfuser
[20Dec2025 03:22:38.337] [Server thread/DEBUG] [mixin/]: Mixing accessor.BiomeSpecialEffectsBuilderForgeAccessor from puzzleslib.forge.mixins.json into net.minecraft.world.level.biome.BiomeSpecialEffects$Builder
[20Dec2025 03:22:38.337] [Thread-3/DEBUG] [fuzs.puzzleslib.impl.config.core.ForgeConfigFileTypeHandler/CONFIG]: Config file enchantinginfuser-server.toml changed, sending notifies
[20Dec2025 03:22:38.338] [Thread-3/INFO] [Puzzles Lib/]: Reloading server config for enchantinginfuser
[20Dec2025 03:22:38.347] [Server thread/DEBUG] [com.github.alexthe666.iceandfire.IceAndFire/]: Added the following features to the biome [minecraft:badlands]: 
	- iceandfire:silver_ore
	- iceandfire:lightning_dragon_roost
	- iceandfire:lightning_dragon_cave
[20Dec2025 03:22:38.350] [Server thread/DEBUG] [com.github.alexthe666.iceandfire.IceAndFire/]: Added the following features to the biome [minecraft:bamboo_jungle]: 
	- iceandfire:fire_lily
	- iceandfire:silver_ore
	- iceandfire:lightning_dragon_roost
	- iceandfire:lightning_dragon_cave
	- iceandfire:myrmex_hive_jungle
[20Dec2025 03:22:38.352] [Server thread/DEBUG] [com.github.alexthe666.iceandfire.IceAndFire/]: Added the following features to the biome [minecraft:beach]: 
	- iceandfire:silver_ore
	- iceandfire:cyclops_cave
[20Dec2025 03:22:38.353] [Server thread/DEBUG] [com.github.alexthe666.iceandfire.IceAndFire/]: Added the following features to the biome [minecraft:birch_forest]: 
	- iceandfire:silver_ore
[20Dec2025 03:22:38.354] [Server thread/DEBUG] [com.github.alexthe666.iceandfire.IceAndFire/]: Added the following features to the biome [minecraft:cherry_grove]: 
	- iceandfire:silver_ore
[20Dec2025 03:22:38.355] [Server thread/DEBUG] [com.github.alexthe666.iceandfire.IceAndFire/]: Added the following features to the biome [minecraft:cold_ocean]: 
	- iceandfire:silver_ore
	- iceandfire:ice_dragon_roost
	- iceandfire:ice_dragon_cave
	- iceandfire:siren_island
	- iceandfire:spawn_hippocampus
	- iceandfire:spawn_sea_serpent
[20Dec2025 03:22:38.357] [Server thread/DEBUG] [com.github.alexthe666.iceandfire.IceAndFire/]: Added the following features to the biome [minecraft:dark_forest]: 
	- iceandfire:silver_ore
	- iceandfire:pixie_village
[20Dec2025 03:22:38.358] [Server thread/DEBUG] [com.github.alexthe666.iceandfire.IceAndFire/]: Added the following features to the biome [minecraft:deep_cold_ocean]: 
	- iceandfire:silver_ore
	- iceandfire:ice_dragon_roost
	- iceandfire:ice_dragon_cave
	- iceandfire:siren_island
	- iceandfire:spawn_hippocampus
	- iceandfire:spawn_sea_serpent
[20Dec2025 03:22:38.359] [Server thread/DEBUG] [com.github.alexthe666.iceandfire.IceAndFire/]: Added the following features to the biome [minecraft:deep_dark]: 
	- iceandfire:silver_ore
[20Dec2025 03:22:38.360] [Server thread/DEBUG] [com.github.alexthe666.iceandfire.IceAndFire/]: Added the following features to the biome [minecraft:deep_frozen_ocean]: 
	- iceandfire:silver_ore
	- iceandfire:ice_dragon_roost
	- iceandfire:ice_dragon_cave
	- iceandfire:siren_island
	- iceandfire:spawn_hippocampus
	- iceandfire:spawn_sea_serpent
[20Dec2025 03:22:38.361] [Server thread/DEBUG] [com.github.alexthe666.iceandfire.IceAndFire/]: Added the following features to the biome [minecraft:deep_lukewarm_ocean]: 
	- iceandfire:silver_ore
	- iceandfire:siren_island
	- iceandfire:spawn_hippocampus
	- iceandfire:spawn_sea_serpent
[20Dec2025 03:22:38.362] [Server thread/DEBUG] [com.github.alexthe666.iceandfire.IceAndFire/]: Added the following features to the biome [minecraft:deep_ocean]: 
	- iceandfire:silver_ore
	- iceandfire:siren_island
	- iceandfire:spawn_hippocampus
	- iceandfire:spawn_sea_serpent
[20Dec2025 03:22:38.363] [Server thread/DEBUG] [com.github.alexthe666.iceandfire.IceAndFire/]: Added the following features to the biome [minecraft:desert]: 
	- iceandfire:fire_lily
	- iceandfire:silver_ore
	- iceandfire:fire_dragon_roost
	- iceandfire:fire_dragon_cave
	- iceandfire:myrmex_hive_desert
	- iceandfire:spawn_death_worm
	- iceandfire:spawn_dragon_skeleton_fire
[20Dec2025 03:22:38.363] [Server thread/DEBUG] [com.github.alexthe666.iceandfire.IceAndFire/]: Added the following features to the biome [minecraft:dripstone_caves]: 
	- iceandfire:silver_ore
[20Dec2025 03:22:38.366] [Server thread/DEBUG] [com.github.alexthe666.iceandfire.IceAndFire/]: Added the following features to the biome [minecraft:eroded_badlands]: 
	- iceandfire:fire_lily
	- iceandfire:silver_ore
	- iceandfire:lightning_dragon_roost
	- iceandfire:lightning_dragon_cave
[20Dec2025 03:22:38.367] [Server thread/DEBUG] [com.github.alexthe666.iceandfire.IceAndFire/]: Added the following features to the biome [minecraft:flower_forest]: 
	- iceandfire:silver_ore
[20Dec2025 03:22:38.368] [Server thread/DEBUG] [com.github.alexthe666.iceandfire.IceAndFire/]: Added the following features to the biome [minecraft:forest]: 
	- iceandfire:silver_ore
[20Dec2025 03:22:38.369] [Server thread/DEBUG] [com.github.alexthe666.iceandfire.IceAndFire/]: Added the following features to the biome [minecraft:frozen_ocean]: 
	- iceandfire:frost_lily
	- iceandfire:silver_ore
	- iceandfire:sapphire_ore
	- iceandfire:ice_dragon_roost
	- iceandfire:ice_dragon_cave
	- iceandfire:siren_island
	- iceandfire:spawn_dragon_skeleton_ice
	- iceandfire:spawn_hippocampus
	- iceandfire:spawn_sea_serpent
[20Dec2025 03:22:38.370] [Server thread/DEBUG] [com.github.alexthe666.iceandfire.IceAndFire/]: Added the following features to the biome [minecraft:frozen_peaks]: 
	- iceandfire:frost_lily
	- iceandfire:silver_ore
	- iceandfire:sapphire_ore
	- iceandfire:ice_dragon_roost
	- iceandfire:ice_dragon_cave
	- iceandfire:spawn_dragon_skeleton_ice
[20Dec2025 03:22:38.371] [Server thread/DEBUG] [com.github.alexthe666.iceandfire.IceAndFire/]: Added the following features to the biome [minecraft:frozen_river]: 
	- iceandfire:frost_lily
	- iceandfire:silver_ore
	- iceandfire:sapphire_ore
	- iceandfire:ice_dragon_roost
	- iceandfire:ice_dragon_cave
	- iceandfire:spawn_dragon_skeleton_ice
[20Dec2025 03:22:38.372] [Server thread/DEBUG] [com.github.alexthe666.iceandfire.IceAndFire/]: Added the following features to the biome [minecraft:grove]: 
	- iceandfire:frost_lily
	- iceandfire:silver_ore
	- iceandfire:sapphire_ore
	- iceandfire:ice_dragon_roost
	- iceandfire:ice_dragon_cave
	- iceandfire:spawn_dragon_skeleton_ice
[20Dec2025 03:22:38.373] [Server thread/DEBUG] [com.github.alexthe666.iceandfire.IceAndFire/]: Added the following features to the biome [minecraft:ice_spikes]: 
	- iceandfire:frost_lily
	- iceandfire:silver_ore
	- iceandfire:sapphire_ore
	- iceandfire:ice_dragon_roost
	- iceandfire:ice_dragon_cave
	- iceandfire:spawn_dragon_skeleton_ice
[20Dec2025 03:22:38.374] [Server thread/DEBUG] [com.github.alexthe666.iceandfire.IceAndFire/]: Added the following features to the biome [minecraft:jagged_peaks]: 
	- iceandfire:frost_lily
	- iceandfire:silver_ore
	- iceandfire:sapphire_ore
	- iceandfire:ice_dragon_roost
	- iceandfire:ice_dragon_cave
	- iceandfire:spawn_dragon_skeleton_ice
[20Dec2025 03:22:38.375] [Server thread/DEBUG] [com.github.alexthe666.iceandfire.IceAndFire/]: Added the following features to the biome [minecraft:jungle]: 
	- iceandfire:fire_lily
	- iceandfire:silver_ore
	- iceandfire:lightning_dragon_roost
	- iceandfire:lightning_dragon_cave
	- iceandfire:myrmex_hive_jungle
[20Dec2025 03:22:38.376] [Server thread/DEBUG] [com.github.alexthe666.iceandfire.IceAndFire/]: Added the following features to the biome [minecraft:lukewarm_ocean]: 
	- iceandfire:silver_ore
	- iceandfire:siren_island
	- iceandfire:spawn_hippocampus
	- iceandfire:spawn_sea_serpent
[20Dec2025 03:22:38.377] [Server thread/DEBUG] [com.github.alexthe666.iceandfire.IceAndFire/]: Added the following features to the biome [minecraft:lush_caves]: 
	- iceandfire:silver_ore
[20Dec2025 03:22:38.377] [Server thread/DEBUG] [com.github.alexthe666.iceandfire.IceAndFire/]: Added the following features to the biome [minecraft:mangrove_swamp]: 
	- iceandfire:fire_lily
	- iceandfire:silver_ore
	- iceandfire:fire_dragon_roost
	- iceandfire:fire_dragon_cave
	- iceandfire:hydra_cave
	- iceandfire:spawn_stymphalian_bird
[20Dec2025 03:22:38.379] [Server thread/DEBUG] [com.github.alexthe666.iceandfire.IceAndFire/]: Added the following features to the biome [minecraft:meadow]: 
	- iceandfire:silver_ore
	- iceandfire:fire_dragon_roost
	- iceandfire:fire_dragon_cave
	- iceandfire:spawn_wandering_cyclops
[20Dec2025 03:22:38.379] [Server thread/DEBUG] [com.github.alexthe666.iceandfire.IceAndFire/]: Added the following features to the biome [minecraft:mushroom_fields]: 
	- iceandfire:silver_ore
[20Dec2025 03:22:38.381] [Server thread/DEBUG] [com.github.alexthe666.iceandfire.IceAndFire/]: Added the following features to the biome [minecraft:ocean]: 
	- iceandfire:silver_ore
	- iceandfire:siren_island
	- iceandfire:spawn_hippocampus
	- iceandfire:spawn_sea_serpent
[20Dec2025 03:22:38.382] [Server thread/DEBUG] [com.github.alexthe666.iceandfire.IceAndFire/]: Added the following features to the biome [minecraft:old_growth_birch_forest]: 
	- iceandfire:silver_ore
	- iceandfire:pixie_village
[20Dec2025 03:22:38.383] [Server thread/DEBUG] [com.github.alexthe666.iceandfire.IceAndFire/]: Added the following features to the biome [minecraft:old_growth_pine_taiga]: 
	- iceandfire:silver_ore
	- iceandfire:ice_dragon_roost
	- iceandfire:ice_dragon_cave
[20Dec2025 03:22:38.384] [Server thread/DEBUG] [com.github.alexthe666.iceandfire.IceAndFire/]: Added the following features to the biome [minecraft:old_growth_spruce_taiga]: 
	- iceandfire:silver_ore
[20Dec2025 03:22:38.384] [Server thread/DEBUG] [com.github.alexthe666.iceandfire.IceAndFire/]: Added the following features to the biome [minecraft:plains]: 
	- iceandfire:silver_ore
	- iceandfire:fire_dragon_roost
	- iceandfire:fire_dragon_cave
	- iceandfire:spawn_wandering_cyclops
[20Dec2025 03:22:38.385] [Server thread/DEBUG] [com.github.alexthe666.iceandfire.IceAndFire/]: Added the following features to the biome [minecraft:river]: 
	- iceandfire:silver_ore
[20Dec2025 03:22:38.386] [Server thread/DEBUG] [com.github.alexthe666.iceandfire.IceAndFire/]: Added the following features to the biome [minecraft:savanna]: 
	- iceandfire:fire_lily
	- iceandfire:lightning_lily
	- iceandfire:silver_ore
	- iceandfire:lightning_dragon_roost
	- iceandfire:lightning_dragon_cave
	- iceandfire:spawn_dragon_skeleton_lightning
[20Dec2025 03:22:38.387] [Server thread/DEBUG] [com.github.alexthe666.iceandfire.IceAndFire/]: Added the following features to the biome [minecraft:savanna_plateau]: 
	- iceandfire:fire_lily
	- iceandfire:lightning_lily
	- iceandfire:silver_ore
	- iceandfire:lightning_dragon_roost
	- iceandfire:lightning_dragon_cave
	- iceandfire:spawn_dragon_skeleton_lightning
[20Dec2025 03:22:38.388] [Server thread/DEBUG] [com.github.alexthe666.iceandfire.IceAndFire/]: Added the following features to the biome [minecraft:snowy_beach]: 
	- iceandfire:frost_lily
	- iceandfire:silver_ore
	- iceandfire:sapphire_ore
	- iceandfire:ice_dragon_roost
	- iceandfire:ice_dragon_cave
	- iceandfire:cyclops_cave
	- iceandfire:spawn_dragon_skeleton_ice
[20Dec2025 03:22:38.389] [Server thread/DEBUG] [com.github.alexthe666.iceandfire.IceAndFire/]: Added the following features to the biome [minecraft:snowy_plains]: 
	- iceandfire:frost_lily
	- iceandfire:silver_ore
	- iceandfire:sapphire_ore
	- iceandfire:ice_dragon_roost
	- iceandfire:ice_dragon_cave
	- iceandfire:spawn_wandering_cyclops
	- iceandfire:spawn_dragon_skeleton_ice
[20Dec2025 03:22:38.391] [Server thread/DEBUG] [com.github.alexthe666.iceandfire.IceAndFire/]: Added the following features to the biome [minecraft:snowy_slopes]: 
	- iceandfire:frost_lily
	- iceandfire:silver_ore
	- iceandfire:sapphire_ore
	- iceandfire:ice_dragon_roost
	- iceandfire:ice_dragon_cave
	- iceandfire:spawn_dragon_skeleton_ice
[20Dec2025 03:22:38.392] [Server thread/DEBUG] [com.github.alexthe666.iceandfire.IceAndFire/]: Added the following features to the biome [minecraft:snowy_taiga]: 
	- iceandfire:frost_lily
	- iceandfire:silver_ore
	- iceandfire:sapphire_ore
	- iceandfire:ice_dragon_roost
	- iceandfire:ice_dragon_cave
	- iceandfire:spawn_dragon_skeleton_ice
[20Dec2025 03:22:38.394] [Server thread/DEBUG] [com.github.alexthe666.iceandfire.IceAndFire/]: Added the following features to the biome [minecraft:sparse_jungle]: 
	- iceandfire:fire_lily
	- iceandfire:silver_ore
	- iceandfire:lightning_dragon_roost
	- iceandfire:lightning_dragon_cave
	- iceandfire:myrmex_hive_jungle
[20Dec2025 03:22:38.395] [Server thread/DEBUG] [com.github.alexthe666.iceandfire.IceAndFire/]: Added the following features to the biome [minecraft:stony_peaks]: 
	- iceandfire:fire_lily
	- iceandfire:silver_ore
	- iceandfire:fire_dragon_roost
	- iceandfire:fire_dragon_cave
[20Dec2025 03:22:38.395] [Server thread/DEBUG] [com.github.alexthe666.iceandfire.IceAndFire/]: Added the following features to the biome [minecraft:stony_shore]: 
	- iceandfire:silver_ore
[20Dec2025 03:22:38.396] [Server thread/DEBUG] [com.github.alexthe666.iceandfire.IceAndFire/]: Added the following features to the biome [minecraft:sunflower_plains]: 
	- iceandfire:silver_ore
	- iceandfire:fire_dragon_roost
	- iceandfire:fire_dragon_cave
	- iceandfire:spawn_wandering_cyclops
[20Dec2025 03:22:38.397] [Server thread/DEBUG] [com.github.alexthe666.iceandfire.IceAndFire/]: Added the following features to the biome [minecraft:swamp]: 
	- iceandfire:silver_ore
	- iceandfire:hydra_cave
	- iceandfire:spawn_stymphalian_bird
[20Dec2025 03:22:38.398] [Server thread/DEBUG] [com.github.alexthe666.iceandfire.IceAndFire/]: Added the following features to the biome [minecraft:taiga]: 
	- iceandfire:silver_ore
	- iceandfire:ice_dragon_roost
	- iceandfire:ice_dragon_cave
[20Dec2025 03:22:38.399] [Server thread/DEBUG] [com.github.alexthe666.iceandfire.IceAndFire/]: Added the following features to the biome [minecraft:warm_ocean]: 
	- iceandfire:fire_lily
	- iceandfire:silver_ore
	- iceandfire:fire_dragon_roost
	- iceandfire:fire_dragon_cave
	- iceandfire:siren_island
	- iceandfire:spawn_hippocampus
	- iceandfire:spawn_sea_serpent
[20Dec2025 03:22:38.401] [Server thread/DEBUG] [com.github.alexthe666.iceandfire.IceAndFire/]: Added the following features to the biome [minecraft:windswept_forest]: 
	- iceandfire:silver_ore
[20Dec2025 03:22:38.402] [Server thread/DEBUG] [com.github.alexthe666.iceandfire.IceAndFire/]: Added the following features to the biome [minecraft:windswept_gravelly_hills]: 
	- iceandfire:silver_ore
[20Dec2025 03:22:38.402] [Server thread/DEBUG] [com.github.alexthe666.iceandfire.IceAndFire/]: Added the following features to the biome [minecraft:windswept_hills]: 
	- iceandfire:silver_ore
[20Dec2025 03:22:38.403] [Server thread/DEBUG] [com.github.alexthe666.iceandfire.IceAndFire/]: Added the following features to the biome [minecraft:windswept_savanna]: 
	- iceandfire:fire_lily
	- iceandfire:lightning_lily
	- iceandfire:silver_ore
	- iceandfire:lightning_dragon_roost
	- iceandfire:lightning_dragon_cave
	- iceandfire:spawn_dragon_skeleton_lightning
[20Dec2025 03:22:38.404] [Server thread/DEBUG] [com.github.alexthe666.iceandfire.IceAndFire/]: Added the following features to the biome [minecraft:wooded_badlands]: 
	- iceandfire:silver_ore
	- iceandfire:lightning_dragon_roost
	- iceandfire:lightning_dragon_cave
[20Dec2025 03:22:38.415] [Server thread/INFO] [Framework/]: Loading server configs...
[20Dec2025 03:22:38.443] [Server thread/INFO] [net.jadenxgamer.elysium_api.Elysium/]: ElysiumBiomeSource successfully initialized for minecraft:overworld
[20Dec2025 03:22:38.445] [Server thread/INFO] [citadel/]: vanilla surface rule behavior unchanged
[20Dec2025 03:22:38.445] [Server thread/INFO] [net.jadenxgamer.elysium_api.Elysium/]: ElysiumBiomeSource successfully initialized for minecraft:the_nether
[20Dec2025 03:22:38.446] [Server thread/INFO] [citadel/]: vanilla surface rule behavior unchanged
[20Dec2025 03:22:38.446] [Server thread/INFO] [citadel/]: vanilla surface rule behavior unchanged
[20Dec2025 03:22:38.447] [Server thread/INFO] [net.minecraft.server.dedicated.DedicatedServer/]: Preparing level "world"
[20Dec2025 03:22:38.455] [Server thread/DEBUG] [net.minecraftforge.coremod.transformer.CoreModBaseTransformer/COREMOD]: Transforming net/minecraft/world/level/levelgen/PhantomSpawner
[20Dec2025 03:22:38.466] [Server thread/DEBUG] [net.minecraftforge.coremod.transformer.CoreModBaseTransformer/COREMOD]: Transforming net/minecraft/world/level/levelgen/PatrolSpawner
[20Dec2025 03:22:38.472] [Server thread/DEBUG] [net.minecraftforge.coremod.transformer.CoreModBaseTransformer/COREMOD]: Transforming net/minecraft/world/entity/npc/CatSpawner
[20Dec2025 03:22:38.477] [Server thread/DEBUG] [net.minecraftforge.coremod.transformer.CoreModBaseTransformer/COREMOD]: Transforming net/minecraft/world/entity/ai/village/VillageSiege
[20Dec2025 03:22:38.525] [Server thread/DEBUG] [mixin/]: Mixing ChunkMapAccessor from skinrestorer.mixins.json into net.minecraft.server.level.ChunkMap
[20Dec2025 03:22:38.751] [Server thread/DEBUG] [mixin/]: Mixing accessor.StructureManagerAccessor from bettercaves.mixins.json into net.minecraft.world.level.StructureManager
[20Dec2025 03:22:47.228] [Server thread/INFO] [net.minecraft.server.MinecraftServer/]: Preparing start region for dimension minecraft:overworld
[20Dec2025 03:22:48.716] [Server thread/DEBUG] [mixin/]: Mixing accessor.BoundingBoxAccessor from yungsapi.mixins.json into net.minecraft.world.level.levelgen.structure.BoundingBox
[20Dec2025 03:22:48.721] [Server thread/DEBUG] [net.minecraftforge.coremod.transformer.CoreModBaseTransformer/COREMOD]: Transforming net/minecraft/world/level/levelgen/structure/templatesystem/StructureTemplate
[20Dec2025 03:22:51.575] [Worker-Main-1/INFO] [net.minecraft.server.level.progress.LoggerChunkProgressListener/]: Preparing spawn area: 0%
[20Dec2025 03:22:51.593] [Worker-Main-3/INFO] [net.minecraft.server.level.progress.LoggerChunkProgressListener/]: Preparing spawn area: 0%
[20Dec2025 03:22:51.640] [Worker-Main-2/INFO] [net.minecraft.server.level.progress.LoggerChunkProgressListener/]: Preparing spawn area: 0%
[20Dec2025 03:22:51.669] [Worker-Main-2/INFO] [net.minecraft.server.level.progress.LoggerChunkProgressListener/]: Preparing spawn area: 0%
[20Dec2025 03:22:51.934] [Worker-Main-2/INFO] [net.minecraft.server.level.progress.LoggerChunkProgressListener/]: Preparing spawn area: 0%
[20Dec2025 03:22:51.978] [Worker-Main-1/INFO] [net.minecraft.server.level.progress.LoggerChunkProgressListener/]: Preparing spawn area: 0%
[20Dec2025 03:22:52.006] [Worker-Main-2/INFO] [net.minecraft.server.level.progress.LoggerChunkProgressListener/]: Preparing spawn area: 0%
[20Dec2025 03:22:52.020] [Worker-Main-2/INFO] [net.minecraft.server.level.progress.LoggerChunkProgressListener/]: Preparing spawn area: 0%
[20Dec2025 03:22:52.032] [Worker-Main-3/INFO] [net.minecraft.server.level.progress.LoggerChunkProgressListener/]: Preparing spawn area: 0%
[20Dec2025 03:22:52.034] [Worker-Main-3/INFO] [net.minecraft.server.level.progress.LoggerChunkProgressListener/]: Preparing spawn area: 0%
[20Dec2025 03:22:52.242] [Worker-Main-1/INFO] [net.minecraft.server.level.progress.LoggerChunkProgressListener/]: Preparing spawn area: 0%
[20Dec2025 03:22:52.787] [Worker-Main-3/INFO] [net.minecraft.server.level.progress.LoggerChunkProgressListener/]: Preparing spawn area: 0%
[20Dec2025 03:22:53.236] [Worker-Main-1/INFO] [net.minecraft.server.level.progress.LoggerChunkProgressListener/]: Preparing spawn area: 0%
[20Dec2025 03:22:53.734] [Worker-Main-3/INFO] [net.minecraft.server.level.progress.LoggerChunkProgressListener/]: Preparing spawn area: 0%
[20Dec2025 03:22:54.231] [Worker-Main-2/INFO] [net.minecraft.server.level.progress.LoggerChunkProgressListener/]: Preparing spawn area: 5%
[20Dec2025 03:22:54.405] [Server thread/DEBUG] [mixin/]: Mixing ProjectileUtilMixin from immersive_aircraft.mixins.json into net.minecraft.world.entity.projectile.ProjectileUtil
[20Dec2025 03:22:54.730] [Worker-Main-2/INFO] [net.minecraft.server.level.progress.LoggerChunkProgressListener/]: Preparing spawn area: 31%
[20Dec2025 03:22:55.214] [Server thread/INFO] [net.minecraft.server.level.progress.LoggerChunkProgressListener/]: Time elapsed: 7985 ms
[20Dec2025 03:22:55.215] [Server thread/INFO] [net.minecraft.server.dedicated.DedicatedServer/]: Done (16.905s)! For help, type "help"
[20Dec2025 03:22:55.225] [Server thread/DEBUG] [net.minecraftforge.network.DualStackUtils/]: Detected IPv6 address: "0:0:0:0:0:0:0:0"
[20Dec2025 03:22:55.245] [Server thread/DEBUG] [net.minecraftforge.common.ForgeI18n/CORE]: Loading I18N data entries: 5970
[20Dec2025 03:22:55.248] [Server thread/INFO] [net.minecraftforge.server.permission.PermissionAPI/]: Successfully initialized permission handler forge:default_handler
[20Dec2025 03:22:55.249] [Server thread/INFO] [com.muhammedesadcomert.protectmobsfromdaylight.forge.ProtectMobsFromDayLight/]: HELLO from server starting
[20Dec2025 03:22:55.250] [Server thread/INFO] [com.github.alexthe666.iceandfire.IceAndFire/]: {iceandfire:fire_dragon_roost=true, iceandfire:fire_lily=true, iceandfire:spawn_dragon_skeleton_fire=true, iceandfire:lightning_dragon_roost=true, iceandfire:spawn_dragon_skeleton_lightning=true, iceandfire:ice_dragon_roost=true, iceandfire:ice_dragon_cave=true, iceandfire:lightning_dragon_cave=true, iceandfire:cyclops_cave=true, iceandfire:spawn_wandering_cyclops=true, iceandfire:spawn_sea_serpent=true, iceandfire:frost_lily=true, iceandfire:hydra_cave=true, iceandfire:lightning_lily=true, iceandfire:pixie_village=true, iceandfire:myrmex_hive_jungle=true, iceandfire:myrmex_hive_desert=true, iceandfire:silver_ore=true, iceandfire:siren_island=true, iceandfire:spawn_dragon_skeleton_ice=true, iceandfire:spawn_stymphalian_bird=true, iceandfire:fire_dragon_cave=true, iceandfire:sapphire_ore=true, iceandfire:spawn_hippocampus=true, iceandfire:spawn_death_worm=true}
[20Dec2025 03:22:55.250] [Server thread/INFO] [com.github.alexthe666.iceandfire.IceAndFire/]: {TROLL_S=true, HIPPOGRYPH=true, AMPHITHERE=true, COCKATRICE=true, TROLL_M=true, DREAD_LICH=true, TROLL_F=true}
[20Dec2025 03:22:55.278] [Server thread/DEBUG] [io.netty.buffer.AbstractByteBuf/]: -Dio.netty.buffer.checkAccessible: true
[20Dec2025 03:22:55.278] [Server thread/DEBUG] [io.netty.buffer.AbstractByteBuf/]: -Dio.netty.buffer.checkBounds: true
[20Dec2025 03:22:55.279] [Server thread/DEBUG] [io.netty.util.ResourceLeakDetectorFactory/]: Loaded default ResourceLeakDetector: io.netty.util.ResourceLeakDetector@40bb0110
[20Dec2025 03:22:55.320] [Server thread/DEBUG] [net.minecraftforge.coremod.transformer.CoreModBaseTransformer/COREMOD]: Transforming net/minecraft/world/level/NaturalSpawner
[20Dec2025 03:22:55.438] [Server thread/DEBUG] [mixin/]: Mixing TrackedEntityAccessorInvoker from skinrestorer.mixins.json into net.minecraft.server.level.ChunkMap$TrackedEntity
[20Dec2025 03:23:11.969] [Netty Epoll Server IO #1/DEBUG] [io.netty.util.Recycler/]: -Dio.netty.recycler.maxCapacityPerThread: 4096
[20Dec2025 03:23:11.970] [Netty Epoll Server IO #1/DEBUG] [io.netty.util.Recycler/]: -Dio.netty.recycler.ratio: 8
[20Dec2025 03:23:11.970] [Netty Epoll Server IO #1/DEBUG] [io.netty.util.Recycler/]: -Dio.netty.recycler.chunkSize: 32
[20Dec2025 03:23:11.970] [Netty Epoll Server IO #1/DEBUG] [io.netty.util.Recycler/]: -Dio.netty.recycler.blocking: false
[20Dec2025 03:23:14.536] [Netty Epoll Server IO #2/DEBUG] [net.minecraftforge.network.HandshakeHandler/FMLHANDSHAKE]: Starting new modded impl connection. Found 30 messages to dispatch.
[20Dec2025 03:23:14.537] [Netty Epoll Server IO #2/DEBUG] [mixin/]: Mixing ServerLoginPacketListenerImplMixin from skinrestorer.mixins.json into net.minecraft.server.network.ServerLoginPacketListenerImpl
[20Dec2025 03:23:14.538] [Netty Epoll Server IO #2/DEBUG] [mixin/]: Renaming synthetic method lambda$skinrestorer$fetchSkin$2(Lnet/lionarius/skinrestorer/skin/provider/SkinProviderContext;)Lnet/lionarius/skinrestorer/util/Result; to mdb1d0b6$lambda$skinrestorer$fetchSkin$2$0 in skinrestorer.mixins.json:ServerLoginPacketListenerImplMixin
[20Dec2025 03:23:14.538] [Netty Epoll Server IO #2/DEBUG] [mixin/]: Renaming synthetic method lambda$skinrestorer$fetchSkin$1(Lnet/lionarius/skinrestorer/skin/provider/SkinProviderContext;Lnet/lionarius/skinrestorer/skin/provider/SkinProvider;)Lnet/lionarius/skinrestorer/util/Result; to mdb1d0b6$lambda$skinrestorer$fetchSkin$1$1 in skinrestorer.mixins.json:ServerLoginPacketListenerImplMixin
[20Dec2025 03:23:14.538] [Netty Epoll Server IO #2/DEBUG] [mixin/]: Renaming synthetic method lambda$waitForSkin$0()Ljava/lang/Void; to mdb1d0b6$lambda$waitForSkin$0$2 in skinrestorer.mixins.json:ServerLoginPacketListenerImplMixin
[20Dec2025 03:23:14.559] [Server thread/DEBUG] [net.minecraftforge.network.HandshakeHandler/FMLHANDSHAKE]: Sending ticking packet info 'jeg:custom_gun_manager' to 'framework:handshake' sequence 0
[20Dec2025 03:23:14.609] [Server thread/DEBUG] [net.minecraftforge.network.HandshakeHandler/FMLHANDSHAKE]: Sending ticking packet info 'jeg:network_gun_manager' to 'framework:handshake' sequence 1
[20Dec2025 03:23:14.642] [Netty Epoll Server IO #2/DEBUG] [net.minecraftforge.network.LoginWrapper/FMLHANDSHAKE]: Recieved login wrapper packet event for channel framework:handshake with index 0
[20Dec2025 03:23:14.643] [Netty Epoll Server IO #2/DEBUG] [net.minecraftforge.network.HandshakeHandler/FMLHANDSHAKE]: Received client indexed reply 0 of type com.mrcrayfish.framework.api.network.message.HandshakeMessage$Acknowledge
[20Dec2025 03:23:14.644] [Netty Epoll Server IO #2/DEBUG] [Framework/FRAMEWORK_HANDSHAKE]: Received acknowledgement from client
[20Dec2025 03:23:14.659] [Server thread/DEBUG] [net.minecraftforge.network.HandshakeHandler/FMLHANDSHAKE]: Sending ticking packet info 'net.minecraftforge.network.HandshakeMessages$S2CModData' to 'fml:handshake' sequence 2
[20Dec2025 03:23:14.708] [Server thread/DEBUG] [net.minecraftforge.network.HandshakeHandler/FMLHANDSHAKE]: Sending ticking packet info 'net.minecraftforge.network.HandshakeMessages$S2CModList' to 'fml:handshake' sequence 3
[20Dec2025 03:23:14.758] [Server thread/DEBUG] [net.minecraftforge.network.HandshakeHandler/FMLHANDSHAKE]: Sending ticking packet info 'Registry minecraft:command_argument_type' to 'fml:handshake' sequence 4
[20Dec2025 03:23:14.808] [Server thread/DEBUG] [net.minecraftforge.network.HandshakeHandler/FMLHANDSHAKE]: Sending ticking packet info 'Registry minecraft:recipe_serializer' to 'fml:handshake' sequence 5
[20Dec2025 03:23:14.858] [Server thread/DEBUG] [net.minecraftforge.network.HandshakeHandler/FMLHANDSHAKE]: Sending ticking packet info 'Registry minecraft:sound_event' to 'fml:handshake' sequence 6
[20Dec2025 03:23:14.897] [Netty Epoll Server IO #2/DEBUG] [net.minecraftforge.network.LoginWrapper/FMLHANDSHAKE]: Recieved login wrapper packet event for channel framework:handshake with index 1
[20Dec2025 03:23:14.897] [Netty Epoll Server IO #2/DEBUG] [net.minecraftforge.network.HandshakeHandler/FMLHANDSHAKE]: Received client indexed reply 1 of type com.mrcrayfish.framework.api.network.message.HandshakeMessage$Acknowledge
[20Dec2025 03:23:14.897] [Netty Epoll Server IO #2/DEBUG] [Framework/FRAMEWORK_HANDSHAKE]: Received acknowledgement from client
[20Dec2025 03:23:14.906] [Netty Epoll Server IO #2/DEBUG] [net.minecraftforge.network.LoginWrapper/FMLHANDSHAKE]: Recieved login wrapper packet event for channel fml:handshake with index 3
[20Dec2025 03:23:14.906] [Netty Epoll Server IO #2/DEBUG] [net.minecraftforge.network.HandshakeHandler/FMLHANDSHAKE]: Received client indexed reply 3 of type net.minecraftforge.network.HandshakeMessages$C2SModListReply
[20Dec2025 03:23:14.907] [Netty Epoll Server IO #2/DEBUG] [net.minecraftforge.network.HandshakeHandler/FMLHANDSHAKE]: Received client connection with modlist [man_of_many_planes, kuma_api, trashslot, netherexp, protectmobsfromdaylight, geckolib, elysium_api, goblintraders, immersive_aircraft, bettercaves, underground_bunkers, waystones, modernfix, citadel, travelersbackpack, zombieawareness, yungsapi, mixinextras, dungeoncrawl, iceandfire, balm, puzzlesaccessapi, cloth_config, forge, embeddium, rubidium, minecraft, emi, jei, jeg, mteg, block_factorys_bosses, jade, ribbits, curios, easy_emerald, gravestone, gobber2, coroutil, warfare_wings, architectury, vinery, ferritecore, aiimprovements, embeddium_extra, puzzleslib, framework, horde_hoard, enchantinginfuser, skinrestorer]
[20Dec2025 03:23:14.908] [Netty Epoll Server IO #2/DEBUG] [net.minecraftforge.network.NetworkRegistry/NETREGISTRY]: Channel 'skinshuffle:skin_refresh' : Version test of '' from client : ACCEPTED
[20Dec2025 03:23:14.908] [Netty Epoll Server IO #2/DEBUG] [net.minecraftforge.network.NetworkRegistry/NETREGISTRY]: Channel 'block_factorys_bosses:block_factorys_bosses' : Version test of '1' from client : ACCEPTED
[20Dec2025 03:23:14.908] [Netty Epoll Server IO #2/DEBUG] [net.minecraftforge.network.NetworkRegistry/NETREGISTRY]: Channel 'jei:channel' : Version test of '1.0.0' from client : ACCEPTED
[20Dec2025 03:23:14.908] [Netty Epoll Server IO #2/DEBUG] [net.minecraftforge.network.NetworkRegistry/NETREGISTRY]: Channel 'minecraft:unregister' : Version test of 'FML3' from client : ACCEPTED
[20Dec2025 03:23:14.908] [Netty Epoll Server IO #2/DEBUG] [net.minecraftforge.network.NetworkRegistry/NETREGISTRY]: Channel 'ic_air:main' : Version test of '1' from client : ACCEPTED
[20Dec2025 03:23:14.908] [Netty Epoll Server IO #2/DEBUG] [net.minecraftforge.network.NetworkRegistry/NETREGISTRY]: Channel 'citadel:main_channel' : Version test of '1' from client : ACCEPTED
[20Dec2025 03:23:14.908] [Netty Epoll Server IO #2/DEBUG] [net.minecraftforge.network.NetworkRegistry/NETREGISTRY]: Channel 'puzzleslib:1' : Version test of '1' from client : ACCEPTED
[20Dec2025 03:23:14.908] [Netty Epoll Server IO #2/DEBUG] [net.minecraftforge.network.NetworkRegistry/NETREGISTRY]: Channel 'jeg:play' : Version test of '1' from client : ACCEPTED
[20Dec2025 03:23:14.908] [Netty Epoll Server IO #2/DEBUG] [net.minecraftforge.network.NetworkRegistry/NETREGISTRY]: Channel 'iceandfire:main_channel' : Version test of '1' from client : ACCEPTED
[20Dec2025 03:23:14.908] [Netty Epoll Server IO #2/DEBUG] [net.minecraftforge.network.NetworkRegistry/NETREGISTRY]: Channel 'emi:emi' : Version test of '0' from client : ACCEPTED
[20Dec2025 03:23:14.908] [Netty Epoll Server IO #2/DEBUG] [net.minecraftforge.network.NetworkRegistry/NETREGISTRY]: Channel 'framework:play' : Version test of '1' from client : ACCEPTED
[20Dec2025 03:23:14.908] [Netty Epoll Server IO #2/DEBUG] [net.minecraftforge.network.NetworkRegistry/NETREGISTRY]: Channel 'travelersbackpack:network' : Version test of 'travelersbackpack:1' from client : ACCEPTED
[20Dec2025 03:23:14.908] [Netty Epoll Server IO #2/DEBUG] [net.minecraftforge.network.NetworkRegistry/NETREGISTRY]: Channel 'curios:main' : Version test of '1' from client : ACCEPTED
[20Dec2025 03:23:14.908] [Netty Epoll Server IO #2/DEBUG] [net.minecraftforge.network.NetworkRegistry/NETREGISTRY]: Channel 'balm:network' : Version test of '1.0' from client : ACCEPTED
[20Dec2025 03:23:14.908] [Netty Epoll Server IO #2/DEBUG] [net.minecraftforge.network.NetworkRegistry/NETREGISTRY]: Channel 'skinshuffle:handshake' : Version test of '' from client : ACCEPTED
[20Dec2025 03:23:14.908] [Netty Epoll Server IO #2/DEBUG] [net.minecraftforge.network.NetworkRegistry/NETREGISTRY]: Channel 'framework:handshake' : Version test of '1' from client : ACCEPTED
[20Dec2025 03:23:14.908] [Netty Epoll Server IO #2/DEBUG] [net.minecraftforge.network.NetworkRegistry/NETREGISTRY]: Channel 'fml:loginwrapper' : Version test of 'FML3' from client : ACCEPTED
[20Dec2025 03:23:14.908] [Netty Epoll Server IO #2/DEBUG] [net.minecraftforge.network.NetworkRegistry/NETREGISTRY]: Channel 'enchantinginfuser:1' : Version test of '1' from client : ACCEPTED
[20Dec2025 03:23:14.908] [Netty Epoll Server IO #2/DEBUG] [net.minecraftforge.network.NetworkRegistry/NETREGISTRY]: Channel 'mteg:play' : Version test of '1' from client : ACCEPTED
[20Dec2025 03:23:14.908] [Netty Epoll Server IO #2/DEBUG] [net.minecraftforge.network.NetworkRegistry/NETREGISTRY]: Channel 'ribbits:messages' : Version test of '1.0' from client : ACCEPTED
[20Dec2025 03:23:14.908] [Netty Epoll Server IO #2/DEBUG] [net.minecraftforge.network.NetworkRegistry/NETREGISTRY]: Channel 'forge:tier_sorting' : Version test of '1.0' from client : ACCEPTED
[20Dec2025 03:23:14.908] [Server thread/DEBUG] [net.minecraftforge.network.HandshakeHandler/FMLHANDSHAKE]: Sending ticking packet info 'Registry minecraft:particle_type' to 'fml:handshake' sequence 7
[20Dec2025 03:23:14.908] [Netty Epoll Server IO #2/DEBUG] [net.minecraftforge.network.NetworkRegistry/NETREGISTRY]: Channel 'trashslot:network' : Version test of '1.0' from client : ACCEPTED
[20Dec2025 03:23:14.908] [Netty Epoll Server IO #2/DEBUG] [net.minecraftforge.network.NetworkRegistry/NETREGISTRY]: Channel 'fml:play' : Version test of 'FML3' from client : ACCEPTED
[20Dec2025 03:23:14.908] [Netty Epoll Server IO #2/DEBUG] [net.minecraftforge.network.NetworkRegistry/NETREGISTRY]: Channel 'gravestone:default' : Version test of '1.0.0' from client : ACCEPTED
[20Dec2025 03:23:14.908] [Netty Epoll Server IO #2/DEBUG] [net.minecraftforge.network.NetworkRegistry/NETREGISTRY]: Channel 'fml:handshake' : Version test of 'FML3' from client : ACCEPTED
[20Dec2025 03:23:14.909] [Netty Epoll Server IO #2/DEBUG] [net.minecraftforge.network.NetworkRegistry/NETREGISTRY]: Channel 'horde_hoard:horde_hoard' : Version test of '1' from client : ACCEPTED
[20Dec2025 03:23:14.909] [Netty Epoll Server IO #2/DEBUG] [net.minecraftforge.network.NetworkRegistry/NETREGISTRY]: Channel 'minecraft:register' : Version test of 'FML3' from client : ACCEPTED
[20Dec2025 03:23:14.909] [Netty Epoll Server IO #2/DEBUG] [net.minecraftforge.network.NetworkRegistry/NETREGISTRY]: Channel 'forge:split' : Version test of '1.1' from client : ACCEPTED
[20Dec2025 03:23:14.909] [Netty Epoll Server IO #2/DEBUG] [net.minecraftforge.network.NetworkRegistry/NETREGISTRY]: Channel 'geckolib:main' : Version test of '1' from client : ACCEPTED
[20Dec2025 03:23:14.909] [Netty Epoll Server IO #2/DEBUG] [net.minecraftforge.network.NetworkRegistry/NETREGISTRY]: Channel 'jade:networking' : Version test of '2' from client : ACCEPTED
[20Dec2025 03:23:14.909] [Netty Epoll Server IO #2/DEBUG] [net.minecraftforge.network.NetworkRegistry/NETREGISTRY]: Channel 'waystones:network' : Version test of '1.0' from client : ACCEPTED
[20Dec2025 03:23:14.909] [Netty Epoll Server IO #2/DEBUG] [net.minecraftforge.network.NetworkRegistry/NETREGISTRY]: Channel 'skinshuffle:refresh' : Version test of '' from client : ACCEPTED
[20Dec2025 03:23:14.909] [Netty Epoll Server IO #2/DEBUG] [net.minecraftforge.network.NetworkRegistry/NETREGISTRY]: Accepting channel list from client
[20Dec2025 03:23:14.910] [Netty Epoll Server IO #2/DEBUG] [net.minecraftforge.network.HandshakeHandler/FMLHANDSHAKE]: Accepted client connection mod list
[20Dec2025 03:23:14.913] [Netty Epoll Server IO #2/DEBUG] [net.minecraftforge.network.LoginWrapper/FMLHANDSHAKE]: Recieved login wrapper packet event for channel fml:handshake with index 4
[20Dec2025 03:23:14.913] [Netty Epoll Server IO #2/DEBUG] [net.minecraftforge.network.HandshakeHandler/FMLHANDSHAKE]: Received client indexed reply 4 of type net.minecraftforge.network.HandshakeMessages$C2SAcknowledge
[20Dec2025 03:23:14.913] [Netty Epoll Server IO #2/DEBUG] [net.minecraftforge.network.HandshakeHandler/FMLHANDSHAKE]: Received acknowledgement from client
[20Dec2025 03:23:14.913] [Netty Epoll Server IO #2/DEBUG] [net.minecraftforge.network.LoginWrapper/FMLHANDSHAKE]: Recieved login wrapper packet event for channel fml:handshake with index 5
[20Dec2025 03:23:14.913] [Netty Epoll Server IO #2/DEBUG] [net.minecraftforge.network.HandshakeHandler/FMLHANDSHAKE]: Received client indexed reply 5 of type net.minecraftforge.network.HandshakeMessages$C2SAcknowledge
[20Dec2025 03:23:14.914] [Netty Epoll Server IO #2/DEBUG] [net.minecraftforge.network.HandshakeHandler/FMLHANDSHAKE]: Received acknowledgement from client
[20Dec2025 03:23:14.959] [Server thread/DEBUG] [net.minecraftforge.network.HandshakeHandler/FMLHANDSHAKE]: Sending ticking packet info 'Registry minecraft:villager_profession' to 'fml:handshake' sequence 8
[20Dec2025 03:23:14.990] [Netty Epoll Server IO #2/DEBUG] [net.minecraftforge.network.LoginWrapper/FMLHANDSHAKE]: Recieved login wrapper packet event for channel fml:handshake with index 6
[20Dec2025 03:23:14.990] [Netty Epoll Server IO #2/DEBUG] [net.minecraftforge.network.HandshakeHandler/FMLHANDSHAKE]: Received client indexed reply 6 of type net.minecraftforge.network.HandshakeMessages$C2SAcknowledge
[20Dec2025 03:23:14.990] [Netty Epoll Server IO #2/DEBUG] [net.minecraftforge.network.HandshakeHandler/FMLHANDSHAKE]: Received acknowledgement from client
[20Dec2025 03:23:14.991] [Netty Epoll Server IO #2/DEBUG] [net.minecraftforge.network.LoginWrapper/FMLHANDSHAKE]: Recieved login wrapper packet event for channel fml:handshake with index 7
[20Dec2025 03:23:14.991] [Netty Epoll Server IO #2/DEBUG] [net.minecraftforge.network.HandshakeHandler/FMLHANDSHAKE]: Received client indexed reply 7 of type net.minecraftforge.network.HandshakeMessages$C2SAcknowledge
[20Dec2025 03:23:14.991] [Netty Epoll Server IO #2/DEBUG] [net.minecraftforge.network.HandshakeHandler/FMLHANDSHAKE]: Received acknowledgement from client
[20Dec2025 03:23:15.009] [Server thread/DEBUG] [net.minecraftforge.network.HandshakeHandler/FMLHANDSHAKE]: Sending ticking packet info 'Registry minecraft:item' to 'fml:handshake' sequence 9
[20Dec2025 03:23:15.022] [Netty Epoll Server IO #2/DEBUG] [net.minecraftforge.network.LoginWrapper/FMLHANDSHAKE]: Recieved login wrapper packet event for channel fml:handshake with index 8
[20Dec2025 03:23:15.022] [Netty Epoll Server IO #2/DEBUG] [net.minecraftforge.network.HandshakeHandler/FMLHANDSHAKE]: Received client indexed reply 8 of type net.minecraftforge.network.HandshakeMessages$C2SAcknowledge
[20Dec2025 03:23:15.022] [Netty Epoll Server IO #2/DEBUG] [net.minecraftforge.network.HandshakeHandler/FMLHANDSHAKE]: Received acknowledgement from client
[20Dec2025 03:23:15.059] [Server thread/DEBUG] [net.minecraftforge.network.HandshakeHandler/FMLHANDSHAKE]: Sending ticking packet info 'Registry minecraft:potion' to 'fml:handshake' sequence 10
[20Dec2025 03:23:15.108] [Server thread/DEBUG] [net.minecraftforge.network.HandshakeHandler/FMLHANDSHAKE]: Sending ticking packet info 'Registry minecraft:painting_variant' to 'fml:handshake' sequence 11
[20Dec2025 03:23:15.138] [Netty Epoll Server IO #2/DEBUG] [net.minecraftforge.network.LoginWrapper/FMLHANDSHAKE]: Recieved login wrapper packet event for channel fml:handshake with index 9
[20Dec2025 03:23:15.138] [Netty Epoll Server IO #2/DEBUG] [net.minecraftforge.network.HandshakeHandler/FMLHANDSHAKE]: Received client indexed reply 9 of type net.minecraftforge.network.HandshakeMessages$C2SAcknowledge
[20Dec2025 03:23:15.138] [Netty Epoll Server IO #2/DEBUG] [net.minecraftforge.network.HandshakeHandler/FMLHANDSHAKE]: Received acknowledgement from client
[20Dec2025 03:23:15.139] [Netty Epoll Server IO #2/DEBUG] [net.minecraftforge.network.LoginWrapper/FMLHANDSHAKE]: Recieved login wrapper packet event for channel fml:handshake with index 10
[20Dec2025 03:23:15.139] [Netty Epoll Server IO #2/DEBUG] [net.minecraftforge.network.HandshakeHandler/FMLHANDSHAKE]: Received client indexed reply 10 of type net.minecraftforge.network.HandshakeMessages$C2SAcknowledge
[20Dec2025 03:23:15.139] [Netty Epoll Server IO #2/DEBUG] [net.minecraftforge.network.HandshakeHandler/FMLHANDSHAKE]: Received acknowledgement from client
[20Dec2025 03:23:15.158] [Server thread/DEBUG] [net.minecraftforge.network.HandshakeHandler/FMLHANDSHAKE]: Sending ticking packet info 'Registry forge:fluid_type' to 'fml:handshake' sequence 12
[20Dec2025 03:23:15.170] [Netty Epoll Server IO #2/DEBUG] [net.minecraftforge.network.LoginWrapper/FMLHANDSHAKE]: Recieved login wrapper packet event for channel fml:handshake with index 11
[20Dec2025 03:23:15.170] [Netty Epoll Server IO #2/DEBUG] [net.minecraftforge.network.HandshakeHandler/FMLHANDSHAKE]: Received client indexed reply 11 of type net.minecraftforge.network.HandshakeMessages$C2SAcknowledge
[20Dec2025 03:23:15.170] [Netty Epoll Server IO #2/DEBUG] [net.minecraftforge.network.HandshakeHandler/FMLHANDSHAKE]: Received acknowledgement from client
[20Dec2025 03:23:15.208] [Server thread/DEBUG] [net.minecraftforge.network.HandshakeHandler/FMLHANDSHAKE]: Sending ticking packet info 'Registry minecraft:block_entity_type' to 'fml:handshake' sequence 13
[20Dec2025 03:23:15.220] [Netty Epoll Server IO #2/DEBUG] [net.minecraftforge.network.LoginWrapper/FMLHANDSHAKE]: Recieved login wrapper packet event for channel fml:handshake with index 12
[20Dec2025 03:23:15.220] [Netty Epoll Server IO #2/DEBUG] [net.minecraftforge.network.HandshakeHandler/FMLHANDSHAKE]: Received client indexed reply 12 of type net.minecraftforge.network.HandshakeMessages$C2SAcknowledge
[20Dec2025 03:23:15.221] [Netty Epoll Server IO #2/DEBUG] [net.minecraftforge.network.HandshakeHandler/FMLHANDSHAKE]: Received acknowledgement from client
[20Dec2025 03:23:15.258] [Server thread/DEBUG] [net.minecraftforge.network.HandshakeHandler/FMLHANDSHAKE]: Sending ticking packet info 'Registry forge:display_contexts' to 'fml:handshake' sequence 14
[20Dec2025 03:23:15.270] [Netty Epoll Server IO #2/DEBUG] [net.minecraftforge.network.LoginWrapper/FMLHANDSHAKE]: Recieved login wrapper packet event for channel fml:handshake with index 13
[20Dec2025 03:23:15.270] [Netty Epoll Server IO #2/DEBUG] [net.minecraftforge.network.HandshakeHandler/FMLHANDSHAKE]: Received client indexed reply 13 of type net.minecraftforge.network.HandshakeMessages$C2SAcknowledge
[20Dec2025 03:23:15.270] [Netty Epoll Server IO #2/DEBUG] [net.minecraftforge.network.HandshakeHandler/FMLHANDSHAKE]: Received acknowledgement from client
[20Dec2025 03:23:15.308] [Server thread/DEBUG] [net.minecraftforge.network.HandshakeHandler/FMLHANDSHAKE]: Sending ticking packet info 'Registry minecraft:block' to 'fml:handshake' sequence 15
[20Dec2025 03:23:15.321] [Netty Epoll Server IO #2/DEBUG] [net.minecraftforge.network.LoginWrapper/FMLHANDSHAKE]: Recieved login wrapper packet event for channel fml:handshake with index 14
[20Dec2025 03:23:15.321] [Netty Epoll Server IO #2/DEBUG] [net.minecraftforge.network.HandshakeHandler/FMLHANDSHAKE]: Received client indexed reply 14 of type net.minecraftforge.network.HandshakeMessages$C2SAcknowledge
[20Dec2025 03:23:15.321] [Netty Epoll Server IO #2/DEBUG] [net.minecraftforge.network.HandshakeHandler/FMLHANDSHAKE]: Received acknowledgement from client
[20Dec2025 03:23:15.358] [Server thread/DEBUG] [net.minecraftforge.network.HandshakeHandler/FMLHANDSHAKE]: Sending ticking packet info 'Registry forge:entity_data_serializers' to 'fml:handshake' sequence 16
[20Dec2025 03:23:15.374] [Netty Epoll Server IO #2/DEBUG] [net.minecraftforge.network.LoginWrapper/FMLHANDSHAKE]: Recieved login wrapper packet event for channel fml:handshake with index 15
[20Dec2025 03:23:15.374] [Netty Epoll Server IO #2/DEBUG] [net.minecraftforge.network.HandshakeHandler/FMLHANDSHAKE]: Received client indexed reply 15 of type net.minecraftforge.network.HandshakeMessages$C2SAcknowledge
[20Dec2025 03:23:15.374] [Netty Epoll Server IO #2/DEBUG] [net.minecraftforge.network.HandshakeHandler/FMLHANDSHAKE]: Received acknowledgement from client
[20Dec2025 03:23:15.408] [Server thread/DEBUG] [net.minecraftforge.network.HandshakeHandler/FMLHANDSHAKE]: Sending ticking packet info 'Registry minecraft:mob_effect' to 'fml:handshake' sequence 17
[20Dec2025 03:23:15.421] [Netty Epoll Server IO #2/DEBUG] [net.minecraftforge.network.LoginWrapper/FMLHANDSHAKE]: Recieved login wrapper packet event for channel fml:handshake with index 16
[20Dec2025 03:23:15.421] [Netty Epoll Server IO #2/DEBUG] [net.minecraftforge.network.HandshakeHandler/FMLHANDSHAKE]: Received client indexed reply 16 of type net.minecraftforge.network.HandshakeMessages$C2SAcknowledge
[20Dec2025 03:23:15.421] [Netty Epoll Server IO #2/DEBUG] [net.minecraftforge.network.HandshakeHandler/FMLHANDSHAKE]: Received acknowledgement from client
[20Dec2025 03:23:15.459] [Server thread/DEBUG] [net.minecraftforge.network.HandshakeHandler/FMLHANDSHAKE]: Sending ticking packet info 'Registry minecraft:stat_type' to 'fml:handshake' sequence 18
[20Dec2025 03:23:15.470] [Netty Epoll Server IO #2/DEBUG] [net.minecraftforge.network.LoginWrapper/FMLHANDSHAKE]: Recieved login wrapper packet event for channel fml:handshake with index 17
[20Dec2025 03:23:15.470] [Netty Epoll Server IO #2/DEBUG] [net.minecraftforge.network.HandshakeHandler/FMLHANDSHAKE]: Received client indexed reply 17 of type net.minecraftforge.network.HandshakeMessages$C2SAcknowledge
[20Dec2025 03:23:15.470] [Netty Epoll Server IO #2/DEBUG] [net.minecraftforge.network.HandshakeHandler/FMLHANDSHAKE]: Received acknowledgement from client
[20Dec2025 03:23:15.509] [Server thread/DEBUG] [net.minecraftforge.network.HandshakeHandler/FMLHANDSHAKE]: Sending ticking packet info 'Registry minecraft:menu' to 'fml:handshake' sequence 19
[20Dec2025 03:23:15.522] [Netty Epoll Server IO #2/DEBUG] [net.minecraftforge.network.LoginWrapper/FMLHANDSHAKE]: Recieved login wrapper packet event for channel fml:handshake with index 18
[20Dec2025 03:23:15.522] [Netty Epoll Server IO #2/DEBUG] [net.minecraftforge.network.HandshakeHandler/FMLHANDSHAKE]: Received client indexed reply 18 of type net.minecraftforge.network.HandshakeMessages$C2SAcknowledge
[20Dec2025 03:23:15.522] [Netty Epoll Server IO #2/DEBUG] [net.minecraftforge.network.HandshakeHandler/FMLHANDSHAKE]: Received acknowledgement from client
[20Dec2025 03:23:15.558] [Server thread/DEBUG] [net.minecraftforge.network.HandshakeHandler/FMLHANDSHAKE]: Sending ticking packet info 'Registry minecraft:enchantment' to 'fml:handshake' sequence 20
[20Dec2025 03:23:15.571] [Netty Epoll Server IO #2/DEBUG] [net.minecraftforge.network.LoginWrapper/FMLHANDSHAKE]: Recieved login wrapper packet event for channel fml:handshake with index 19
[20Dec2025 03:23:15.571] [Netty Epoll Server IO #2/DEBUG] [net.minecraftforge.network.HandshakeHandler/FMLHANDSHAKE]: Received client indexed reply 19 of type net.minecraftforge.network.HandshakeMessages$C2SAcknowledge
[20Dec2025 03:23:15.571] [Netty Epoll Server IO #2/DEBUG] [net.minecraftforge.network.HandshakeHandler/FMLHANDSHAKE]: Received acknowledgement from client
[20Dec2025 03:23:15.608] [Server thread/DEBUG] [net.minecraftforge.network.HandshakeHandler/FMLHANDSHAKE]: Sending ticking packet info 'Registry minecraft:fluid' to 'fml:handshake' sequence 21
[20Dec2025 03:23:15.622] [Netty Epoll Server IO #2/DEBUG] [net.minecraftforge.network.LoginWrapper/FMLHANDSHAKE]: Recieved login wrapper packet event for channel fml:handshake with index 20
[20Dec2025 03:23:15.622] [Netty Epoll Server IO #2/DEBUG] [net.minecraftforge.network.HandshakeHandler/FMLHANDSHAKE]: Received client indexed reply 20 of type net.minecraftforge.network.HandshakeMessages$C2SAcknowledge
[20Dec2025 03:23:15.622] [Netty Epoll Server IO #2/DEBUG] [net.minecraftforge.network.HandshakeHandler/FMLHANDSHAKE]: Received acknowledgement from client
[20Dec2025 03:23:15.658] [Server thread/DEBUG] [net.minecraftforge.network.HandshakeHandler/FMLHANDSHAKE]: Sending ticking packet info 'Registry minecraft:entity_type' to 'fml:handshake' sequence 22
[20Dec2025 03:23:15.670] [Netty Epoll Server IO #2/DEBUG] [net.minecraftforge.network.LoginWrapper/FMLHANDSHAKE]: Recieved login wrapper packet event for channel fml:handshake with index 21
[20Dec2025 03:23:15.670] [Netty Epoll Server IO #2/DEBUG] [net.minecraftforge.network.HandshakeHandler/FMLHANDSHAKE]: Received client indexed reply 21 of type net.minecraftforge.network.HandshakeMessages$C2SAcknowledge
[20Dec2025 03:23:15.670] [Netty Epoll Server IO #2/DEBUG] [net.minecraftforge.network.HandshakeHandler/FMLHANDSHAKE]: Received acknowledgement from client
[20Dec2025 03:23:15.708] [Server thread/DEBUG] [net.minecraftforge.network.HandshakeHandler/FMLHANDSHAKE]: Sending ticking packet info 'Config curios-server.toml' to 'fml:handshake' sequence 23
[20Dec2025 03:23:15.758] [Server thread/DEBUG] [net.minecraftforge.network.HandshakeHandler/FMLHANDSHAKE]: Sending ticking packet info 'Config jeg-server.toml' to 'fml:handshake' sequence 24
[20Dec2025 03:23:15.808] [Server thread/DEBUG] [net.minecraftforge.network.HandshakeHandler/FMLHANDSHAKE]: Sending ticking packet info 'Config gravestone-server.toml' to 'fml:handshake' sequence 25
[20Dec2025 03:23:15.818] [Netty Epoll Server IO #2/DEBUG] [net.minecraftforge.network.LoginWrapper/FMLHANDSHAKE]: Recieved login wrapper packet event for channel fml:handshake with index 22
[20Dec2025 03:23:15.818] [Netty Epoll Server IO #2/DEBUG] [net.minecraftforge.network.HandshakeHandler/FMLHANDSHAKE]: Received client indexed reply 22 of type net.minecraftforge.network.HandshakeMessages$C2SAcknowledge
[20Dec2025 03:23:15.818] [Netty Epoll Server IO #2/DEBUG] [net.minecraftforge.network.HandshakeHandler/FMLHANDSHAKE]: Received acknowledgement from client
[20Dec2025 03:23:15.820] [Netty Epoll Server IO #2/DEBUG] [net.minecraftforge.network.LoginWrapper/FMLHANDSHAKE]: Recieved login wrapper packet event for channel fml:handshake with index 23
[20Dec2025 03:23:15.820] [Netty Epoll Server IO #2/DEBUG] [net.minecraftforge.network.HandshakeHandler/FMLHANDSHAKE]: Received client indexed reply 23 of type net.minecraftforge.network.HandshakeMessages$C2SAcknowledge
[20Dec2025 03:23:15.820] [Netty Epoll Server IO #2/DEBUG] [net.minecraftforge.network.HandshakeHandler/FMLHANDSHAKE]: Received acknowledgement from client
[20Dec2025 03:23:15.821] [Netty Epoll Server IO #2/DEBUG] [net.minecraftforge.network.LoginWrapper/FMLHANDSHAKE]: Recieved login wrapper packet event for channel fml:handshake with index 24
[20Dec2025 03:23:15.821] [Netty Epoll Server IO #2/DEBUG] [net.minecraftforge.network.HandshakeHandler/FMLHANDSHAKE]: Received client indexed reply 24 of type net.minecraftforge.network.HandshakeMessages$C2SAcknowledge
[20Dec2025 03:23:15.821] [Netty Epoll Server IO #2/DEBUG] [net.minecraftforge.network.HandshakeHandler/FMLHANDSHAKE]: Received acknowledgement from client
[20Dec2025 03:23:15.858] [Server thread/DEBUG] [net.minecraftforge.network.HandshakeHandler/FMLHANDSHAKE]: Sending ticking packet info 'Config travelersbackpack-server.toml' to 'fml:handshake' sequence 26
[20Dec2025 03:23:15.873] [Netty Epoll Server IO #2/DEBUG] [net.minecraftforge.network.LoginWrapper/FMLHANDSHAKE]: Recieved login wrapper packet event for channel fml:handshake with index 25
[20Dec2025 03:23:15.873] [Netty Epoll Server IO #2/DEBUG] [net.minecraftforge.network.HandshakeHandler/FMLHANDSHAKE]: Received client indexed reply 25 of type net.minecraftforge.network.HandshakeMessages$C2SAcknowledge
[20Dec2025 03:23:15.873] [Netty Epoll Server IO #2/DEBUG] [net.minecraftforge.network.HandshakeHandler/FMLHANDSHAKE]: Received acknowledgement from client
[20Dec2025 03:23:15.908] [Server thread/DEBUG] [net.minecraftforge.network.HandshakeHandler/FMLHANDSHAKE]: Sending ticking packet info 'Config enchantinginfuser-server.toml' to 'fml:handshake' sequence 27
[20Dec2025 03:23:15.932] [Netty Epoll Server IO #2/DEBUG] [net.minecraftforge.network.LoginWrapper/FMLHANDSHAKE]: Recieved login wrapper packet event for channel fml:handshake with index 26
[20Dec2025 03:23:15.932] [Netty Epoll Server IO #2/DEBUG] [net.minecraftforge.network.HandshakeHandler/FMLHANDSHAKE]: Received client indexed reply 26 of type net.minecraftforge.network.HandshakeMessages$C2SAcknowledge
[20Dec2025 03:23:15.932] [Netty Epoll Server IO #2/DEBUG] [net.minecraftforge.network.HandshakeHandler/FMLHANDSHAKE]: Received acknowledgement from client
[20Dec2025 03:23:15.958] [Server thread/DEBUG] [net.minecraftforge.network.HandshakeHandler/FMLHANDSHAKE]: Sending ticking packet info 'Config jei-server.toml' to 'fml:handshake' sequence 28
[20Dec2025 03:23:15.976] [Netty Epoll Server IO #2/DEBUG] [net.minecraftforge.network.LoginWrapper/FMLHANDSHAKE]: Recieved login wrapper packet event for channel fml:handshake with index 27
[20Dec2025 03:23:15.976] [Netty Epoll Server IO #2/DEBUG] [net.minecraftforge.network.HandshakeHandler/FMLHANDSHAKE]: Received client indexed reply 27 of type net.minecraftforge.network.HandshakeMessages$C2SAcknowledge
[20Dec2025 03:23:15.976] [Netty Epoll Server IO #2/DEBUG] [net.minecraftforge.network.HandshakeHandler/FMLHANDSHAKE]: Received acknowledgement from client
[20Dec2025 03:23:16.008] [Server thread/DEBUG] [net.minecraftforge.network.HandshakeHandler/FMLHANDSHAKE]: Sending ticking packet info 'Config forge-server.toml' to 'fml:handshake' sequence 29
[20Dec2025 03:23:16.022] [Netty Epoll Server IO #2/DEBUG] [net.minecraftforge.network.LoginWrapper/FMLHANDSHAKE]: Recieved login wrapper packet event for channel fml:handshake with index 28
[20Dec2025 03:23:16.022] [Netty Epoll Server IO #2/DEBUG] [net.minecraftforge.network.HandshakeHandler/FMLHANDSHAKE]: Received client indexed reply 28 of type net.minecraftforge.network.HandshakeMessages$C2SAcknowledge
[20Dec2025 03:23:16.022] [Netty Epoll Server IO #2/DEBUG] [net.minecraftforge.network.HandshakeHandler/FMLHANDSHAKE]: Received acknowledgement from client
[20Dec2025 03:23:16.073] [Netty Epoll Server IO #2/DEBUG] [net.minecraftforge.network.LoginWrapper/FMLHANDSHAKE]: Recieved login wrapper packet event for channel fml:handshake with index 29
[20Dec2025 03:23:16.073] [Netty Epoll Server IO #2/DEBUG] [net.minecraftforge.network.HandshakeHandler/FMLHANDSHAKE]: Received client indexed reply 29 of type net.minecraftforge.network.HandshakeMessages$C2SAcknowledge
[20Dec2025 03:23:16.073] [Netty Epoll Server IO #2/DEBUG] [net.minecraftforge.network.HandshakeHandler/FMLHANDSHAKE]: Received acknowledgement from client
[20Dec2025 03:23:16.108] [Server thread/DEBUG] [net.minecraftforge.network.HandshakeHandler/FMLHANDSHAKE]: Handshake complete!
[20Dec2025 03:23:16.163] [ForkJoinPool.commonPool-worker-1/DEBUG] [SkinRestorer/]: Fetching TheAstoria1090's skin
[20Dec2025 03:23:16.449] [Server thread/INFO] [net.minecraft.server.players.PlayerList/]: TheAstoria1090[/127.197.22.13:36929] logged in with entity id 494 at (-100.02575496962142, 64.0, 40.750713837987114)
[20Dec2025 03:23:16.454] [Server thread/DEBUG] [net.minecraftforge.network.filters.NetworkFilters/]: Injected net.minecraftforge.network.filters.ForgeConnectionNetworkFilter@b90d833 into net.minecraft.network.Connection@82aea17
[20Dec2025 03:23:16.533] [Server thread/INFO] [net.minecraft.server.MinecraftServer/]: TheAstoria1090 joined the game
[20Dec2025 03:23:16.666] [Server thread/INFO] [Jade/]: Syncing config to TheAstoria1090 (a3b499f0-51af-3225-aacb-9c421195ca4d)
[20Dec2025 03:23:34.216] [Server thread/DEBUG] [io.netty.util.internal.ThreadLocalRandom/]: -Dio.netty.initialSeedUniquifier: 0xcb2c5b7f7222052f
[20Dec2025 03:23:35.262] [Server thread/INFO] [jeg/]: Registered the following Factions: [night_of_the_undead|1|minecraft:zombie,minecraft:zombie_villager,minecraft:husk|jeg:custom_smg,jeg:waterpipe_shotgun|jeg:revolver|jeg:double_barrel_shotgun, the_rattlers|2|minecraft:skeleton,minecraft:stray|jeg:custom_smg|jeg:semi_auto_rifle|jeg:bolt_action_rifle,jeg:semi_auto_rifle, nosy_business|3|minecraft:pillager,minecraft:vindicator|jeg:pump_shotgun|jeg:semi_auto_rifle,jeg:assault_rifle|jeg:repeating_shotgun,jeg:service_rifle, bad_piggies|2|minecraft:piglin,minecraft:piglin_brute|jeg:double_barrel_shotgun,jeg:waterpipe_shotgun|jeg:assault_rifle,jeg:semi_auto_rifle|jeg:hollenfire_mk2, hell_hogs|3|minecraft:zombified_piglin,minecraft:wither_skeleton|jeg:custom_smg,jeg:waterpipe_shotgun,jeg:double_barrel_shotgun|jeg:assault_rifle,jeg:semi_auto_rifle|jeg:soulhunter_mk2, lost_souls|3|jeg:ghoul|jeg:waterpipe_shotgun,jeg:revolver|jeg:custom_smg,jeg:assault_rifle,jeg:semi_auto_rifle|jeg:blossom_rifle,jeg:service_rifle,jeg:infantry_rifle]
[20Dec2025 03:23:56.185] [Netty Epoll Server IO #4/DEBUG] [net.minecraftforge.network.HandshakeHandler/FMLHANDSHAKE]: Starting new modded impl connection. Found 30 messages to dispatch.
[20Dec2025 03:23:56.367] [Server thread/DEBUG] [net.minecraftforge.network.HandshakeHandler/FMLHANDSHAKE]: Sending ticking packet info 'jeg:custom_gun_manager' to 'framework:handshake' sequence 0
[20Dec2025 03:23:56.415] [Server thread/DEBUG] [net.minecraftforge.network.HandshakeHandler/FMLHANDSHAKE]: Sending ticking packet info 'jeg:network_gun_manager' to 'framework:handshake' sequence 1
[20Dec2025 03:23:56.467] [Server thread/DEBUG] [net.minecraftforge.network.HandshakeHandler/FMLHANDSHAKE]: Sending ticking packet info 'net.minecraftforge.network.HandshakeMessages$S2CModData' to 'fml:handshake' sequence 2
[20Dec2025 03:23:56.517] [Server thread/DEBUG] [net.minecraftforge.network.HandshakeHandler/FMLHANDSHAKE]: Sending ticking packet info 'net.minecraftforge.network.HandshakeMessages$S2CModList' to 'fml:handshake' sequence 3
[20Dec2025 03:23:56.566] [Server thread/DEBUG] [net.minecraftforge.network.HandshakeHandler/FMLHANDSHAKE]: Sending ticking packet info 'Registry minecraft:command_argument_type' to 'fml:handshake' sequence 4
[20Dec2025 03:23:56.566] [Netty Epoll Server IO #4/DEBUG] [net.minecraftforge.network.LoginWrapper/FMLHANDSHAKE]: Recieved login wrapper packet event for channel framework:handshake with index 0
[20Dec2025 03:23:56.567] [Netty Epoll Server IO #4/DEBUG] [net.minecraftforge.network.HandshakeHandler/FMLHANDSHAKE]: Received client indexed reply 0 of type com.mrcrayfish.framework.api.network.message.HandshakeMessage$Acknowledge
[20Dec2025 03:23:56.567] [Netty Epoll Server IO #4/DEBUG] [Framework/FRAMEWORK_HANDSHAKE]: Received acknowledgement from client
[20Dec2025 03:23:56.615] [Server thread/DEBUG] [net.minecraftforge.network.HandshakeHandler/FMLHANDSHAKE]: Sending ticking packet info 'Registry minecraft:recipe_serializer' to 'fml:handshake' sequence 5
[20Dec2025 03:23:56.665] [Server thread/DEBUG] [net.minecraftforge.network.HandshakeHandler/FMLHANDSHAKE]: Sending ticking packet info 'Registry minecraft:sound_event' to 'fml:handshake' sequence 6
[20Dec2025 03:23:56.715] [Server thread/DEBUG] [net.minecraftforge.network.HandshakeHandler/FMLHANDSHAKE]: Sending ticking packet info 'Registry minecraft:particle_type' to 'fml:handshake' sequence 7
[20Dec2025 03:23:56.765] [Server thread/DEBUG] [net.minecraftforge.network.HandshakeHandler/FMLHANDSHAKE]: Sending ticking packet info 'Registry minecraft:villager_profession' to 'fml:handshake' sequence 8
[20Dec2025 03:23:56.815] [Server thread/DEBUG] [net.minecraftforge.network.HandshakeHandler/FMLHANDSHAKE]: Sending ticking packet info 'Registry minecraft:item' to 'fml:handshake' sequence 9
[20Dec2025 03:23:56.865] [Server thread/DEBUG] [net.minecraftforge.network.HandshakeHandler/FMLHANDSHAKE]: Sending ticking packet info 'Registry minecraft:potion' to 'fml:handshake' sequence 10
[20Dec2025 03:23:56.915] [Server thread/DEBUG] [net.minecraftforge.network.HandshakeHandler/FMLHANDSHAKE]: Sending ticking packet info 'Registry minecraft:painting_variant' to 'fml:handshake' sequence 11
[20Dec2025 03:23:56.966] [Server thread/DEBUG] [net.minecraftforge.network.HandshakeHandler/FMLHANDSHAKE]: Sending ticking packet info 'Registry forge:fluid_type' to 'fml:handshake' sequence 12
[20Dec2025 03:23:57.015] [Server thread/DEBUG] [net.minecraftforge.network.HandshakeHandler/FMLHANDSHAKE]: Sending ticking packet info 'Registry minecraft:block_entity_type' to 'fml:handshake' sequence 13
[20Dec2025 03:23:57.066] [Server thread/DEBUG] [net.minecraftforge.network.HandshakeHandler/FMLHANDSHAKE]: Sending ticking packet info 'Registry forge:display_contexts' to 'fml:handshake' sequence 14
[20Dec2025 03:23:57.115] [Server thread/DEBUG] [net.minecraftforge.network.HandshakeHandler/FMLHANDSHAKE]: Sending ticking packet info 'Registry minecraft:block' to 'fml:handshake' sequence 15
[20Dec2025 03:23:57.132] [Netty Epoll Server IO #4/DEBUG] [net.minecraftforge.network.LoginWrapper/FMLHANDSHAKE]: Recieved login wrapper packet event for channel framework:handshake with index 1
[20Dec2025 03:23:57.132] [Netty Epoll Server IO #4/DEBUG] [net.minecraftforge.network.HandshakeHandler/FMLHANDSHAKE]: Received client indexed reply 1 of type com.mrcrayfish.framework.api.network.message.HandshakeMessage$Acknowledge
[20Dec2025 03:23:57.132] [Netty Epoll Server IO #4/DEBUG] [Framework/FRAMEWORK_HANDSHAKE]: Received acknowledgement from client
[20Dec2025 03:23:57.154] [Netty Epoll Server IO #4/DEBUG] [net.minecraftforge.network.LoginWrapper/FMLHANDSHAKE]: Recieved login wrapper packet event for channel fml:handshake with index 3
[20Dec2025 03:23:57.154] [Netty Epoll Server IO #4/DEBUG] [net.minecraftforge.network.HandshakeHandler/FMLHANDSHAKE]: Received client indexed reply 3 of type net.minecraftforge.network.HandshakeMessages$C2SModListReply
[20Dec2025 03:23:57.154] [Netty Epoll Server IO #4/DEBUG] [net.minecraftforge.network.HandshakeHandler/FMLHANDSHAKE]: Received client connection with modlist [man_of_many_planes, kuma_api, trashslot, netherexp, protectmobsfromdaylight, geckolib, elysium_api, goblintraders, immersive_aircraft, bettercaves, underground_bunkers, waystones, modernfix, citadel, travelersbackpack, zombieawareness, yungsapi, mixinextras, dungeoncrawl, iceandfire, balm, puzzlesaccessapi, cloth_config, forge, embeddium, rubidium, minecraft, emi, jei, jeg, mteg, block_factorys_bosses, jade, ribbits, curios, easy_emerald, gravestone, gobber2, coroutil, warfare_wings, ferritecore, aiimprovements, embeddium_extra, puzzleslib, framework, horde_hoard, enchantinginfuser, skinrestorer]
[20Dec2025 03:23:57.154] [Netty Epoll Server IO #4/DEBUG] [net.minecraftforge.network.NetworkRegistry/NETREGISTRY]: Channel 'skinshuffle:skin_refresh' : Version test of '' from client : ACCEPTED
[20Dec2025 03:23:57.154] [Netty Epoll Server IO #4/DEBUG] [net.minecraftforge.network.NetworkRegistry/NETREGISTRY]: Channel 'block_factorys_bosses:block_factorys_bosses' : Version test of '1' from client : ACCEPTED
[20Dec2025 03:23:57.154] [Netty Epoll Server IO #4/DEBUG] [net.minecraftforge.network.NetworkRegistry/NETREGISTRY]: Channel 'jei:channel' : Version test of '1.0.0' from client : ACCEPTED
[20Dec2025 03:23:57.154] [Netty Epoll Server IO #4/DEBUG] [net.minecraftforge.network.NetworkRegistry/NETREGISTRY]: Channel 'minecraft:unregister' : Version test of 'FML3' from client : ACCEPTED
[20Dec2025 03:23:57.155] [Netty Epoll Server IO #4/DEBUG] [net.minecraftforge.network.NetworkRegistry/NETREGISTRY]: Channel 'ic_air:main' : Version test of '1' from client : ACCEPTED
[20Dec2025 03:23:57.155] [Netty Epoll Server IO #4/DEBUG] [net.minecraftforge.network.NetworkRegistry/NETREGISTRY]: Channel 'citadel:main_channel' : Version test of '1' from client : ACCEPTED
[20Dec2025 03:23:57.155] [Netty Epoll Server IO #4/DEBUG] [net.minecraftforge.network.NetworkRegistry/NETREGISTRY]: Channel 'puzzleslib:1' : Version test of '1' from client : ACCEPTED
[20Dec2025 03:23:57.155] [Netty Epoll Server IO #4/DEBUG] [net.minecraftforge.network.NetworkRegistry/NETREGISTRY]: Channel 'jeg:play' : Version test of '1' from client : ACCEPTED
[20Dec2025 03:23:57.155] [Netty Epoll Server IO #4/DEBUG] [net.minecraftforge.network.NetworkRegistry/NETREGISTRY]: Channel 'iceandfire:main_channel' : Version test of '1' from client : ACCEPTED
[20Dec2025 03:23:57.155] [Netty Epoll Server IO #4/DEBUG] [net.minecraftforge.network.NetworkRegistry/NETREGISTRY]: Channel 'emi:emi' : Version test of '0' from client : ACCEPTED
[20Dec2025 03:23:57.155] [Netty Epoll Server IO #4/DEBUG] [net.minecraftforge.network.NetworkRegistry/NETREGISTRY]: Channel 'framework:play' : Version test of '1' from client : ACCEPTED
[20Dec2025 03:23:57.155] [Netty Epoll Server IO #4/DEBUG] [net.minecraftforge.network.NetworkRegistry/NETREGISTRY]: Channel 'travelersbackpack:network' : Version test of 'travelersbackpack:1' from client : ACCEPTED
[20Dec2025 03:23:57.155] [Netty Epoll Server IO #4/DEBUG] [net.minecraftforge.network.NetworkRegistry/NETREGISTRY]: Channel 'curios:main' : Version test of '1' from client : ACCEPTED
[20Dec2025 03:23:57.155] [Netty Epoll Server IO #4/DEBUG] [net.minecraftforge.network.NetworkRegistry/NETREGISTRY]: Channel 'balm:network' : Version test of '1.0' from client : ACCEPTED
[20Dec2025 03:23:57.155] [Netty Epoll Server IO #4/DEBUG] [net.minecraftforge.network.NetworkRegistry/NETREGISTRY]: Channel 'skinshuffle:handshake' : Version test of '' from client : ACCEPTED
[20Dec2025 03:23:57.155] [Netty Epoll Server IO #4/DEBUG] [net.minecraftforge.network.NetworkRegistry/NETREGISTRY]: Channel 'framework:handshake' : Version test of '1' from client : ACCEPTED
[20Dec2025 03:23:57.155] [Netty Epoll Server IO #4/DEBUG] [net.minecraftforge.network.NetworkRegistry/NETREGISTRY]: Channel 'fml:loginwrapper' : Version test of 'FML3' from client : ACCEPTED
[20Dec2025 03:23:57.155] [Netty Epoll Server IO #4/DEBUG] [net.minecraftforge.network.NetworkRegistry/NETREGISTRY]: Channel 'enchantinginfuser:1' : Version test of '1' from client : ACCEPTED
[20Dec2025 03:23:57.155] [Netty Epoll Server IO #4/DEBUG] [net.minecraftforge.network.NetworkRegistry/NETREGISTRY]: Channel 'mteg:play' : Version test of '1' from client : ACCEPTED
[20Dec2025 03:23:57.155] [Netty Epoll Server IO #4/DEBUG] [net.minecraftforge.network.NetworkRegistry/NETREGISTRY]: Channel 'ribbits:messages' : Version test of '1.0' from client : ACCEPTED
[20Dec2025 03:23:57.155] [Netty Epoll Server IO #4/DEBUG] [net.minecraftforge.network.NetworkRegistry/NETREGISTRY]: Channel 'forge:tier_sorting' : Version test of '1.0' from client : ACCEPTED
[20Dec2025 03:23:57.155] [Netty Epoll Server IO #4/DEBUG] [net.minecraftforge.network.NetworkRegistry/NETREGISTRY]: Channel 'trashslot:network' : Version test of '1.0' from client : ACCEPTED
[20Dec2025 03:23:57.155] [Netty Epoll Server IO #4/DEBUG] [net.minecraftforge.network.NetworkRegistry/NETREGISTRY]: Channel 'fml:play' : Version test of 'FML3' from client : ACCEPTED
[20Dec2025 03:23:57.155] [Netty Epoll Server IO #4/DEBUG] [net.minecraftforge.network.NetworkRegistry/NETREGISTRY]: Channel 'gravestone:default' : Version test of '1.0.0' from client : ACCEPTED
[20Dec2025 03:23:57.155] [Netty Epoll Server IO #4/DEBUG] [net.minecraftforge.network.NetworkRegistry/NETREGISTRY]: Channel 'fml:handshake' : Version test of 'FML3' from client : ACCEPTED
[20Dec2025 03:23:57.155] [Netty Epoll Server IO #4/DEBUG] [net.minecraftforge.network.NetworkRegistry/NETREGISTRY]: Channel 'horde_hoard:horde_hoard' : Version test of '1' from client : ACCEPTED
[20Dec2025 03:23:57.155] [Netty Epoll Server IO #4/DEBUG] [net.minecraftforge.network.NetworkRegistry/NETREGISTRY]: Channel 'minecraft:register' : Version test of 'FML3' from client : ACCEPTED
[20Dec2025 03:23:57.155] [Netty Epoll Server IO #4/DEBUG] [net.minecraftforge.network.NetworkRegistry/NETREGISTRY]: Channel 'forge:split' : Version test of '1.1' from client : ACCEPTED
[20Dec2025 03:23:57.155] [Netty Epoll Server IO #4/DEBUG] [net.minecraftforge.network.NetworkRegistry/NETREGISTRY]: Channel 'geckolib:main' : Version test of '1' from client : ACCEPTED
[20Dec2025 03:23:57.155] [Netty Epoll Server IO #4/DEBUG] [net.minecraftforge.network.NetworkRegistry/NETREGISTRY]: Channel 'jade:networking' : Version test of '2' from client : ACCEPTED
[20Dec2025 03:23:57.155] [Netty Epoll Server IO #4/DEBUG] [net.minecraftforge.network.NetworkRegistry/NETREGISTRY]: Channel 'waystones:network' : Version test of '1.0' from client : ACCEPTED
[20Dec2025 03:23:57.155] [Netty Epoll Server IO #4/DEBUG] [net.minecraftforge.network.NetworkRegistry/NETREGISTRY]: Channel 'skinshuffle:refresh' : Version test of '' from client : ACCEPTED
[20Dec2025 03:23:57.155] [Netty Epoll Server IO #4/DEBUG] [net.minecraftforge.network.NetworkRegistry/NETREGISTRY]: Accepting channel list from client
[20Dec2025 03:23:57.155] [Netty Epoll Server IO #4/DEBUG] [net.minecraftforge.network.HandshakeHandler/FMLHANDSHAKE]: Accepted client connection mod list
[20Dec2025 03:23:57.156] [Netty Epoll Server IO #4/DEBUG] [net.minecraftforge.network.LoginWrapper/FMLHANDSHAKE]: Recieved login wrapper packet event for channel fml:handshake with index 4
[20Dec2025 03:23:57.156] [Netty Epoll Server IO #4/DEBUG] [net.minecraftforge.network.HandshakeHandler/FMLHANDSHAKE]: Received client indexed reply 4 of type net.minecraftforge.network.HandshakeMessages$C2SAcknowledge
[20Dec2025 03:23:57.156] [Netty Epoll Server IO #4/DEBUG] [net.minecraftforge.network.HandshakeHandler/FMLHANDSHAKE]: Received acknowledgement from client
[20Dec2025 03:23:57.156] [Netty Epoll Server IO #4/DEBUG] [net.minecraftforge.network.LoginWrapper/FMLHANDSHAKE]: Recieved login wrapper packet event for channel fml:handshake with index 5
[20Dec2025 03:23:57.156] [Netty Epoll Server IO #4/DEBUG] [net.minecraftforge.network.HandshakeHandler/FMLHANDSHAKE]: Received client indexed reply 5 of type net.minecraftforge.network.HandshakeMessages$C2SAcknowledge
[20Dec2025 03:23:57.156] [Netty Epoll Server IO #4/DEBUG] [net.minecraftforge.network.HandshakeHandler/FMLHANDSHAKE]: Received acknowledgement from client
[20Dec2025 03:23:57.156] [Netty Epoll Server IO #4/DEBUG] [net.minecraftforge.network.LoginWrapper/FMLHANDSHAKE]: Recieved login wrapper packet event for channel fml:handshake with index 6
[20Dec2025 03:23:57.156] [Netty Epoll Server IO #4/DEBUG] [net.minecraftforge.network.HandshakeHandler/FMLHANDSHAKE]: Received client indexed reply 6 of type net.minecraftforge.network.HandshakeMessages$C2SAcknowledge
[20Dec2025 03:23:57.156] [Netty Epoll Server IO #4/DEBUG] [net.minecraftforge.network.HandshakeHandler/FMLHANDSHAKE]: Received acknowledgement from client
[20Dec2025 03:23:57.156] [Netty Epoll Server IO #4/DEBUG] [net.minecraftforge.network.LoginWrapper/FMLHANDSHAKE]: Recieved login wrapper packet event for channel fml:handshake with index 7
[20Dec2025 03:23:57.156] [Netty Epoll Server IO #4/DEBUG] [net.minecraftforge.network.HandshakeHandler/FMLHANDSHAKE]: Received client indexed reply 7 of type net.minecraftforge.network.HandshakeMessages$C2SAcknowledge
[20Dec2025 03:23:57.156] [Netty Epoll Server IO #4/DEBUG] [net.minecraftforge.network.HandshakeHandler/FMLHANDSHAKE]: Received acknowledgement from client
[20Dec2025 03:23:57.156] [Netty Epoll Server IO #4/DEBUG] [net.minecraftforge.network.LoginWrapper/FMLHANDSHAKE]: Recieved login wrapper packet event for channel fml:handshake with index 8
[20Dec2025 03:23:57.156] [Netty Epoll Server IO #4/DEBUG] [net.minecraftforge.network.HandshakeHandler/FMLHANDSHAKE]: Received client indexed reply 8 of type net.minecraftforge.network.HandshakeMessages$C2SAcknowledge
[20Dec2025 03:23:57.156] [Netty Epoll Server IO #4/DEBUG] [net.minecraftforge.network.HandshakeHandler/FMLHANDSHAKE]: Received acknowledgement from client
[20Dec2025 03:23:57.165] [Server thread/DEBUG] [net.minecraftforge.network.HandshakeHandler/FMLHANDSHAKE]: Sending ticking packet info 'Registry forge:entity_data_serializers' to 'fml:handshake' sequence 16
[20Dec2025 03:23:57.216] [Server thread/DEBUG] [net.minecraftforge.network.HandshakeHandler/FMLHANDSHAKE]: Sending ticking packet info 'Registry minecraft:mob_effect' to 'fml:handshake' sequence 17
[20Dec2025 03:23:57.265] [Server thread/DEBUG] [net.minecraftforge.network.HandshakeHandler/FMLHANDSHAKE]: Sending ticking packet info 'Registry minecraft:stat_type' to 'fml:handshake' sequence 18
[20Dec2025 03:23:57.317] [Server thread/DEBUG] [net.minecraftforge.network.HandshakeHandler/FMLHANDSHAKE]: Sending ticking packet info 'Registry minecraft:menu' to 'fml:handshake' sequence 19
[20Dec2025 03:23:57.318] [Netty Epoll Server IO #4/DEBUG] [net.minecraftforge.network.LoginWrapper/FMLHANDSHAKE]: Recieved login wrapper packet event for channel fml:handshake with index 9
[20Dec2025 03:23:57.318] [Netty Epoll Server IO #4/DEBUG] [net.minecraftforge.network.HandshakeHandler/FMLHANDSHAKE]: Received client indexed reply 9 of type net.minecraftforge.network.HandshakeMessages$C2SAcknowledge
[20Dec2025 03:23:57.318] [Netty Epoll Server IO #4/DEBUG] [net.minecraftforge.network.HandshakeHandler/FMLHANDSHAKE]: Received acknowledgement from client
[20Dec2025 03:23:57.318] [Netty Epoll Server IO #4/DEBUG] [net.minecraftforge.network.LoginWrapper/FMLHANDSHAKE]: Recieved login wrapper packet event for channel fml:handshake with index 10
[20Dec2025 03:23:57.318] [Netty Epoll Server IO #4/DEBUG] [net.minecraftforge.network.HandshakeHandler/FMLHANDSHAKE]: Received client indexed reply 10 of type net.minecraftforge.network.HandshakeMessages$C2SAcknowledge
[20Dec2025 03:23:57.318] [Netty Epoll Server IO #4/DEBUG] [net.minecraftforge.network.HandshakeHandler/FMLHANDSHAKE]: Received acknowledgement from client
[20Dec2025 03:23:57.318] [Netty Epoll Server IO #4/DEBUG] [net.minecraftforge.network.LoginWrapper/FMLHANDSHAKE]: Recieved login wrapper packet event for channel fml:handshake with index 11
[20Dec2025 03:23:57.318] [Netty Epoll Server IO #4/DEBUG] [net.minecraftforge.network.HandshakeHandler/FMLHANDSHAKE]: Received client indexed reply 11 of type net.minecraftforge.network.HandshakeMessages$C2SAcknowledge
[20Dec2025 03:23:57.318] [Netty Epoll Server IO #4/DEBUG] [net.minecraftforge.network.HandshakeHandler/FMLHANDSHAKE]: Received acknowledgement from client
[20Dec2025 03:23:57.326] [Netty Epoll Server IO #4/DEBUG] [net.minecraftforge.network.LoginWrapper/FMLHANDSHAKE]: Recieved login wrapper packet event for channel fml:handshake with index 12
[20Dec2025 03:23:57.326] [Netty Epoll Server IO #4/DEBUG] [net.minecraftforge.network.HandshakeHandler/FMLHANDSHAKE]: Received client indexed reply 12 of type net.minecraftforge.network.HandshakeMessages$C2SAcknowledge
[20Dec2025 03:23:57.326] [Netty Epoll Server IO #4/DEBUG] [net.minecraftforge.network.HandshakeHandler/FMLHANDSHAKE]: Received acknowledgement from client
[20Dec2025 03:23:57.327] [Netty Epoll Server IO #4/DEBUG] [net.minecraftforge.network.LoginWrapper/FMLHANDSHAKE]: Recieved login wrapper packet event for channel fml:handshake with index 13
[20Dec2025 03:23:57.327] [Netty Epoll Server IO #4/DEBUG] [net.minecraftforge.network.HandshakeHandler/FMLHANDSHAKE]: Received client indexed reply 13 of type net.minecraftforge.network.HandshakeMessages$C2SAcknowledge
[20Dec2025 03:23:57.327] [Netty Epoll Server IO #4/DEBUG] [net.minecraftforge.network.HandshakeHandler/FMLHANDSHAKE]: Received acknowledgement from client
[20Dec2025 03:23:57.327] [Netty Epoll Server IO #4/DEBUG] [net.minecraftforge.network.LoginWrapper/FMLHANDSHAKE]: Recieved login wrapper packet event for channel fml:handshake with index 14
[20Dec2025 03:23:57.327] [Netty Epoll Server IO #4/DEBUG] [net.minecraftforge.network.HandshakeHandler/FMLHANDSHAKE]: Received client indexed reply 14 of type net.minecraftforge.network.HandshakeMessages$C2SAcknowledge
[20Dec2025 03:23:57.327] [Netty Epoll Server IO #4/DEBUG] [net.minecraftforge.network.HandshakeHandler/FMLHANDSHAKE]: Received acknowledgement from client
[20Dec2025 03:23:57.327] [Netty Epoll Server IO #4/DEBUG] [net.minecraftforge.network.LoginWrapper/FMLHANDSHAKE]: Recieved login wrapper packet event for channel fml:handshake with index 15
[20Dec2025 03:23:57.327] [Netty Epoll Server IO #4/DEBUG] [net.minecraftforge.network.HandshakeHandler/FMLHANDSHAKE]: Received client indexed reply 15 of type net.minecraftforge.network.HandshakeMessages$C2SAcknowledge
[20Dec2025 03:23:57.327] [Netty Epoll Server IO #4/DEBUG] [net.minecraftforge.network.HandshakeHandler/FMLHANDSHAKE]: Received acknowledgement from client
[20Dec2025 03:23:57.357] [Netty Epoll Server IO #4/DEBUG] [net.minecraftforge.network.LoginWrapper/FMLHANDSHAKE]: Recieved login wrapper packet event for channel fml:handshake with index 16
[20Dec2025 03:23:57.357] [Netty Epoll Server IO #4/DEBUG] [net.minecraftforge.network.HandshakeHandler/FMLHANDSHAKE]: Received client indexed reply 16 of type net.minecraftforge.network.HandshakeMessages$C2SAcknowledge
[20Dec2025 03:23:57.357] [Netty Epoll Server IO #4/DEBUG] [net.minecraftforge.network.HandshakeHandler/FMLHANDSHAKE]: Received acknowledgement from client
[20Dec2025 03:23:57.369] [Server thread/DEBUG] [net.minecraftforge.network.HandshakeHandler/FMLHANDSHAKE]: Sending ticking packet info 'Registry minecraft:enchantment' to 'fml:handshake' sequence 20
[20Dec2025 03:23:57.392] [Netty Epoll Server IO #4/DEBUG] [net.minecraftforge.network.LoginWrapper/FMLHANDSHAKE]: Recieved login wrapper packet event for channel fml:handshake with index 17
[20Dec2025 03:23:57.392] [Netty Epoll Server IO #4/DEBUG] [net.minecraftforge.network.HandshakeHandler/FMLHANDSHAKE]: Received client indexed reply 17 of type net.minecraftforge.network.HandshakeMessages$C2SAcknowledge
[20Dec2025 03:23:57.392] [Netty Epoll Server IO #4/DEBUG] [net.minecraftforge.network.HandshakeHandler/FMLHANDSHAKE]: Received acknowledgement from client
[20Dec2025 03:23:57.416] [Server thread/DEBUG] [net.minecraftforge.network.HandshakeHandler/FMLHANDSHAKE]: Sending ticking packet info 'Registry minecraft:fluid' to 'fml:handshake' sequence 21
[20Dec2025 03:23:57.461] [Netty Epoll Server IO #4/DEBUG] [net.minecraftforge.network.LoginWrapper/FMLHANDSHAKE]: Recieved login wrapper packet event for channel fml:handshake with index 18
[20Dec2025 03:23:57.461] [Netty Epoll Server IO #4/DEBUG] [net.minecraftforge.network.HandshakeHandler/FMLHANDSHAKE]: Received client indexed reply 18 of type net.minecraftforge.network.HandshakeMessages$C2SAcknowledge
[20Dec2025 03:23:57.461] [Netty Epoll Server IO #4/DEBUG] [net.minecraftforge.network.HandshakeHandler/FMLHANDSHAKE]: Received acknowledgement from client
[20Dec2025 03:23:57.467] [Server thread/DEBUG] [net.minecraftforge.network.HandshakeHandler/FMLHANDSHAKE]: Sending ticking packet info 'Registry minecraft:entity_type' to 'fml:handshake' sequence 22
[20Dec2025 03:23:57.498] [Netty Epoll Server IO #4/DEBUG] [net.minecraftforge.network.LoginWrapper/FMLHANDSHAKE]: Recieved login wrapper packet event for channel fml:handshake with index 19
[20Dec2025 03:23:57.498] [Netty Epoll Server IO #4/DEBUG] [net.minecraftforge.network.HandshakeHandler/FMLHANDSHAKE]: Received client indexed reply 19 of type net.minecraftforge.network.HandshakeMessages$C2SAcknowledge
[20Dec2025 03:23:57.498] [Netty Epoll Server IO #4/DEBUG] [net.minecraftforge.network.HandshakeHandler/FMLHANDSHAKE]: Received acknowledgement from client
[20Dec2025 03:23:57.516] [Server thread/DEBUG] [net.minecraftforge.network.HandshakeHandler/FMLHANDSHAKE]: Sending ticking packet info 'Config curios-server.toml' to 'fml:handshake' sequence 23
[20Dec2025 03:23:57.550] [Netty Epoll Server IO #4/DEBUG] [net.minecraftforge.network.LoginWrapper/FMLHANDSHAKE]: Recieved login wrapper packet event for channel fml:handshake with index 20
[20Dec2025 03:23:57.550] [Netty Epoll Server IO #4/DEBUG] [net.minecraftforge.network.HandshakeHandler/FMLHANDSHAKE]: Received client indexed reply 20 of type net.minecraftforge.network.HandshakeMessages$C2SAcknowledge
[20Dec2025 03:23:57.550] [Netty Epoll Server IO #4/DEBUG] [net.minecraftforge.network.HandshakeHandler/FMLHANDSHAKE]: Received acknowledgement from client
[20Dec2025 03:23:57.566] [Server thread/DEBUG] [net.minecraftforge.network.HandshakeHandler/FMLHANDSHAKE]: Sending ticking packet info 'Config jeg-server.toml' to 'fml:handshake' sequence 24
[20Dec2025 03:23:57.604] [Netty Epoll Server IO #4/DEBUG] [net.minecraftforge.network.LoginWrapper/FMLHANDSHAKE]: Recieved login wrapper packet event for channel fml:handshake with index 21
[20Dec2025 03:23:57.604] [Netty Epoll Server IO #4/DEBUG] [net.minecraftforge.network.HandshakeHandler/FMLHANDSHAKE]: Received client indexed reply 21 of type net.minecraftforge.network.HandshakeMessages$C2SAcknowledge
[20Dec2025 03:23:57.604] [Netty Epoll Server IO #4/DEBUG] [net.minecraftforge.network.HandshakeHandler/FMLHANDSHAKE]: Received acknowledgement from client
[20Dec2025 03:23:57.616] [Server thread/DEBUG] [net.minecraftforge.network.HandshakeHandler/FMLHANDSHAKE]: Sending ticking packet info 'Config gravestone-server.toml' to 'fml:handshake' sequence 25
[20Dec2025 03:23:57.665] [Server thread/DEBUG] [net.minecraftforge.network.HandshakeHandler/FMLHANDSHAKE]: Sending ticking packet info 'Config travelersbackpack-server.toml' to 'fml:handshake' sequence 26
[20Dec2025 03:23:57.719] [Server thread/DEBUG] [net.minecraftforge.network.HandshakeHandler/FMLHANDSHAKE]: Sending ticking packet info 'Config enchantinginfuser-server.toml' to 'fml:handshake' sequence 27
[20Dec2025 03:23:57.722] [Netty Epoll Server IO #4/DEBUG] [net.minecraftforge.network.LoginWrapper/FMLHANDSHAKE]: Recieved login wrapper packet event for channel fml:handshake with index 22
[20Dec2025 03:23:57.722] [Netty Epoll Server IO #4/DEBUG] [net.minecraftforge.network.HandshakeHandler/FMLHANDSHAKE]: Received client indexed reply 22 of type net.minecraftforge.network.HandshakeMessages$C2SAcknowledge
[20Dec2025 03:23:57.722] [Netty Epoll Server IO #4/DEBUG] [net.minecraftforge.network.HandshakeHandler/FMLHANDSHAKE]: Received acknowledgement from client
[20Dec2025 03:23:57.722] [Netty Epoll Server IO #4/DEBUG] [net.minecraftforge.network.LoginWrapper/FMLHANDSHAKE]: Recieved login wrapper packet event for channel fml:handshake with index 23
[20Dec2025 03:23:57.722] [Netty Epoll Server IO #4/DEBUG] [net.minecraftforge.network.HandshakeHandler/FMLHANDSHAKE]: Received client indexed reply 23 of type net.minecraftforge.network.HandshakeMessages$C2SAcknowledge
[20Dec2025 03:23:57.722] [Netty Epoll Server IO #4/DEBUG] [net.minecraftforge.network.HandshakeHandler/FMLHANDSHAKE]: Received acknowledgement from client
[20Dec2025 03:23:57.752] [Netty Epoll Server IO #4/DEBUG] [net.minecraftforge.network.LoginWrapper/FMLHANDSHAKE]: Recieved login wrapper packet event for channel fml:handshake with index 24
[20Dec2025 03:23:57.752] [Netty Epoll Server IO #4/DEBUG] [net.minecraftforge.network.HandshakeHandler/FMLHANDSHAKE]: Received client indexed reply 24 of type net.minecraftforge.network.HandshakeMessages$C2SAcknowledge
[20Dec2025 03:23:57.752] [Netty Epoll Server IO #4/DEBUG] [net.minecraftforge.network.HandshakeHandler/FMLHANDSHAKE]: Received acknowledgement from client
[20Dec2025 03:23:57.767] [Server thread/DEBUG] [net.minecraftforge.network.HandshakeHandler/FMLHANDSHAKE]: Sending ticking packet info 'Config jei-server.toml' to 'fml:handshake' sequence 28
[20Dec2025 03:23:57.804] [Netty Epoll Server IO #4/DEBUG] [net.minecraftforge.network.LoginWrapper/FMLHANDSHAKE]: Recieved login wrapper packet event for channel fml:handshake with index 25
[20Dec2025 03:23:57.804] [Netty Epoll Server IO #4/DEBUG] [net.minecraftforge.network.HandshakeHandler/FMLHANDSHAKE]: Received client indexed reply 25 of type net.minecraftforge.network.HandshakeMessages$C2SAcknowledge
[20Dec2025 03:23:57.804] [Netty Epoll Server IO #4/DEBUG] [net.minecraftforge.network.HandshakeHandler/FMLHANDSHAKE]: Received acknowledgement from client
[20Dec2025 03:23:57.816] [Server thread/DEBUG] [net.minecraftforge.network.HandshakeHandler/FMLHANDSHAKE]: Sending ticking packet info 'Config forge-server.toml' to 'fml:handshake' sequence 29
[20Dec2025 03:23:57.854] [Netty Epoll Server IO #4/DEBUG] [net.minecraftforge.network.LoginWrapper/FMLHANDSHAKE]: Recieved login wrapper packet event for channel fml:handshake with index 26
[20Dec2025 03:23:57.854] [Netty Epoll Server IO #4/DEBUG] [net.minecraftforge.network.HandshakeHandler/FMLHANDSHAKE]: Received client indexed reply 26 of type net.minecraftforge.network.HandshakeMessages$C2SAcknowledge
[20Dec2025 03:23:57.854] [Netty Epoll Server IO #4/DEBUG] [net.minecraftforge.network.HandshakeHandler/FMLHANDSHAKE]: Received acknowledgement from client
[20Dec2025 03:23:57.905] [Netty Epoll Server IO #4/DEBUG] [net.minecraftforge.network.LoginWrapper/FMLHANDSHAKE]: Recieved login wrapper packet event for channel fml:handshake with index 27
[20Dec2025 03:23:57.905] [Netty Epoll Server IO #4/DEBUG] [net.minecraftforge.network.HandshakeHandler/FMLHANDSHAKE]: Received client indexed reply 27 of type net.minecraftforge.network.HandshakeMessages$C2SAcknowledge
[20Dec2025 03:23:57.905] [Netty Epoll Server IO #4/DEBUG] [net.minecraftforge.network.HandshakeHandler/FMLHANDSHAKE]: Received acknowledgement from client
[20Dec2025 03:23:57.949] [Netty Epoll Server IO #4/DEBUG] [net.minecraftforge.network.LoginWrapper/FMLHANDSHAKE]: Recieved login wrapper packet event for channel fml:handshake with index 28
[20Dec2025 03:23:57.949] [Netty Epoll Server IO #4/DEBUG] [net.minecraftforge.network.HandshakeHandler/FMLHANDSHAKE]: Received client indexed reply 28 of type net.minecraftforge.network.HandshakeMessages$C2SAcknowledge
[20Dec2025 03:23:57.949] [Netty Epoll Server IO #4/DEBUG] [net.minecraftforge.network.HandshakeHandler/FMLHANDSHAKE]: Received acknowledgement from client
[20Dec2025 03:23:58.007] [Netty Epoll Server IO #4/DEBUG] [net.minecraftforge.network.LoginWrapper/FMLHANDSHAKE]: Recieved login wrapper packet event for channel fml:handshake with index 29
[20Dec2025 03:23:58.007] [Netty Epoll Server IO #4/DEBUG] [net.minecraftforge.network.HandshakeHandler/FMLHANDSHAKE]: Received client indexed reply 29 of type net.minecraftforge.network.HandshakeMessages$C2SAcknowledge
[20Dec2025 03:23:58.007] [Netty Epoll Server IO #4/DEBUG] [net.minecraftforge.network.HandshakeHandler/FMLHANDSHAKE]: Received acknowledgement from client
[20Dec2025 03:23:58.015] [Server thread/DEBUG] [net.minecraftforge.network.HandshakeHandler/FMLHANDSHAKE]: Handshake complete!
[20Dec2025 03:23:58.066] [ForkJoinPool.commonPool-worker-1/DEBUG] [SkinRestorer/]: Fetching AcidD_x's skin
[20Dec2025 03:23:58.339] [Server thread/INFO] [net.minecraft.server.players.PlayerList/]: AcidD_x[/127.16.75.52:57035] logged in with entity id 532 at (-102.30244410416772, 65.0, 33.53825637324381)
[20Dec2025 03:23:58.339] [Server thread/DEBUG] [net.minecraftforge.network.filters.NetworkFilters/]: Injected net.minecraftforge.network.filters.ForgeConnectionNetworkFilter@798da846 into net.minecraft.network.Connection@565a59c9
[20Dec2025 03:23:58.367] [Server thread/INFO] [net.minecraft.server.MinecraftServer/]: AcidD_x joined the game
[20Dec2025 03:23:58.417] [Server thread/INFO] [Jade/]: Syncing config to AcidD_x (80f01903-9eb0-30c0-b3a6-324268cf1de1)
[20Dec2025 03:24:03.730] [Server thread/INFO] [net.minecraft.server.MinecraftServer/]: [TheAstoria1090: Gave 64 [Shotgun Shell] to TheAstoria1090]
[20Dec2025 03:24:19.997] [Server thread/DEBUG] [mixin/]: Mixing entity.PiglinAiMixin from mixins.elysium_api.json into net.minecraft.world.entity.monster.piglin.PiglinAi
[20Dec2025 03:24:19.998] [Server thread/DEBUG] [mixin/]: Mixing MixinPiglinAi from curios.mixins.json into net.minecraft.world.entity.monster.piglin.PiglinAi
[20Dec2025 03:24:46.888] [Netty Epoll Server IO #0/DEBUG] [net.minecraftforge.network.HandshakeHandler/FMLHANDSHAKE]: Starting new modded impl connection. Found 30 messages to dispatch.
[20Dec2025 03:24:46.967] [Server thread/DEBUG] [net.minecraftforge.network.HandshakeHandler/FMLHANDSHAKE]: Sending ticking packet info 'jeg:custom_gun_manager' to 'framework:handshake' sequence 0
[20Dec2025 03:24:47.016] [Server thread/DEBUG] [net.minecraftforge.network.HandshakeHandler/FMLHANDSHAKE]: Sending ticking packet info 'jeg:network_gun_manager' to 'framework:handshake' sequence 1
[20Dec2025 03:24:47.045] [Netty Epoll Server IO #0/DEBUG] [net.minecraftforge.network.LoginWrapper/FMLHANDSHAKE]: Recieved login wrapper packet event for channel framework:handshake with index 0
[20Dec2025 03:24:47.045] [Netty Epoll Server IO #0/DEBUG] [net.minecraftforge.network.HandshakeHandler/FMLHANDSHAKE]: Received client indexed reply 0 of type com.mrcrayfish.framework.api.network.message.HandshakeMessage$Acknowledge
[20Dec2025 03:24:47.045] [Netty Epoll Server IO #0/DEBUG] [Framework/FRAMEWORK_HANDSHAKE]: Received acknowledgement from client
[20Dec2025 03:24:47.065] [Server thread/DEBUG] [net.minecraftforge.network.HandshakeHandler/FMLHANDSHAKE]: Sending ticking packet info 'net.minecraftforge.network.HandshakeMessages$S2CModData' to 'fml:handshake' sequence 2
[20Dec2025 03:24:47.117] [Server thread/DEBUG] [net.minecraftforge.network.HandshakeHandler/FMLHANDSHAKE]: Sending ticking packet info 'net.minecraftforge.network.HandshakeMessages$S2CModList' to 'fml:handshake' sequence 3
[20Dec2025 03:24:47.164] [Server thread/DEBUG] [net.minecraftforge.network.HandshakeHandler/FMLHANDSHAKE]: Sending ticking packet info 'Registry minecraft:command_argument_type' to 'fml:handshake' sequence 4
[20Dec2025 03:24:47.214] [Server thread/DEBUG] [net.minecraftforge.network.HandshakeHandler/FMLHANDSHAKE]: Sending ticking packet info 'Registry minecraft:recipe_serializer' to 'fml:handshake' sequence 5
[20Dec2025 03:24:47.265] [Server thread/DEBUG] [net.minecraftforge.network.HandshakeHandler/FMLHANDSHAKE]: Sending ticking packet info 'Registry minecraft:sound_event' to 'fml:handshake' sequence 6
[20Dec2025 03:24:47.303] [Netty Epoll Server IO #0/DEBUG] [net.minecraftforge.network.LoginWrapper/FMLHANDSHAKE]: Recieved login wrapper packet event for channel framework:handshake with index 1
[20Dec2025 03:24:47.304] [Netty Epoll Server IO #0/DEBUG] [net.minecraftforge.network.HandshakeHandler/FMLHANDSHAKE]: Received client indexed reply 1 of type com.mrcrayfish.framework.api.network.message.HandshakeMessage$Acknowledge
[20Dec2025 03:24:47.304] [Netty Epoll Server IO #0/DEBUG] [Framework/FRAMEWORK_HANDSHAKE]: Received acknowledgement from client
[20Dec2025 03:24:47.319] [Server thread/DEBUG] [net.minecraftforge.network.HandshakeHandler/FMLHANDSHAKE]: Sending ticking packet info 'Registry minecraft:particle_type' to 'fml:handshake' sequence 7
[20Dec2025 03:24:47.320] [Netty Epoll Server IO #0/DEBUG] [net.minecraftforge.network.LoginWrapper/FMLHANDSHAKE]: Recieved login wrapper packet event for channel fml:handshake with index 3
[20Dec2025 03:24:47.320] [Netty Epoll Server IO #0/DEBUG] [net.minecraftforge.network.HandshakeHandler/FMLHANDSHAKE]: Received client indexed reply 3 of type net.minecraftforge.network.HandshakeMessages$C2SModListReply
[20Dec2025 03:24:47.320] [Netty Epoll Server IO #0/DEBUG] [net.minecraftforge.network.HandshakeHandler/FMLHANDSHAKE]: Received client connection with modlist [minecraft, emi, man_of_many_planes, kuma_api, block_factorys_bosses, trashslot, netherexp, protectmobsfromdaylight, jade, geckolib, elysium_api, jei, jeg, goblintraders, immersive_aircraft, ribbits, curios, bettercaves, underground_bunkers, easy_emerald, waystones, gravestone, citadel, travelersbackpack, zombieawareness, yungsapi, mixinextras, gobber2, dungeoncrawl, coroutil, warfare_wings, aiimprovements, iceandfire, balm, puzzleslib, framework, puzzlesaccessapi, cloth_config, forge, horde_hoard, mteg, enchantinginfuser, skinrestorer]
[20Dec2025 03:24:47.320] [Netty Epoll Server IO #0/DEBUG] [net.minecraftforge.network.NetworkRegistry/NETREGISTRY]: Channel 'skinshuffle:skin_refresh' : Version test of '' from client : ACCEPTED
[20Dec2025 03:24:47.320] [Netty Epoll Server IO #0/DEBUG] [net.minecraftforge.network.NetworkRegistry/NETREGISTRY]: Channel 'block_factorys_bosses:block_factorys_bosses' : Version test of '1' from client : ACCEPTED
[20Dec2025 03:24:47.320] [Netty Epoll Server IO #0/DEBUG] [net.minecraftforge.network.NetworkRegistry/NETREGISTRY]: Channel 'jei:channel' : Version test of '1.0.0' from client : ACCEPTED
[20Dec2025 03:24:47.320] [Netty Epoll Server IO #0/DEBUG] [net.minecraftforge.network.NetworkRegistry/NETREGISTRY]: Channel 'minecraft:unregister' : Version test of 'FML3' from client : ACCEPTED
[20Dec2025 03:24:47.320] [Netty Epoll Server IO #0/DEBUG] [net.minecraftforge.network.NetworkRegistry/NETREGISTRY]: Channel 'ic_air:main' : Version test of '1' from client : ACCEPTED
[20Dec2025 03:24:47.321] [Netty Epoll Server IO #0/DEBUG] [net.minecraftforge.network.NetworkRegistry/NETREGISTRY]: Channel 'citadel:main_channel' : Version test of '1' from client : ACCEPTED
[20Dec2025 03:24:47.321] [Netty Epoll Server IO #0/DEBUG] [net.minecraftforge.network.NetworkRegistry/NETREGISTRY]: Channel 'puzzleslib:1' : Version test of '1' from client : ACCEPTED
[20Dec2025 03:24:47.321] [Netty Epoll Server IO #0/DEBUG] [net.minecraftforge.network.NetworkRegistry/NETREGISTRY]: Channel 'jeg:play' : Version test of '1' from client : ACCEPTED
[20Dec2025 03:24:47.321] [Netty Epoll Server IO #0/DEBUG] [net.minecraftforge.network.NetworkRegistry/NETREGISTRY]: Channel 'iceandfire:main_channel' : Version test of '1' from client : ACCEPTED
[20Dec2025 03:24:47.321] [Netty Epoll Server IO #0/DEBUG] [net.minecraftforge.network.NetworkRegistry/NETREGISTRY]: Channel 'emi:emi' : Version test of '0' from client : ACCEPTED
[20Dec2025 03:24:47.321] [Netty Epoll Server IO #0/DEBUG] [net.minecraftforge.network.NetworkRegistry/NETREGISTRY]: Channel 'framework:play' : Version test of '1' from client : ACCEPTED
[20Dec2025 03:24:47.321] [Netty Epoll Server IO #0/DEBUG] [net.minecraftforge.network.NetworkRegistry/NETREGISTRY]: Channel 'travelersbackpack:network' : Version test of 'travelersbackpack:1' from client : ACCEPTED
[20Dec2025 03:24:47.321] [Netty Epoll Server IO #0/DEBUG] [net.minecraftforge.network.NetworkRegistry/NETREGISTRY]: Channel 'curios:main' : Version test of '1' from client : ACCEPTED
[20Dec2025 03:24:47.321] [Netty Epoll Server IO #0/DEBUG] [net.minecraftforge.network.NetworkRegistry/NETREGISTRY]: Channel 'balm:network' : Version test of '1.0' from client : ACCEPTED
[20Dec2025 03:24:47.321] [Netty Epoll Server IO #0/DEBUG] [net.minecraftforge.network.NetworkRegistry/NETREGISTRY]: Channel 'skinshuffle:handshake' : Version test of '' from client : ACCEPTED
[20Dec2025 03:24:47.321] [Netty Epoll Server IO #0/DEBUG] [net.minecraftforge.network.NetworkRegistry/NETREGISTRY]: Channel 'framework:handshake' : Version test of '1' from client : ACCEPTED
[20Dec2025 03:24:47.321] [Netty Epoll Server IO #0/DEBUG] [net.minecraftforge.network.NetworkRegistry/NETREGISTRY]: Channel 'fml:loginwrapper' : Version test of 'FML3' from client : ACCEPTED
[20Dec2025 03:24:47.321] [Netty Epoll Server IO #0/DEBUG] [net.minecraftforge.network.NetworkRegistry/NETREGISTRY]: Channel 'enchantinginfuser:1' : Version test of '1' from client : ACCEPTED
[20Dec2025 03:24:47.321] [Netty Epoll Server IO #0/DEBUG] [net.minecraftforge.network.NetworkRegistry/NETREGISTRY]: Channel 'mteg:play' : Version test of '1' from client : ACCEPTED
[20Dec2025 03:24:47.321] [Netty Epoll Server IO #0/DEBUG] [net.minecraftforge.network.NetworkRegistry/NETREGISTRY]: Channel 'ribbits:messages' : Version test of '1.0' from client : ACCEPTED
[20Dec2025 03:24:47.321] [Netty Epoll Server IO #0/DEBUG] [net.minecraftforge.network.NetworkRegistry/NETREGISTRY]: Channel 'forge:tier_sorting' : Version test of '1.0' from client : ACCEPTED
[20Dec2025 03:24:47.321] [Netty Epoll Server IO #0/DEBUG] [net.minecraftforge.network.NetworkRegistry/NETREGISTRY]: Channel 'trashslot:network' : Version test of '1.0' from client : ACCEPTED
[20Dec2025 03:24:47.321] [Netty Epoll Server IO #0/DEBUG] [net.minecraftforge.network.NetworkRegistry/NETREGISTRY]: Channel 'fml:play' : Version test of 'FML3' from client : ACCEPTED
[20Dec2025 03:24:47.321] [Netty Epoll Server IO #0/DEBUG] [net.minecraftforge.network.NetworkRegistry/NETREGISTRY]: Channel 'gravestone:default' : Version test of '1.0.0' from client : ACCEPTED
[20Dec2025 03:24:47.321] [Netty Epoll Server IO #0/DEBUG] [net.minecraftforge.network.NetworkRegistry/NETREGISTRY]: Channel 'fml:handshake' : Version test of 'FML3' from client : ACCEPTED
[20Dec2025 03:24:47.321] [Netty Epoll Server IO #0/DEBUG] [net.minecraftforge.network.NetworkRegistry/NETREGISTRY]: Channel 'horde_hoard:horde_hoard' : Version test of '1' from client : ACCEPTED
[20Dec2025 03:24:47.321] [Netty Epoll Server IO #0/DEBUG] [net.minecraftforge.network.NetworkRegistry/NETREGISTRY]: Channel 'minecraft:register' : Version test of 'FML3' from client : ACCEPTED
[20Dec2025 03:24:47.321] [Netty Epoll Server IO #0/DEBUG] [net.minecraftforge.network.NetworkRegistry/NETREGISTRY]: Channel 'forge:split' : Version test of '1.1' from client : ACCEPTED
[20Dec2025 03:24:47.321] [Netty Epoll Server IO #0/DEBUG] [net.minecraftforge.network.NetworkRegistry/NETREGISTRY]: Channel 'geckolib:main' : Version test of '1' from client : ACCEPTED
[20Dec2025 03:24:47.321] [Netty Epoll Server IO #0/DEBUG] [net.minecraftforge.network.NetworkRegistry/NETREGISTRY]: Channel 'jade:networking' : Version test of '2' from client : ACCEPTED
[20Dec2025 03:24:47.321] [Netty Epoll Server IO #0/DEBUG] [net.minecraftforge.network.NetworkRegistry/NETREGISTRY]: Channel 'waystones:network' : Version test of '1.0' from client : ACCEPTED
[20Dec2025 03:24:47.321] [Netty Epoll Server IO #0/DEBUG] [net.minecraftforge.network.NetworkRegistry/NETREGISTRY]: Channel 'skinshuffle:refresh' : Version test of '' from client : ACCEPTED
[20Dec2025 03:24:47.321] [Netty Epoll Server IO #0/DEBUG] [net.minecraftforge.network.NetworkRegistry/NETREGISTRY]: Accepting channel list from client
[20Dec2025 03:24:47.321] [Netty Epoll Server IO #0/DEBUG] [net.minecraftforge.network.HandshakeHandler/FMLHANDSHAKE]: Accepted client connection mod list
[20Dec2025 03:24:47.330] [Netty Epoll Server IO #0/DEBUG] [net.minecraftforge.network.LoginWrapper/FMLHANDSHAKE]: Recieved login wrapper packet event for channel fml:handshake with index 4
[20Dec2025 03:24:47.330] [Netty Epoll Server IO #0/DEBUG] [net.minecraftforge.network.HandshakeHandler/FMLHANDSHAKE]: Received client indexed reply 4 of type net.minecraftforge.network.HandshakeMessages$C2SAcknowledge
[20Dec2025 03:24:47.331] [Netty Epoll Server IO #0/DEBUG] [net.minecraftforge.network.HandshakeHandler/FMLHANDSHAKE]: Received acknowledgement from client
[20Dec2025 03:24:47.333] [Netty Epoll Server IO #0/DEBUG] [net.minecraftforge.network.LoginWrapper/FMLHANDSHAKE]: Recieved login wrapper packet event for channel fml:handshake with index 5
[20Dec2025 03:24:47.333] [Netty Epoll Server IO #0/DEBUG] [net.minecraftforge.network.HandshakeHandler/FMLHANDSHAKE]: Received client indexed reply 5 of type net.minecraftforge.network.HandshakeMessages$C2SAcknowledge
[20Dec2025 03:24:47.334] [Netty Epoll Server IO #0/DEBUG] [net.minecraftforge.network.HandshakeHandler/FMLHANDSHAKE]: Received acknowledgement from client
[20Dec2025 03:24:47.368] [Server thread/DEBUG] [net.minecraftforge.network.HandshakeHandler/FMLHANDSHAKE]: Sending ticking packet info 'Registry minecraft:villager_profession' to 'fml:handshake' sequence 8
[20Dec2025 03:24:47.404] [Netty Epoll Server IO #0/DEBUG] [net.minecraftforge.network.LoginWrapper/FMLHANDSHAKE]: Recieved login wrapper packet event for channel fml:handshake with index 6
[20Dec2025 03:24:47.404] [Netty Epoll Server IO #0/DEBUG] [net.minecraftforge.network.HandshakeHandler/FMLHANDSHAKE]: Received client indexed reply 6 of type net.minecraftforge.network.HandshakeMessages$C2SAcknowledge
[20Dec2025 03:24:47.404] [Netty Epoll Server IO #0/DEBUG] [net.minecraftforge.network.HandshakeHandler/FMLHANDSHAKE]: Received acknowledgement from client
[20Dec2025 03:24:47.404] [Netty Epoll Server IO #0/DEBUG] [net.minecraftforge.network.LoginWrapper/FMLHANDSHAKE]: Recieved login wrapper packet event for channel fml:handshake with index 7
[20Dec2025 03:24:47.404] [Netty Epoll Server IO #0/DEBUG] [net.minecraftforge.network.HandshakeHandler/FMLHANDSHAKE]: Received client indexed reply 7 of type net.minecraftforge.network.HandshakeMessages$C2SAcknowledge
[20Dec2025 03:24:47.405] [Netty Epoll Server IO #0/DEBUG] [net.minecraftforge.network.HandshakeHandler/FMLHANDSHAKE]: Received acknowledgement from client
[20Dec2025 03:24:47.416] [Server thread/DEBUG] [net.minecraftforge.network.HandshakeHandler/FMLHANDSHAKE]: Sending ticking packet info 'Registry minecraft:item' to 'fml:handshake' sequence 9
[20Dec2025 03:24:47.434] [Netty Epoll Server IO #0/DEBUG] [net.minecraftforge.network.LoginWrapper/FMLHANDSHAKE]: Recieved login wrapper packet event for channel fml:handshake with index 8
[20Dec2025 03:24:47.434] [Netty Epoll Server IO #0/DEBUG] [net.minecraftforge.network.HandshakeHandler/FMLHANDSHAKE]: Received client indexed reply 8 of type net.minecraftforge.network.HandshakeMessages$C2SAcknowledge
[20Dec2025 03:24:47.434] [Netty Epoll Server IO #0/DEBUG] [net.minecraftforge.network.HandshakeHandler/FMLHANDSHAKE]: Received acknowledgement from client
[20Dec2025 03:24:47.465] [Server thread/DEBUG] [net.minecraftforge.network.HandshakeHandler/FMLHANDSHAKE]: Sending ticking packet info 'Registry minecraft:potion' to 'fml:handshake' sequence 10
[20Dec2025 03:24:47.517] [Server thread/DEBUG] [net.minecraftforge.network.HandshakeHandler/FMLHANDSHAKE]: Sending ticking packet info 'Registry minecraft:painting_variant' to 'fml:handshake' sequence 11
[20Dec2025 03:24:47.553] [Netty Epoll Server IO #0/DEBUG] [net.minecraftforge.network.LoginWrapper/FMLHANDSHAKE]: Recieved login wrapper packet event for channel fml:handshake with index 9
[20Dec2025 03:24:47.554] [Netty Epoll Server IO #0/DEBUG] [net.minecraftforge.network.HandshakeHandler/FMLHANDSHAKE]: Received client indexed reply 9 of type net.minecraftforge.network.HandshakeMessages$C2SAcknowledge
[20Dec2025 03:24:47.554] [Netty Epoll Server IO #0/DEBUG] [net.minecraftforge.network.HandshakeHandler/FMLHANDSHAKE]: Received acknowledgement from client
[20Dec2025 03:24:47.554] [Netty Epoll Server IO #0/DEBUG] [net.minecraftforge.network.LoginWrapper/FMLHANDSHAKE]: Recieved login wrapper packet event for channel fml:handshake with index 10
[20Dec2025 03:24:47.554] [Netty Epoll Server IO #0/DEBUG] [net.minecraftforge.network.HandshakeHandler/FMLHANDSHAKE]: Received client indexed reply 10 of type net.minecraftforge.network.HandshakeMessages$C2SAcknowledge
[20Dec2025 03:24:47.554] [Netty Epoll Server IO #0/DEBUG] [net.minecraftforge.network.HandshakeHandler/FMLHANDSHAKE]: Received acknowledgement from client
[20Dec2025 03:24:47.567] [Server thread/DEBUG] [net.minecraftforge.network.HandshakeHandler/FMLHANDSHAKE]: Sending ticking packet info 'Registry forge:fluid_type' to 'fml:handshake' sequence 12
[20Dec2025 03:24:47.589] [Netty Epoll Server IO #0/DEBUG] [net.minecraftforge.network.LoginWrapper/FMLHANDSHAKE]: Recieved login wrapper packet event for channel fml:handshake with index 11
[20Dec2025 03:24:47.589] [Netty Epoll Server IO #0/DEBUG] [net.minecraftforge.network.HandshakeHandler/FMLHANDSHAKE]: Received client indexed reply 11 of type net.minecraftforge.network.HandshakeMessages$C2SAcknowledge
[20Dec2025 03:24:47.589] [Netty Epoll Server IO #0/DEBUG] [net.minecraftforge.network.HandshakeHandler/FMLHANDSHAKE]: Received acknowledgement from client
[20Dec2025 03:24:47.615] [Server thread/DEBUG] [net.minecraftforge.network.HandshakeHandler/FMLHANDSHAKE]: Sending ticking packet info 'Registry minecraft:block_entity_type' to 'fml:handshake' sequence 13
[20Dec2025 03:24:47.632] [Netty Epoll Server IO #0/DEBUG] [net.minecraftforge.network.LoginWrapper/FMLHANDSHAKE]: Recieved login wrapper packet event for channel fml:handshake with index 12
[20Dec2025 03:24:47.632] [Netty Epoll Server IO #0/DEBUG] [net.minecraftforge.network.HandshakeHandler/FMLHANDSHAKE]: Received client indexed reply 12 of type net.minecraftforge.network.HandshakeMessages$C2SAcknowledge
[20Dec2025 03:24:47.632] [Netty Epoll Server IO #0/DEBUG] [net.minecraftforge.network.HandshakeHandler/FMLHANDSHAKE]: Received acknowledgement from client
[20Dec2025 03:24:47.666] [Server thread/DEBUG] [net.minecraftforge.network.HandshakeHandler/FMLHANDSHAKE]: Sending ticking packet info 'Registry forge:display_contexts' to 'fml:handshake' sequence 14
[20Dec2025 03:24:47.679] [Netty Epoll Server IO #0/DEBUG] [net.minecraftforge.network.LoginWrapper/FMLHANDSHAKE]: Recieved login wrapper packet event for channel fml:handshake with index 13
[20Dec2025 03:24:47.680] [Netty Epoll Server IO #0/DEBUG] [net.minecraftforge.network.HandshakeHandler/FMLHANDSHAKE]: Received client indexed reply 13 of type net.minecraftforge.network.HandshakeMessages$C2SAcknowledge
[20Dec2025 03:24:47.680] [Netty Epoll Server IO #0/DEBUG] [net.minecraftforge.network.HandshakeHandler/FMLHANDSHAKE]: Received acknowledgement from client
[20Dec2025 03:24:47.715] [Server thread/DEBUG] [net.minecraftforge.network.HandshakeHandler/FMLHANDSHAKE]: Sending ticking packet info 'Registry minecraft:block' to 'fml:handshake' sequence 15
[20Dec2025 03:24:47.733] [Netty Epoll Server IO #0/DEBUG] [net.minecraftforge.network.LoginWrapper/FMLHANDSHAKE]: Recieved login wrapper packet event for channel fml:handshake with index 14
[20Dec2025 03:24:47.733] [Netty Epoll Server IO #0/DEBUG] [net.minecraftforge.network.HandshakeHandler/FMLHANDSHAKE]: Received client indexed reply 14 of type net.minecraftforge.network.HandshakeMessages$C2SAcknowledge
[20Dec2025 03:24:47.733] [Netty Epoll Server IO #0/DEBUG] [net.minecraftforge.network.HandshakeHandler/FMLHANDSHAKE]: Received acknowledgement from client
[20Dec2025 03:24:47.767] [Server thread/DEBUG] [net.minecraftforge.network.HandshakeHandler/FMLHANDSHAKE]: Sending ticking packet info 'Registry forge:entity_data_serializers' to 'fml:handshake' sequence 16
[20Dec2025 03:24:47.787] [Netty Epoll Server IO #0/DEBUG] [net.minecraftforge.network.LoginWrapper/FMLHANDSHAKE]: Recieved login wrapper packet event for channel fml:handshake with index 15
[20Dec2025 03:24:47.788] [Netty Epoll Server IO #0/DEBUG] [net.minecraftforge.network.HandshakeHandler/FMLHANDSHAKE]: Received client indexed reply 15 of type net.minecraftforge.network.HandshakeMessages$C2SAcknowledge
[20Dec2025 03:24:47.788] [Netty Epoll Server IO #0/DEBUG] [net.minecraftforge.network.HandshakeHandler/FMLHANDSHAKE]: Received acknowledgement from client
[20Dec2025 03:24:47.817] [Server thread/DEBUG] [net.minecraftforge.network.HandshakeHandler/FMLHANDSHAKE]: Sending ticking packet info 'Registry minecraft:mob_effect' to 'fml:handshake' sequence 17
[20Dec2025 03:24:47.833] [Netty Epoll Server IO #0/DEBUG] [net.minecraftforge.network.LoginWrapper/FMLHANDSHAKE]: Recieved login wrapper packet event for channel fml:handshake with index 16
[20Dec2025 03:24:47.833] [Netty Epoll Server IO #0/DEBUG] [net.minecraftforge.network.HandshakeHandler/FMLHANDSHAKE]: Received client indexed reply 16 of type net.minecraftforge.network.HandshakeMessages$C2SAcknowledge
[20Dec2025 03:24:47.833] [Netty Epoll Server IO #0/DEBUG] [net.minecraftforge.network.HandshakeHandler/FMLHANDSHAKE]: Received acknowledgement from client
[20Dec2025 03:24:47.865] [Server thread/DEBUG] [net.minecraftforge.network.HandshakeHandler/FMLHANDSHAKE]: Sending ticking packet info 'Registry minecraft:stat_type' to 'fml:handshake' sequence 18
[20Dec2025 03:24:47.883] [Netty Epoll Server IO #0/DEBUG] [net.minecraftforge.network.LoginWrapper/FMLHANDSHAKE]: Recieved login wrapper packet event for channel fml:handshake with index 17
[20Dec2025 03:24:47.883] [Netty Epoll Server IO #0/DEBUG] [net.minecraftforge.network.HandshakeHandler/FMLHANDSHAKE]: Received client indexed reply 17 of type net.minecraftforge.network.HandshakeMessages$C2SAcknowledge
[20Dec2025 03:24:47.883] [Netty Epoll Server IO #0/DEBUG] [net.minecraftforge.network.HandshakeHandler/FMLHANDSHAKE]: Received acknowledgement from client
[20Dec2025 03:24:47.914] [Server thread/DEBUG] [net.minecraftforge.network.HandshakeHandler/FMLHANDSHAKE]: Sending ticking packet info 'Registry minecraft:menu' to 'fml:handshake' sequence 19
[20Dec2025 03:24:47.931] [Netty Epoll Server IO #0/DEBUG] [net.minecraftforge.network.LoginWrapper/FMLHANDSHAKE]: Recieved login wrapper packet event for channel fml:handshake with index 18
[20Dec2025 03:24:47.931] [Netty Epoll Server IO #0/DEBUG] [net.minecraftforge.network.HandshakeHandler/FMLHANDSHAKE]: Received client indexed reply 18 of type net.minecraftforge.network.HandshakeMessages$C2SAcknowledge
[20Dec2025 03:24:47.931] [Netty Epoll Server IO #0/DEBUG] [net.minecraftforge.network.HandshakeHandler/FMLHANDSHAKE]: Received acknowledgement from client
[20Dec2025 03:24:47.969] [Server thread/DEBUG] [net.minecraftforge.network.HandshakeHandler/FMLHANDSHAKE]: Sending ticking packet info 'Registry minecraft:enchantment' to 'fml:handshake' sequence 20
[20Dec2025 03:24:47.978] [Netty Epoll Server IO #0/DEBUG] [net.minecraftforge.network.LoginWrapper/FMLHANDSHAKE]: Recieved login wrapper packet event for channel fml:handshake with index 19
[20Dec2025 03:24:47.979] [Netty Epoll Server IO #0/DEBUG] [net.minecraftforge.network.HandshakeHandler/FMLHANDSHAKE]: Received client indexed reply 19 of type net.minecraftforge.network.HandshakeMessages$C2SAcknowledge
[20Dec2025 03:24:47.979] [Netty Epoll Server IO #0/DEBUG] [net.minecraftforge.network.HandshakeHandler/FMLHANDSHAKE]: Received acknowledgement from client
[20Dec2025 03:24:48.019] [Server thread/DEBUG] [net.minecraftforge.network.HandshakeHandler/FMLHANDSHAKE]: Sending ticking packet info 'Registry minecraft:fluid' to 'fml:handshake' sequence 21
[20Dec2025 03:24:48.035] [Netty Epoll Server IO #0/DEBUG] [net.minecraftforge.network.LoginWrapper/FMLHANDSHAKE]: Recieved login wrapper packet event for channel fml:handshake with index 20
[20Dec2025 03:24:48.035] [Netty Epoll Server IO #0/DEBUG] [net.minecraftforge.network.HandshakeHandler/FMLHANDSHAKE]: Received client indexed reply 20 of type net.minecraftforge.network.HandshakeMessages$C2SAcknowledge
[20Dec2025 03:24:48.035] [Netty Epoll Server IO #0/DEBUG] [net.minecraftforge.network.HandshakeHandler/FMLHANDSHAKE]: Received acknowledgement from client
[20Dec2025 03:24:48.068] [Server thread/DEBUG] [net.minecraftforge.network.HandshakeHandler/FMLHANDSHAKE]: Sending ticking packet info 'Registry minecraft:entity_type' to 'fml:handshake' sequence 22
[20Dec2025 03:24:48.084] [Netty Epoll Server IO #0/DEBUG] [net.minecraftforge.network.LoginWrapper/FMLHANDSHAKE]: Recieved login wrapper packet event for channel fml:handshake with index 21
[20Dec2025 03:24:48.085] [Netty Epoll Server IO #0/DEBUG] [net.minecraftforge.network.HandshakeHandler/FMLHANDSHAKE]: Received client indexed reply 21 of type net.minecraftforge.network.HandshakeMessages$C2SAcknowledge
[20Dec2025 03:24:48.085] [Netty Epoll Server IO #0/DEBUG] [net.minecraftforge.network.HandshakeHandler/FMLHANDSHAKE]: Received acknowledgement from client
[20Dec2025 03:24:48.119] [Server thread/DEBUG] [net.minecraftforge.network.HandshakeHandler/FMLHANDSHAKE]: Sending ticking packet info 'Config curios-server.toml' to 'fml:handshake' sequence 23
[20Dec2025 03:24:48.170] [Server thread/DEBUG] [net.minecraftforge.network.HandshakeHandler/FMLHANDSHAKE]: Sending ticking packet info 'Config jeg-server.toml' to 'fml:handshake' sequence 24
[20Dec2025 03:24:48.217] [Server thread/DEBUG] [net.minecraftforge.network.HandshakeHandler/FMLHANDSHAKE]: Sending ticking packet info 'Config gravestone-server.toml' to 'fml:handshake' sequence 25
[20Dec2025 03:24:48.270] [Server thread/DEBUG] [net.minecraftforge.network.HandshakeHandler/FMLHANDSHAKE]: Sending ticking packet info 'Config travelersbackpack-server.toml' to 'fml:handshake' sequence 26
[20Dec2025 03:24:48.318] [Server thread/DEBUG] [net.minecraftforge.network.HandshakeHandler/FMLHANDSHAKE]: Sending ticking packet info 'Config enchantinginfuser-server.toml' to 'fml:handshake' sequence 27
[20Dec2025 03:24:48.367] [Server thread/DEBUG] [net.minecraftforge.network.HandshakeHandler/FMLHANDSHAKE]: Sending ticking packet info 'Config jei-server.toml' to 'fml:handshake' sequence 28
[20Dec2025 03:24:48.415] [Server thread/DEBUG] [net.minecraftforge.network.HandshakeHandler/FMLHANDSHAKE]: Sending ticking packet info 'Config forge-server.toml' to 'fml:handshake' sequence 29
[20Dec2025 03:24:48.749] [Netty Epoll Server IO #0/DEBUG] [net.minecraftforge.network.LoginWrapper/FMLHANDSHAKE]: Recieved login wrapper packet event for channel fml:handshake with index 22
[20Dec2025 03:24:48.750] [Netty Epoll Server IO #0/DEBUG] [net.minecraftforge.network.HandshakeHandler/FMLHANDSHAKE]: Received client indexed reply 22 of type net.minecraftforge.network.HandshakeMessages$C2SAcknowledge
[20Dec2025 03:24:48.750] [Netty Epoll Server IO #0/DEBUG] [net.minecraftforge.network.HandshakeHandler/FMLHANDSHAKE]: Received acknowledgement from client
[20Dec2025 03:24:48.752] [Netty Epoll Server IO #0/DEBUG] [net.minecraftforge.network.LoginWrapper/FMLHANDSHAKE]: Recieved login wrapper packet event for channel fml:handshake with index 23
[20Dec2025 03:24:48.752] [Netty Epoll Server IO #0/DEBUG] [net.minecraftforge.network.HandshakeHandler/FMLHANDSHAKE]: Received client indexed reply 23 of type net.minecraftforge.network.HandshakeMessages$C2SAcknowledge
[20Dec2025 03:24:48.752] [Netty Epoll Server IO #0/DEBUG] [net.minecraftforge.network.HandshakeHandler/FMLHANDSHAKE]: Received acknowledgement from client
[20Dec2025 03:24:48.754] [Netty Epoll Server IO #0/DEBUG] [net.minecraftforge.network.LoginWrapper/FMLHANDSHAKE]: Recieved login wrapper packet event for channel fml:handshake with index 24
[20Dec2025 03:24:48.754] [Netty Epoll Server IO #0/DEBUG] [net.minecraftforge.network.HandshakeHandler/FMLHANDSHAKE]: Received client indexed reply 24 of type net.minecraftforge.network.HandshakeMessages$C2SAcknowledge
[20Dec2025 03:24:48.754] [Netty Epoll Server IO #0/DEBUG] [net.minecraftforge.network.HandshakeHandler/FMLHANDSHAKE]: Received acknowledgement from client
[20Dec2025 03:24:48.757] [Netty Epoll Server IO #0/DEBUG] [net.minecraftforge.network.LoginWrapper/FMLHANDSHAKE]: Recieved login wrapper packet event for channel fml:handshake with index 25
[20Dec2025 03:24:48.757] [Netty Epoll Server IO #0/DEBUG] [net.minecraftforge.network.HandshakeHandler/FMLHANDSHAKE]: Received client indexed reply 25 of type net.minecraftforge.network.HandshakeMessages$C2SAcknowledge
[20Dec2025 03:24:48.758] [Netty Epoll Server IO #0/DEBUG] [net.minecraftforge.network.HandshakeHandler/FMLHANDSHAKE]: Received acknowledgement from client
[20Dec2025 03:24:48.775] [Netty Epoll Server IO #0/DEBUG] [net.minecraftforge.network.LoginWrapper/FMLHANDSHAKE]: Recieved login wrapper packet event for channel fml:handshake with index 26
[20Dec2025 03:24:48.776] [Netty Epoll Server IO #0/DEBUG] [net.minecraftforge.network.HandshakeHandler/FMLHANDSHAKE]: Received client indexed reply 26 of type net.minecraftforge.network.HandshakeMessages$C2SAcknowledge
[20Dec2025 03:24:48.776] [Netty Epoll Server IO #0/DEBUG] [net.minecraftforge.network.HandshakeHandler/FMLHANDSHAKE]: Received acknowledgement from client
[20Dec2025 03:24:48.784] [Netty Epoll Server IO #0/DEBUG] [net.minecraftforge.network.LoginWrapper/FMLHANDSHAKE]: Recieved login wrapper packet event for channel fml:handshake with index 27
[20Dec2025 03:24:48.785] [Netty Epoll Server IO #0/DEBUG] [net.minecraftforge.network.HandshakeHandler/FMLHANDSHAKE]: Received client indexed reply 27 of type net.minecraftforge.network.HandshakeMessages$C2SAcknowledge
[20Dec2025 03:24:48.785] [Netty Epoll Server IO #0/DEBUG] [net.minecraftforge.network.HandshakeHandler/FMLHANDSHAKE]: Received acknowledgement from client
[20Dec2025 03:24:48.785] [Netty Epoll Server IO #0/DEBUG] [net.minecraftforge.network.LoginWrapper/FMLHANDSHAKE]: Recieved login wrapper packet event for channel fml:handshake with index 28
[20Dec2025 03:24:48.785] [Netty Epoll Server IO #0/DEBUG] [net.minecraftforge.network.HandshakeHandler/FMLHANDSHAKE]: Received client indexed reply 28 of type net.minecraftforge.network.HandshakeMessages$C2SAcknowledge
[20Dec2025 03:24:48.785] [Netty Epoll Server IO #0/DEBUG] [net.minecraftforge.network.HandshakeHandler/FMLHANDSHAKE]: Received acknowledgement from client
[20Dec2025 03:24:48.787] [Netty Epoll Server IO #0/DEBUG] [net.minecraftforge.network.LoginWrapper/FMLHANDSHAKE]: Recieved login wrapper packet event for channel fml:handshake with index 29
[20Dec2025 03:24:48.787] [Netty Epoll Server IO #0/DEBUG] [net.minecraftforge.network.HandshakeHandler/FMLHANDSHAKE]: Received client indexed reply 29 of type net.minecraftforge.network.HandshakeMessages$C2SAcknowledge
[20Dec2025 03:24:48.787] [Netty Epoll Server IO #0/DEBUG] [net.minecraftforge.network.HandshakeHandler/FMLHANDSHAKE]: Received acknowledgement from client
[20Dec2025 03:24:48.821] [Server thread/DEBUG] [net.minecraftforge.network.HandshakeHandler/FMLHANDSHAKE]: Handshake complete!
[20Dec2025 03:24:48.883] [ForkJoinPool.commonPool-worker-1/DEBUG] [SkinRestorer/]: Fetching Crowdante53's skin
[20Dec2025 03:24:49.162] [Server thread/INFO] [net.minecraft.server.players.PlayerList/]: Crowdante53[/127.58.36.201:37419] logged in with entity id 742 at (-103.29577602705258, 64.0, 41.514303407510205)
[20Dec2025 03:24:49.162] [Server thread/DEBUG] [net.minecraftforge.network.filters.NetworkFilters/]: Injected net.minecraftforge.network.filters.ForgeConnectionNetworkFilter@c174ce3 into net.minecraft.network.Connection@2afeb16a
[20Dec2025 03:24:49.171] [Server thread/INFO] [net.minecraft.server.MinecraftServer/]: Crowdante53 joined the game
[20Dec2025 03:24:49.199] [Server thread/INFO] [Jade/]: Syncing config to Crowdante53 (8744c8f4-4c4b-3768-9a3b-15d229f12b52)
[20Dec2025 03:25:41.219] [Server thread/INFO] [net.minecraft.server.network.ServerGamePacketListenerImpl/]: Crowdante53 lost connection: Disconnected
[20Dec2025 03:25:41.219] [Server thread/INFO] [net.minecraft.server.MinecraftServer/]: Crowdante53 left the game
[20Dec2025 03:25:44.483] [Netty Epoll Server IO #2/DEBUG] [net.minecraftforge.network.HandshakeHandler/FMLHANDSHAKE]: Starting new modded impl connection. Found 30 messages to dispatch.
[20Dec2025 03:25:44.565] [Server thread/DEBUG] [net.minecraftforge.network.HandshakeHandler/FMLHANDSHAKE]: Sending ticking packet info 'jeg:custom_gun_manager' to 'framework:handshake' sequence 0
[20Dec2025 03:25:44.616] [Server thread/DEBUG] [net.minecraftforge.network.HandshakeHandler/FMLHANDSHAKE]: Sending ticking packet info 'jeg:network_gun_manager' to 'framework:handshake' sequence 1
[20Dec2025 03:25:44.643] [Netty Epoll Server IO #2/DEBUG] [net.minecraftforge.network.LoginWrapper/FMLHANDSHAKE]: Recieved login wrapper packet event for channel framework:handshake with index 0
[20Dec2025 03:25:44.643] [Netty Epoll Server IO #2/DEBUG] [net.minecraftforge.network.HandshakeHandler/FMLHANDSHAKE]: Received client indexed reply 0 of type com.mrcrayfish.framework.api.network.message.HandshakeMessage$Acknowledge
[20Dec2025 03:25:44.643] [Netty Epoll Server IO #2/DEBUG] [Framework/FRAMEWORK_HANDSHAKE]: Received acknowledgement from client
[20Dec2025 03:25:44.666] [Server thread/DEBUG] [net.minecraftforge.network.HandshakeHandler/FMLHANDSHAKE]: Sending ticking packet info 'net.minecraftforge.network.HandshakeMessages$S2CModData' to 'fml:handshake' sequence 2
[20Dec2025 03:25:44.715] [Server thread/DEBUG] [net.minecraftforge.network.HandshakeHandler/FMLHANDSHAKE]: Sending ticking packet info 'net.minecraftforge.network.HandshakeMessages$S2CModList' to 'fml:handshake' sequence 3
[20Dec2025 03:25:44.769] [Server thread/DEBUG] [net.minecraftforge.network.HandshakeHandler/FMLHANDSHAKE]: Sending ticking packet info 'Registry minecraft:command_argument_type' to 'fml:handshake' sequence 4
[20Dec2025 03:25:44.816] [Server thread/DEBUG] [net.minecraftforge.network.HandshakeHandler/FMLHANDSHAKE]: Sending ticking packet info 'Registry minecraft:recipe_serializer' to 'fml:handshake' sequence 5
[20Dec2025 03:25:44.867] [Server thread/DEBUG] [net.minecraftforge.network.HandshakeHandler/FMLHANDSHAKE]: Sending ticking packet info 'Registry minecraft:sound_event' to 'fml:handshake' sequence 6
[20Dec2025 03:25:44.881] [Netty Epoll Server IO #2/DEBUG] [net.minecraftforge.network.LoginWrapper/FMLHANDSHAKE]: Recieved login wrapper packet event for channel framework:handshake with index 1
[20Dec2025 03:25:44.881] [Netty Epoll Server IO #2/DEBUG] [net.minecraftforge.network.HandshakeHandler/FMLHANDSHAKE]: Received client indexed reply 1 of type com.mrcrayfish.framework.api.network.message.HandshakeMessage$Acknowledge
[20Dec2025 03:25:44.881] [Netty Epoll Server IO #2/DEBUG] [Framework/FRAMEWORK_HANDSHAKE]: Received acknowledgement from client
[20Dec2025 03:25:44.883] [Netty Epoll Server IO #2/DEBUG] [net.minecraftforge.network.LoginWrapper/FMLHANDSHAKE]: Recieved login wrapper packet event for channel fml:handshake with index 3
[20Dec2025 03:25:44.883] [Netty Epoll Server IO #2/DEBUG] [net.minecraftforge.network.HandshakeHandler/FMLHANDSHAKE]: Received client indexed reply 3 of type net.minecraftforge.network.HandshakeMessages$C2SModListReply
[20Dec2025 03:25:44.883] [Netty Epoll Server IO #2/DEBUG] [net.minecraftforge.network.HandshakeHandler/FMLHANDSHAKE]: Received client connection with modlist [minecraft, emi, man_of_many_planes, kuma_api, block_factorys_bosses, trashslot, netherexp, protectmobsfromdaylight, jade, geckolib, elysium_api, jei, jeg, goblintraders, immersive_aircraft, ribbits, curios, bettercaves, underground_bunkers, easy_emerald, waystones, gravestone, citadel, travelersbackpack, zombieawareness, yungsapi, mixinextras, gobber2, dungeoncrawl, coroutil, warfare_wings, aiimprovements, iceandfire, balm, puzzleslib, framework, puzzlesaccessapi, cloth_config, forge, horde_hoard, mteg, enchantinginfuser, skinrestorer]
[20Dec2025 03:25:44.883] [Netty Epoll Server IO #2/DEBUG] [net.minecraftforge.network.NetworkRegistry/NETREGISTRY]: Channel 'skinshuffle:skin_refresh' : Version test of '' from client : ACCEPTED
[20Dec2025 03:25:44.883] [Netty Epoll Server IO #2/DEBUG] [net.minecraftforge.network.NetworkRegistry/NETREGISTRY]: Channel 'block_factorys_bosses:block_factorys_bosses' : Version test of '1' from client : ACCEPTED
[20Dec2025 03:25:44.883] [Netty Epoll Server IO #2/DEBUG] [net.minecraftforge.network.NetworkRegistry/NETREGISTRY]: Channel 'jei:channel' : Version test of '1.0.0' from client : ACCEPTED
[20Dec2025 03:25:44.883] [Netty Epoll Server IO #2/DEBUG] [net.minecraftforge.network.NetworkRegistry/NETREGISTRY]: Channel 'minecraft:unregister' : Version test of 'FML3' from client : ACCEPTED
[20Dec2025 03:25:44.883] [Netty Epoll Server IO #2/DEBUG] [net.minecraftforge.network.NetworkRegistry/NETREGISTRY]: Channel 'ic_air:main' : Version test of '1' from client : ACCEPTED
[20Dec2025 03:25:44.883] [Netty Epoll Server IO #2/DEBUG] [net.minecraftforge.network.NetworkRegistry/NETREGISTRY]: Channel 'citadel:main_channel' : Version test of '1' from client : ACCEPTED
[20Dec2025 03:25:44.883] [Netty Epoll Server IO #2/DEBUG] [net.minecraftforge.network.NetworkRegistry/NETREGISTRY]: Channel 'puzzleslib:1' : Version test of '1' from client : ACCEPTED
[20Dec2025 03:25:44.883] [Netty Epoll Server IO #2/DEBUG] [net.minecraftforge.network.NetworkRegistry/NETREGISTRY]: Channel 'jeg:play' : Version test of '1' from client : ACCEPTED
[20Dec2025 03:25:44.883] [Netty Epoll Server IO #2/DEBUG] [net.minecraftforge.network.NetworkRegistry/NETREGISTRY]: Channel 'iceandfire:main_channel' : Version test of '1' from client : ACCEPTED
[20Dec2025 03:25:44.883] [Netty Epoll Server IO #2/DEBUG] [net.minecraftforge.network.NetworkRegistry/NETREGISTRY]: Channel 'emi:emi' : Version test of '0' from client : ACCEPTED
[20Dec2025 03:25:44.883] [Netty Epoll Server IO #2/DEBUG] [net.minecraftforge.network.NetworkRegistry/NETREGISTRY]: Channel 'framework:play' : Version test of '1' from client : ACCEPTED
[20Dec2025 03:25:44.883] [Netty Epoll Server IO #2/DEBUG] [net.minecraftforge.network.NetworkRegistry/NETREGISTRY]: Channel 'travelersbackpack:network' : Version test of 'travelersbackpack:1' from client : ACCEPTED
[20Dec2025 03:25:44.883] [Netty Epoll Server IO #2/DEBUG] [net.minecraftforge.network.NetworkRegistry/NETREGISTRY]: Channel 'curios:main' : Version test of '1' from client : ACCEPTED
[20Dec2025 03:25:44.883] [Netty Epoll Server IO #2/DEBUG] [net.minecraftforge.network.NetworkRegistry/NETREGISTRY]: Channel 'balm:network' : Version test of '1.0' from client : ACCEPTED
[20Dec2025 03:25:44.884] [Netty Epoll Server IO #2/DEBUG] [net.minecraftforge.network.NetworkRegistry/NETREGISTRY]: Channel 'skinshuffle:handshake' : Version test of '' from client : ACCEPTED
[20Dec2025 03:25:44.884] [Netty Epoll Server IO #2/DEBUG] [net.minecraftforge.network.NetworkRegistry/NETREGISTRY]: Channel 'framework:handshake' : Version test of '1' from client : ACCEPTED
[20Dec2025 03:25:44.884] [Netty Epoll Server IO #2/DEBUG] [net.minecraftforge.network.NetworkRegistry/NETREGISTRY]: Channel 'fml:loginwrapper' : Version test of 'FML3' from client : ACCEPTED
[20Dec2025 03:25:44.884] [Netty Epoll Server IO #2/DEBUG] [net.minecraftforge.network.NetworkRegistry/NETREGISTRY]: Channel 'enchantinginfuser:1' : Version test of '1' from client : ACCEPTED
[20Dec2025 03:25:44.884] [Netty Epoll Server IO #2/DEBUG] [net.minecraftforge.network.NetworkRegistry/NETREGISTRY]: Channel 'mteg:play' : Version test of '1' from client : ACCEPTED
[20Dec2025 03:25:44.884] [Netty Epoll Server IO #2/DEBUG] [net.minecraftforge.network.NetworkRegistry/NETREGISTRY]: Channel 'ribbits:messages' : Version test of '1.0' from client : ACCEPTED
[20Dec2025 03:25:44.884] [Netty Epoll Server IO #2/DEBUG] [net.minecraftforge.network.NetworkRegistry/NETREGISTRY]: Channel 'forge:tier_sorting' : Version test of '1.0' from client : ACCEPTED
[20Dec2025 03:25:44.884] [Netty Epoll Server IO #2/DEBUG] [net.minecraftforge.network.NetworkRegistry/NETREGISTRY]: Channel 'trashslot:network' : Version test of '1.0' from client : ACCEPTED
[20Dec2025 03:25:44.884] [Netty Epoll Server IO #2/DEBUG] [net.minecraftforge.network.NetworkRegistry/NETREGISTRY]: Channel 'fml:play' : Version test of 'FML3' from client : ACCEPTED
[20Dec2025 03:25:44.884] [Netty Epoll Server IO #2/DEBUG] [net.minecraftforge.network.NetworkRegistry/NETREGISTRY]: Channel 'gravestone:default' : Version test of '1.0.0' from client : ACCEPTED
[20Dec2025 03:25:44.884] [Netty Epoll Server IO #2/DEBUG] [net.minecraftforge.network.NetworkRegistry/NETREGISTRY]: Channel 'fml:handshake' : Version test of 'FML3' from client : ACCEPTED
[20Dec2025 03:25:44.884] [Netty Epoll Server IO #2/DEBUG] [net.minecraftforge.network.NetworkRegistry/NETREGISTRY]: Channel 'horde_hoard:horde_hoard' : Version test of '1' from client : ACCEPTED
[20Dec2025 03:25:44.884] [Netty Epoll Server IO #2/DEBUG] [net.minecraftforge.network.NetworkRegistry/NETREGISTRY]: Channel 'minecraft:register' : Version test of 'FML3' from client : ACCEPTED
[20Dec2025 03:25:44.884] [Netty Epoll Server IO #2/DEBUG] [net.minecraftforge.network.NetworkRegistry/NETREGISTRY]: Channel 'forge:split' : Version test of '1.1' from client : ACCEPTED
[20Dec2025 03:25:44.884] [Netty Epoll Server IO #2/DEBUG] [net.minecraftforge.network.NetworkRegistry/NETREGISTRY]: Channel 'geckolib:main' : Version test of '1' from client : ACCEPTED
[20Dec2025 03:25:44.884] [Netty Epoll Server IO #2/DEBUG] [net.minecraftforge.network.NetworkRegistry/NETREGISTRY]: Channel 'jade:networking' : Version test of '2' from client : ACCEPTED
[20Dec2025 03:25:44.884] [Netty Epoll Server IO #2/DEBUG] [net.minecraftforge.network.NetworkRegistry/NETREGISTRY]: Channel 'waystones:network' : Version test of '1.0' from client : ACCEPTED
[20Dec2025 03:25:44.884] [Netty Epoll Server IO #2/DEBUG] [net.minecraftforge.network.NetworkRegistry/NETREGISTRY]: Channel 'skinshuffle:refresh' : Version test of '' from client : ACCEPTED
[20Dec2025 03:25:44.884] [Netty Epoll Server IO #2/DEBUG] [net.minecraftforge.network.NetworkRegistry/NETREGISTRY]: Accepting channel list from client
[20Dec2025 03:25:44.884] [Netty Epoll Server IO #2/DEBUG] [net.minecraftforge.network.HandshakeHandler/FMLHANDSHAKE]: Accepted client connection mod list
[20Dec2025 03:25:44.884] [Netty Epoll Server IO #2/DEBUG] [net.minecraftforge.network.LoginWrapper/FMLHANDSHAKE]: Recieved login wrapper packet event for channel fml:handshake with index 4
[20Dec2025 03:25:44.884] [Netty Epoll Server IO #2/DEBUG] [net.minecraftforge.network.HandshakeHandler/FMLHANDSHAKE]: Received client indexed reply 4 of type net.minecraftforge.network.HandshakeMessages$C2SAcknowledge
[20Dec2025 03:25:44.884] [Netty Epoll Server IO #2/DEBUG] [net.minecraftforge.network.HandshakeHandler/FMLHANDSHAKE]: Received acknowledgement from client
[20Dec2025 03:25:44.884] [Netty Epoll Server IO #2/DEBUG] [net.minecraftforge.network.LoginWrapper/FMLHANDSHAKE]: Recieved login wrapper packet event for channel fml:handshake with index 5
[20Dec2025 03:25:44.884] [Netty Epoll Server IO #2/DEBUG] [net.minecraftforge.network.HandshakeHandler/FMLHANDSHAKE]: Received client indexed reply 5 of type net.minecraftforge.network.HandshakeMessages$C2SAcknowledge
[20Dec2025 03:25:44.884] [Netty Epoll Server IO #2/DEBUG] [net.minecraftforge.network.HandshakeHandler/FMLHANDSHAKE]: Received acknowledgement from client
[20Dec2025 03:25:44.917] [Server thread/DEBUG] [net.minecraftforge.network.HandshakeHandler/FMLHANDSHAKE]: Sending ticking packet info 'Registry minecraft:particle_type' to 'fml:handshake' sequence 7
[20Dec2025 03:25:44.966] [Server thread/DEBUG] [net.minecraftforge.network.HandshakeHandler/FMLHANDSHAKE]: Sending ticking packet info 'Registry minecraft:villager_profession' to 'fml:handshake' sequence 8
[20Dec2025 03:25:44.997] [Netty Epoll Server IO #2/DEBUG] [net.minecraftforge.network.LoginWrapper/FMLHANDSHAKE]: Recieved login wrapper packet event for channel fml:handshake with index 6
[20Dec2025 03:25:44.997] [Netty Epoll Server IO #2/DEBUG] [net.minecraftforge.network.HandshakeHandler/FMLHANDSHAKE]: Received client indexed reply 6 of type net.minecraftforge.network.HandshakeMessages$C2SAcknowledge
[20Dec2025 03:25:44.997] [Netty Epoll Server IO #2/DEBUG] [net.minecraftforge.network.HandshakeHandler/FMLHANDSHAKE]: Received acknowledgement from client
[20Dec2025 03:25:44.998] [Netty Epoll Server IO #2/DEBUG] [net.minecraftforge.network.LoginWrapper/FMLHANDSHAKE]: Recieved login wrapper packet event for channel fml:handshake with index 7
[20Dec2025 03:25:44.998] [Netty Epoll Server IO #2/DEBUG] [net.minecraftforge.network.HandshakeHandler/FMLHANDSHAKE]: Received client indexed reply 7 of type net.minecraftforge.network.HandshakeMessages$C2SAcknowledge
[20Dec2025 03:25:44.998] [Netty Epoll Server IO #2/DEBUG] [net.minecraftforge.network.HandshakeHandler/FMLHANDSHAKE]: Received acknowledgement from client
[20Dec2025 03:25:45.014] [Server thread/DEBUG] [net.minecraftforge.network.HandshakeHandler/FMLHANDSHAKE]: Sending ticking packet info 'Registry minecraft:item' to 'fml:handshake' sequence 9
[20Dec2025 03:25:45.029] [Netty Epoll Server IO #2/DEBUG] [net.minecraftforge.network.LoginWrapper/FMLHANDSHAKE]: Recieved login wrapper packet event for channel fml:handshake with index 8
[20Dec2025 03:25:45.029] [Netty Epoll Server IO #2/DEBUG] [net.minecraftforge.network.HandshakeHandler/FMLHANDSHAKE]: Received client indexed reply 8 of type net.minecraftforge.network.HandshakeMessages$C2SAcknowledge
[20Dec2025 03:25:45.029] [Netty Epoll Server IO #2/DEBUG] [net.minecraftforge.network.HandshakeHandler/FMLHANDSHAKE]: Received acknowledgement from client
[20Dec2025 03:25:45.067] [Server thread/DEBUG] [net.minecraftforge.network.HandshakeHandler/FMLHANDSHAKE]: Sending ticking packet info 'Registry minecraft:potion' to 'fml:handshake' sequence 10
[20Dec2025 03:25:45.114] [Server thread/DEBUG] [net.minecraftforge.network.HandshakeHandler/FMLHANDSHAKE]: Sending ticking packet info 'Registry minecraft:painting_variant' to 'fml:handshake' sequence 11
[20Dec2025 03:25:45.144] [Netty Epoll Server IO #2/DEBUG] [net.minecraftforge.network.LoginWrapper/FMLHANDSHAKE]: Recieved login wrapper packet event for channel fml:handshake with index 9
[20Dec2025 03:25:45.144] [Netty Epoll Server IO #2/DEBUG] [net.minecraftforge.network.HandshakeHandler/FMLHANDSHAKE]: Received client indexed reply 9 of type net.minecraftforge.network.HandshakeMessages$C2SAcknowledge
[20Dec2025 03:25:45.144] [Netty Epoll Server IO #2/DEBUG] [net.minecraftforge.network.HandshakeHandler/FMLHANDSHAKE]: Received acknowledgement from client
[20Dec2025 03:25:45.144] [Netty Epoll Server IO #2/DEBUG] [net.minecraftforge.network.LoginWrapper/FMLHANDSHAKE]: Recieved login wrapper packet event for channel fml:handshake with index 10
[20Dec2025 03:25:45.144] [Netty Epoll Server IO #2/DEBUG] [net.minecraftforge.network.HandshakeHandler/FMLHANDSHAKE]: Received client indexed reply 10 of type net.minecraftforge.network.HandshakeMessages$C2SAcknowledge
[20Dec2025 03:25:45.144] [Netty Epoll Server IO #2/DEBUG] [net.minecraftforge.network.HandshakeHandler/FMLHANDSHAKE]: Received acknowledgement from client
[20Dec2025 03:25:45.165] [Server thread/DEBUG] [net.minecraftforge.network.HandshakeHandler/FMLHANDSHAKE]: Sending ticking packet info 'Registry forge:fluid_type' to 'fml:handshake' sequence 12
[20Dec2025 03:25:45.178] [Netty Epoll Server IO #2/DEBUG] [net.minecraftforge.network.LoginWrapper/FMLHANDSHAKE]: Recieved login wrapper packet event for channel fml:handshake with index 11
[20Dec2025 03:25:45.178] [Netty Epoll Server IO #2/DEBUG] [net.minecraftforge.network.HandshakeHandler/FMLHANDSHAKE]: Received client indexed reply 11 of type net.minecraftforge.network.HandshakeMessages$C2SAcknowledge
[20Dec2025 03:25:45.178] [Netty Epoll Server IO #2/DEBUG] [net.minecraftforge.network.HandshakeHandler/FMLHANDSHAKE]: Received acknowledgement from client
[20Dec2025 03:25:45.216] [Server thread/DEBUG] [net.minecraftforge.network.HandshakeHandler/FMLHANDSHAKE]: Sending ticking packet info 'Registry minecraft:block_entity_type' to 'fml:handshake' sequence 13
[20Dec2025 03:25:45.228] [Netty Epoll Server IO #2/DEBUG] [net.minecraftforge.network.LoginWrapper/FMLHANDSHAKE]: Recieved login wrapper packet event for channel fml:handshake with index 12
[20Dec2025 03:25:45.228] [Netty Epoll Server IO #2/DEBUG] [net.minecraftforge.network.HandshakeHandler/FMLHANDSHAKE]: Received client indexed reply 12 of type net.minecraftforge.network.HandshakeMessages$C2SAcknowledge
[20Dec2025 03:25:45.228] [Netty Epoll Server IO #2/DEBUG] [net.minecraftforge.network.HandshakeHandler/FMLHANDSHAKE]: Received acknowledgement from client
[20Dec2025 03:25:45.264] [Server thread/DEBUG] [net.minecraftforge.network.HandshakeHandler/FMLHANDSHAKE]: Sending ticking packet info 'Registry forge:display_contexts' to 'fml:handshake' sequence 14
[20Dec2025 03:25:45.281] [Netty Epoll Server IO #2/DEBUG] [net.minecraftforge.network.LoginWrapper/FMLHANDSHAKE]: Recieved login wrapper packet event for channel fml:handshake with index 13
[20Dec2025 03:25:45.281] [Netty Epoll Server IO #2/DEBUG] [net.minecraftforge.network.HandshakeHandler/FMLHANDSHAKE]: Received client indexed reply 13 of type net.minecraftforge.network.HandshakeMessages$C2SAcknowledge
[20Dec2025 03:25:45.281] [Netty Epoll Server IO #2/DEBUG] [net.minecraftforge.network.HandshakeHandler/FMLHANDSHAKE]: Received acknowledgement from client
[20Dec2025 03:25:45.314] [Server thread/DEBUG] [net.minecraftforge.network.HandshakeHandler/FMLHANDSHAKE]: Sending ticking packet info 'Registry minecraft:block' to 'fml:handshake' sequence 15
[20Dec2025 03:25:45.327] [Netty Epoll Server IO #2/DEBUG] [net.minecraftforge.network.LoginWrapper/FMLHANDSHAKE]: Recieved login wrapper packet event for channel fml:handshake with index 14
[20Dec2025 03:25:45.327] [Netty Epoll Server IO #2/DEBUG] [net.minecraftforge.network.HandshakeHandler/FMLHANDSHAKE]: Received client indexed reply 14 of type net.minecraftforge.network.HandshakeMessages$C2SAcknowledge
[20Dec2025 03:25:45.327] [Netty Epoll Server IO #2/DEBUG] [net.minecraftforge.network.HandshakeHandler/FMLHANDSHAKE]: Received acknowledgement from client
[20Dec2025 03:25:45.363] [Server thread/DEBUG] [net.minecraftforge.network.HandshakeHandler/FMLHANDSHAKE]: Sending ticking packet info 'Registry forge:entity_data_serializers' to 'fml:handshake' sequence 16
[20Dec2025 03:25:45.377] [Netty Epoll Server IO #2/DEBUG] [net.minecraftforge.network.LoginWrapper/FMLHANDSHAKE]: Recieved login wrapper packet event for channel fml:handshake with index 15
[20Dec2025 03:25:45.377] [Netty Epoll Server IO #2/DEBUG] [net.minecraftforge.network.HandshakeHandler/FMLHANDSHAKE]: Received client indexed reply 15 of type net.minecraftforge.network.HandshakeMessages$C2SAcknowledge
[20Dec2025 03:25:45.377] [Netty Epoll Server IO #2/DEBUG] [net.minecraftforge.network.HandshakeHandler/FMLHANDSHAKE]: Received acknowledgement from client
[20Dec2025 03:25:45.415] [Server thread/DEBUG] [net.minecraftforge.network.HandshakeHandler/FMLHANDSHAKE]: Sending ticking packet info 'Registry minecraft:mob_effect' to 'fml:handshake' sequence 17
[20Dec2025 03:25:45.427] [Netty Epoll Server IO #2/DEBUG] [net.minecraftforge.network.LoginWrapper/FMLHANDSHAKE]: Recieved login wrapper packet event for channel fml:handshake with index 16
[20Dec2025 03:25:45.427] [Netty Epoll Server IO #2/DEBUG] [net.minecraftforge.network.HandshakeHandler/FMLHANDSHAKE]: Received client indexed reply 16 of type net.minecraftforge.network.HandshakeMessages$C2SAcknowledge
[20Dec2025 03:25:45.427] [Netty Epoll Server IO #2/DEBUG] [net.minecraftforge.network.HandshakeHandler/FMLHANDSHAKE]: Received acknowledgement from client
[20Dec2025 03:25:45.464] [Server thread/DEBUG] [net.minecraftforge.network.HandshakeHandler/FMLHANDSHAKE]: Sending ticking packet info 'Registry minecraft:stat_type' to 'fml:handshake' sequence 18
[20Dec2025 03:25:45.480] [Netty Epoll Server IO #2/DEBUG] [net.minecraftforge.network.LoginWrapper/FMLHANDSHAKE]: Recieved login wrapper packet event for channel fml:handshake with index 17
[20Dec2025 03:25:45.480] [Netty Epoll Server IO #2/DEBUG] [net.minecraftforge.network.HandshakeHandler/FMLHANDSHAKE]: Received client indexed reply 17 of type net.minecraftforge.network.HandshakeMessages$C2SAcknowledge
[20Dec2025 03:25:45.480] [Netty Epoll Server IO #2/DEBUG] [net.minecraftforge.network.HandshakeHandler/FMLHANDSHAKE]: Received acknowledgement from client
[20Dec2025 03:25:45.516] [Server thread/DEBUG] [net.minecraftforge.network.HandshakeHandler/FMLHANDSHAKE]: Sending ticking packet info 'Registry minecraft:menu' to 'fml:handshake' sequence 19
[20Dec2025 03:25:45.528] [Netty Epoll Server IO #2/DEBUG] [net.minecraftforge.network.LoginWrapper/FMLHANDSHAKE]: Recieved login wrapper packet event for channel fml:handshake with index 18
[20Dec2025 03:25:45.528] [Netty Epoll Server IO #2/DEBUG] [net.minecraftforge.network.HandshakeHandler/FMLHANDSHAKE]: Received client indexed reply 18 of type net.minecraftforge.network.HandshakeMessages$C2SAcknowledge
[20Dec2025 03:25:45.528] [Netty Epoll Server IO #2/DEBUG] [net.minecraftforge.network.HandshakeHandler/FMLHANDSHAKE]: Received acknowledgement from client
[20Dec2025 03:25:45.568] [Server thread/DEBUG] [net.minecraftforge.network.HandshakeHandler/FMLHANDSHAKE]: Sending ticking packet info 'Registry minecraft:enchantment' to 'fml:handshake' sequence 20
[20Dec2025 03:25:45.581] [Netty Epoll Server IO #2/DEBUG] [net.minecraftforge.network.LoginWrapper/FMLHANDSHAKE]: Recieved login wrapper packet event for channel fml:handshake with index 19
[20Dec2025 03:25:45.581] [Netty Epoll Server IO #2/DEBUG] [net.minecraftforge.network.HandshakeHandler/FMLHANDSHAKE]: Received client indexed reply 19 of type net.minecraftforge.network.HandshakeMessages$C2SAcknowledge
[20Dec2025 03:25:45.581] [Netty Epoll Server IO #2/DEBUG] [net.minecraftforge.network.HandshakeHandler/FMLHANDSHAKE]: Received acknowledgement from client
[20Dec2025 03:25:45.617] [Server thread/DEBUG] [net.minecraftforge.network.HandshakeHandler/FMLHANDSHAKE]: Sending ticking packet info 'Registry minecraft:fluid' to 'fml:handshake' sequence 21
[20Dec2025 03:25:45.632] [Netty Epoll Server IO #2/DEBUG] [net.minecraftforge.network.LoginWrapper/FMLHANDSHAKE]: Recieved login wrapper packet event for channel fml:handshake with index 20
[20Dec2025 03:25:45.632] [Netty Epoll Server IO #2/DEBUG] [net.minecraftforge.network.HandshakeHandler/FMLHANDSHAKE]: Received client indexed reply 20 of type net.minecraftforge.network.HandshakeMessages$C2SAcknowledge
[20Dec2025 03:25:45.632] [Netty Epoll Server IO #2/DEBUG] [net.minecraftforge.network.HandshakeHandler/FMLHANDSHAKE]: Received acknowledgement from client
[20Dec2025 03:25:45.665] [Server thread/DEBUG] [net.minecraftforge.network.HandshakeHandler/FMLHANDSHAKE]: Sending ticking packet info 'Registry minecraft:entity_type' to 'fml:handshake' sequence 22
[20Dec2025 03:25:45.680] [Netty Epoll Server IO #2/DEBUG] [net.minecraftforge.network.LoginWrapper/FMLHANDSHAKE]: Recieved login wrapper packet event for channel fml:handshake with index 21
[20Dec2025 03:25:45.680] [Netty Epoll Server IO #2/DEBUG] [net.minecraftforge.network.HandshakeHandler/FMLHANDSHAKE]: Received client indexed reply 21 of type net.minecraftforge.network.HandshakeMessages$C2SAcknowledge
[20Dec2025 03:25:45.680] [Netty Epoll Server IO #2/DEBUG] [net.minecraftforge.network.HandshakeHandler/FMLHANDSHAKE]: Received acknowledgement from client
[20Dec2025 03:25:45.715] [Server thread/DEBUG] [net.minecraftforge.network.HandshakeHandler/FMLHANDSHAKE]: Sending ticking packet info 'Config curios-server.toml' to 'fml:handshake' sequence 23
[20Dec2025 03:25:45.768] [Server thread/DEBUG] [net.minecraftforge.network.HandshakeHandler/FMLHANDSHAKE]: Sending ticking packet info 'Config jeg-server.toml' to 'fml:handshake' sequence 24
[20Dec2025 03:25:45.815] [Server thread/DEBUG] [net.minecraftforge.network.HandshakeHandler/FMLHANDSHAKE]: Sending ticking packet info 'Config gravestone-server.toml' to 'fml:handshake' sequence 25
[20Dec2025 03:25:45.866] [Server thread/DEBUG] [net.minecraftforge.network.HandshakeHandler/FMLHANDSHAKE]: Sending ticking packet info 'Config travelersbackpack-server.toml' to 'fml:handshake' sequence 26
[20Dec2025 03:25:45.936] [Server thread/DEBUG] [net.minecraftforge.network.HandshakeHandler/FMLHANDSHAKE]: Sending ticking packet info 'Config enchantinginfuser-server.toml' to 'fml:handshake' sequence 27
[20Dec2025 03:25:45.967] [Server thread/DEBUG] [net.minecraftforge.network.HandshakeHandler/FMLHANDSHAKE]: Sending ticking packet info 'Config jei-server.toml' to 'fml:handshake' sequence 28
[20Dec2025 03:25:46.015] [Server thread/DEBUG] [net.minecraftforge.network.HandshakeHandler/FMLHANDSHAKE]: Sending ticking packet info 'Config forge-server.toml' to 'fml:handshake' sequence 29
[20Dec2025 03:25:46.172] [Netty Epoll Server IO #2/DEBUG] [net.minecraftforge.network.LoginWrapper/FMLHANDSHAKE]: Recieved login wrapper packet event for channel fml:handshake with index 22
[20Dec2025 03:25:46.172] [Netty Epoll Server IO #2/DEBUG] [net.minecraftforge.network.HandshakeHandler/FMLHANDSHAKE]: Received client indexed reply 22 of type net.minecraftforge.network.HandshakeMessages$C2SAcknowledge
[20Dec2025 03:25:46.172] [Netty Epoll Server IO #2/DEBUG] [net.minecraftforge.network.HandshakeHandler/FMLHANDSHAKE]: Received acknowledgement from client
[20Dec2025 03:25:46.172] [Netty Epoll Server IO #2/DEBUG] [net.minecraftforge.network.LoginWrapper/FMLHANDSHAKE]: Recieved login wrapper packet event for channel fml:handshake with index 23
[20Dec2025 03:25:46.172] [Netty Epoll Server IO #2/DEBUG] [net.minecraftforge.network.HandshakeHandler/FMLHANDSHAKE]: Received client indexed reply 23 of type net.minecraftforge.network.HandshakeMessages$C2SAcknowledge
[20Dec2025 03:25:46.172] [Netty Epoll Server IO #2/DEBUG] [net.minecraftforge.network.HandshakeHandler/FMLHANDSHAKE]: Received acknowledgement from client
[20Dec2025 03:25:46.172] [Netty Epoll Server IO #2/DEBUG] [net.minecraftforge.network.LoginWrapper/FMLHANDSHAKE]: Recieved login wrapper packet event for channel fml:handshake with index 24
[20Dec2025 03:25:46.172] [Netty Epoll Server IO #2/DEBUG] [net.minecraftforge.network.HandshakeHandler/FMLHANDSHAKE]: Received client indexed reply 24 of type net.minecraftforge.network.HandshakeMessages$C2SAcknowledge
[20Dec2025 03:25:46.172] [Netty Epoll Server IO #2/DEBUG] [net.minecraftforge.network.HandshakeHandler/FMLHANDSHAKE]: Received acknowledgement from client
[20Dec2025 03:25:46.173] [Netty Epoll Server IO #2/DEBUG] [net.minecraftforge.network.LoginWrapper/FMLHANDSHAKE]: Recieved login wrapper packet event for channel fml:handshake with index 25
[20Dec2025 03:25:46.173] [Netty Epoll Server IO #2/DEBUG] [net.minecraftforge.network.HandshakeHandler/FMLHANDSHAKE]: Received client indexed reply 25 of type net.minecraftforge.network.HandshakeMessages$C2SAcknowledge
[20Dec2025 03:25:46.173] [Netty Epoll Server IO #2/DEBUG] [net.minecraftforge.network.HandshakeHandler/FMLHANDSHAKE]: Received acknowledgement from client
[20Dec2025 03:25:46.174] [Netty Epoll Server IO #2/DEBUG] [net.minecraftforge.network.LoginWrapper/FMLHANDSHAKE]: Recieved login wrapper packet event for channel fml:handshake with index 26
[20Dec2025 03:25:46.174] [Netty Epoll Server IO #2/DEBUG] [net.minecraftforge.network.HandshakeHandler/FMLHANDSHAKE]: Received client indexed reply 26 of type net.minecraftforge.network.HandshakeMessages$C2SAcknowledge
[20Dec2025 03:25:46.174] [Netty Epoll Server IO #2/DEBUG] [net.minecraftforge.network.HandshakeHandler/FMLHANDSHAKE]: Received acknowledgement from client
[20Dec2025 03:25:46.175] [Netty Epoll Server IO #2/DEBUG] [net.minecraftforge.network.LoginWrapper/FMLHANDSHAKE]: Recieved login wrapper packet event for channel fml:handshake with index 27
[20Dec2025 03:25:46.175] [Netty Epoll Server IO #2/DEBUG] [net.minecraftforge.network.HandshakeHandler/FMLHANDSHAKE]: Received client indexed reply 27 of type net.minecraftforge.network.HandshakeMessages$C2SAcknowledge
[20Dec2025 03:25:46.175] [Netty Epoll Server IO #2/DEBUG] [net.minecraftforge.network.HandshakeHandler/FMLHANDSHAKE]: Received acknowledgement from client
[20Dec2025 03:25:46.176] [Netty Epoll Server IO #2/DEBUG] [net.minecraftforge.network.LoginWrapper/FMLHANDSHAKE]: Recieved login wrapper packet event for channel fml:handshake with index 28
[20Dec2025 03:25:46.176] [Netty Epoll Server IO #2/DEBUG] [net.minecraftforge.network.HandshakeHandler/FMLHANDSHAKE]: Received client indexed reply 28 of type net.minecraftforge.network.HandshakeMessages$C2SAcknowledge
[20Dec2025 03:25:46.176] [Netty Epoll Server IO #2/DEBUG] [net.minecraftforge.network.HandshakeHandler/FMLHANDSHAKE]: Received acknowledgement from client
[20Dec2025 03:25:46.177] [Netty Epoll Server IO #2/DEBUG] [net.minecraftforge.network.LoginWrapper/FMLHANDSHAKE]: Recieved login wrapper packet event for channel fml:handshake with index 29
[20Dec2025 03:25:46.177] [Netty Epoll Server IO #2/DEBUG] [net.minecraftforge.network.HandshakeHandler/FMLHANDSHAKE]: Received client indexed reply 29 of type net.minecraftforge.network.HandshakeMessages$C2SAcknowledge
[20Dec2025 03:25:46.177] [Netty Epoll Server IO #2/DEBUG] [net.minecraftforge.network.HandshakeHandler/FMLHANDSHAKE]: Received acknowledgement from client
[20Dec2025 03:25:46.216] [Server thread/DEBUG] [net.minecraftforge.network.HandshakeHandler/FMLHANDSHAKE]: Handshake complete!
[20Dec2025 03:25:46.265] [ForkJoinPool.commonPool-worker-1/DEBUG] [SkinRestorer/]: Fetching Crowdante53's skin
[20Dec2025 03:25:46.330] [Server thread/INFO] [net.minecraft.server.players.PlayerList/]: Crowdante53[/127.58.36.201:38827] logged in with entity id 877 at (-118.89503850351697, 62.9375, 43.50823722007772)
[20Dec2025 03:25:46.331] [Server thread/DEBUG] [net.minecraftforge.network.filters.NetworkFilters/]: Injected net.minecraftforge.network.filters.ForgeConnectionNetworkFilter@63847e5 into net.minecraft.network.Connection@18973b2
[20Dec2025 03:25:46.341] [Server thread/INFO] [net.minecraft.server.MinecraftServer/]: Crowdante53 joined the game
[20Dec2025 03:25:46.380] [Server thread/INFO] [Jade/]: Syncing config to Crowdante53 (8744c8f4-4c4b-3768-9a3b-15d229f12b52)
[20Dec2025 03:26:53.451] [Server thread/WARN] [net.minecraft.server.level.ServerPlayerGameMode/]: Mismatch in destroy block pos: BlockPos{x=0, y=0, z=0} BlockPos{x=-78, y=66, z=11}
[20Dec2025 03:27:55.287] [Server thread/DEBUG] [net.minecraftforge.common.ForgeHooks/WP]: Gathering id map for writing to world save world
[20Dec2025 03:27:55.304] [Server thread/DEBUG] [net.minecraftforge.common.ForgeHooks/WP]: ID Map collection complete world
[20Dec2025 03:27:58.271] [Server thread/INFO] [net.minecraft.server.MinecraftServer/]: Crowdante53 has made the advancement [A Mob in Your Pocket]
[20Dec2025 03:31:53.869] [Server thread/INFO] [net.minecraft.server.MinecraftServer/]: AcidD_x was slain by Zombie
[20Dec2025 03:31:53.872] [Server thread/INFO] [gravestone/]: The death ID of player AcidD_x is bc3c4147-c6fb-4fd8-8aa9-d52311c64a78
[20Dec2025 03:32:05.348] [Server thread/INFO] [net.minecraft.server.MinecraftServer/]: [TheAstoria1090: Teleported AcidD_x to TheAstoria1090]
[20Dec2025 03:32:41.647] [Server thread/INFO] [net.minecraft.server.MinecraftServer/]: [TheAstoria1090: Teleported AcidD_x to 37.500000, -51.000000, 165.500000]
[20Dec2025 03:32:47.576] [Server thread/INFO] [net.minecraft.server.MinecraftServer/]: [TheAstoria1090: Teleported AcidD_x to TheAstoria1090]
[20Dec2025 03:32:55.327] [Server thread/DEBUG] [net.minecraftforge.common.ForgeHooks/WP]: Gathering id map for writing to world save world
[20Dec2025 03:32:55.402] [Server thread/DEBUG] [net.minecraftforge.common.ForgeHooks/WP]: ID Map collection complete world
[20Dec2025 03:36:13.434] [Server thread/INFO] [net.minecraft.server.MinecraftServer/]: AcidD_x fell from a high place
[20Dec2025 03:36:13.436] [Server thread/INFO] [gravestone/]: The death ID of player AcidD_x is b04a0ecf-41b3-49a2-8cf8-335dc6ba1499
[20Dec2025 03:37:37.426] [Server thread/INFO] [net.minecraft.server.MinecraftServer/]: [TheAstoria1090: Gave 32 [Shotgun Shell] to TheAstoria1090]
[20Dec2025 03:37:47.198] [Server thread/INFO] [net.minecraft.server.MinecraftServer/]: [TheAstoria1090: Gave 1 [Benelli M4] to TheAstoria1090]
[20Dec2025 03:37:55.254] [Server thread/DEBUG] [net.minecraftforge.common.ForgeHooks/WP]: Gathering id map for writing to world save world
[20Dec2025 03:37:55.282] [Server thread/DEBUG] [net.minecraftforge.common.ForgeHooks/WP]: ID Map collection complete world
[20Dec2025 03:40:17.639] [Server thread/WARN] [net.minecraft.server.level.ServerPlayerGameMode/]: Mismatch in destroy block pos: BlockPos{x=-126, y=63, z=48} BlockPos{x=-127, y=62, z=49}
[20Dec2025 03:42:55.273] [Server thread/DEBUG] [net.minecraftforge.common.ForgeHooks/WP]: Gathering id map for writing to world save world
[20Dec2025 03:42:55.281] [Server thread/DEBUG] [net.minecraftforge.common.ForgeHooks/WP]: ID Map collection complete world
[20Dec2025 03:43:44.679] [Server thread/WARN] [net.minecraft.server.MinecraftServer/]: Can't keep up! Is the server overloaded? Running 2121ms or 42 ticks behind
[20Dec2025 03:43:44.754] [Server thread/WARN] [net.minecraft.server.network.ServerGamePacketListenerImpl/]: TheAstoria1090 moved too quickly! 2.8968808539848823,1.495200877005928,-9.642115842164138
[20Dec2025 03:46:20.751] [Worker-Main-3/DEBUG] [mixin/]: Mixing gen.WorldGenRegionMixin from iceandfire.mixins.json into net.minecraft.server.level.WorldGenRegion
[20Dec2025 03:46:21.454] [Worker-Main-2/DEBUG] [mixin/]: Mixing BeardifierMixin from yungsapi.mixins.json into net.minecraft.world.level.levelgen.Beardifier
[20Dec2025 03:46:21.471] [Worker-Main-2/DEBUG] [mixin/]: Mixing accessor.BeardifierAccessor from yungsapi.mixins.json into net.minecraft.world.level.levelgen.Beardifier
[20Dec2025 03:46:21.586] [Worker-Main-2/DEBUG] [mixin/]: Mixing aquiferfix.AquiferMixin from bettercaves.mixins.json into net.minecraft.world.level.levelgen.Aquifer$NoiseBasedAquifer
[20Dec2025 03:46:22.080] [Worker-Main-3/INFO] [bettercaves/]: CREATING AND INIT'ING MASTER CONTROLLER...
[20Dec2025 03:46:22.093] [Worker-Main-3/DEBUG] [bettercaves/]: CAVE INFORMATION
[20Dec2025 03:46:22.093] [Worker-Main-3/DEBUG] [bettercaves/]: --> MAX POSSIBLE THRESHOLD: 1.0
[20Dec2025 03:46:22.093] [Worker-Main-3/DEBUG] [bettercaves/]: --> TOTAL SPAWN WEIGHT: 15
[20Dec2025 03:46:22.093] [Worker-Main-3/DEBUG] [bettercaves/]: --> TOTAL RANGE LENGTH: 2.0
[20Dec2025 03:46:22.093] [Worker-Main-3/DEBUG] [bettercaves/]: --> CARVER
[20Dec2025 03:46:22.094] [Worker-Main-3/DEBUG] [bettercaves/]:     --> RANGE FOUND: [-1.00, 0.33] (0.7890%) -- smooth cutoffs: [-0.29, 0.05]
[20Dec2025 03:46:22.094] [Worker-Main-3/DEBUG] [bettercaves/]: --> CARVER
[20Dec2025 03:46:22.095] [Worker-Main-3/DEBUG] [bettercaves/]:     --> RANGE FOUND: [0.33, 1.00] (0.2110%) -- smooth cutoffs: [0.42, 0.56]
[20Dec2025 03:46:22.098] [Worker-Main-3/DEBUG] [bettercaves/]: CAVERN INFORMATION
[20Dec2025 03:46:22.098] [Worker-Main-3/DEBUG] [bettercaves/]: --> SPAWN CHANCE SET TO: 0.23
[20Dec2025 03:46:22.099] [Worker-Main-3/DEBUG] [bettercaves/]: --> TOTAL SPAWN WEIGHT: 20
[20Dec2025 03:46:22.099] [Worker-Main-3/DEBUG] [bettercaves/]: --> DEADZONE PERCENT: 0.77(0.77 TOTAL)
[20Dec2025 03:46:22.100] [Worker-Main-3/DEBUG] [bettercaves/]: --> CARVER
[20Dec2025 03:46:22.100] [Worker-Main-3/DEBUG] [bettercaves/]:     --> RANGE PERCENT LENGTH WANTED: 0.115
[20Dec2025 03:46:22.101] [Worker-Main-3/DEBUG] [bettercaves/]:     --> RANGE FOUND: [-1.00, -0.46] (0.1207%) -- smooth cutoffs: [-0.61, -0.53]
[20Dec2025 03:46:22.101] [Worker-Main-3/DEBUG] [bettercaves/]: --> CARVER
[20Dec2025 03:46:22.101] [Worker-Main-3/DEBUG] [bettercaves/]:     --> RANGE PERCENT LENGTH WANTED: 0.115
[20Dec2025 03:46:22.102] [Worker-Main-3/DEBUG] [bettercaves/]:     --> RANGE FOUND: [0.48, 0.77] (0.1150%) -- smooth cutoffs: [0.54, 0.63]
[20Dec2025 03:46:22.102] [Worker-Main-3/DEBUG] [bettercaves/]: MASTER CONTROLLER INITIALIZED
[20Dec2025 03:46:38.754] [Worker-Main-1/WARN] [net.minecraft.world.entity.EntityType/]: Skipping Entity with id scpo:scp_106
[20Dec2025 03:47:57.345] [Server thread/DEBUG] [net.minecraftforge.common.ForgeHooks/WP]: Gathering id map for writing to world save world
[20Dec2025 03:47:57.353] [Server thread/DEBUG] [net.minecraftforge.common.ForgeHooks/WP]: ID Map collection complete world
[20Dec2025 03:52:57.349] [Server thread/DEBUG] [net.minecraftforge.common.ForgeHooks/WP]: Gathering id map for writing to world save world
[20Dec2025 03:52:57.357] [Server thread/DEBUG] [net.minecraftforge.common.ForgeHooks/WP]: ID Map collection complete world
[20Dec2025 03:54:04.175] [Server thread/INFO] [net.minecraft.server.MinecraftServer/]: [TheAstoria1090: Teleported AcidD_x to TheAstoria1090]
[20Dec2025 03:57:57.338] [Server thread/DEBUG] [net.minecraftforge.common.ForgeHooks/WP]: Gathering id map for writing to world save world
[20Dec2025 03:57:57.346] [Server thread/DEBUG] [net.minecraftforge.common.ForgeHooks/WP]: ID Map collection complete world
[20Dec2025 03:58:10.015] [Server thread/INFO] [net.minecraft.server.MinecraftServer/]: [TheAstoria1090: Gave 1 [Rifle Ammo] to TheAstoria1090]
[20Dec2025 03:59:43.552] [Server thread/INFO] [net.minecraft.server.MinecraftServer/]: AcidD_x has made the advancement [Getting Started]
[20Dec2025 04:00:25.172] [Server thread/INFO] [net.minecraft.server.MinecraftServer/]: AcidD_x has made the advancement [Craft basic backpack]
[20Dec2025 04:02:57.340] [Server thread/DEBUG] [net.minecraftforge.common.ForgeHooks/WP]: Gathering id map for writing to world save world
[20Dec2025 04:02:57.348] [Server thread/DEBUG] [net.minecraftforge.common.ForgeHooks/WP]: ID Map collection complete world
[20Dec2025 04:07:57.348] [Server thread/DEBUG] [net.minecraftforge.common.ForgeHooks/WP]: Gathering id map for writing to world save world
[20Dec2025 04:07:57.356] [Server thread/DEBUG] [net.minecraftforge.common.ForgeHooks/WP]: ID Map collection complete world
[20Dec2025 04:12:26.414] [Worker-Main-3/DEBUG] [Dungeon Crawl/]: Building dungeoncrawl:default/room/spawner_room_2 with rotation NONE at (-409 | 28 | -408)
[20Dec2025 04:12:26.422] [Worker-Main-3/DEBUG] [Dungeon Crawl/]: Finished building dungeoncrawl:default/room/spawner_room_2 with rotation NONE at (-409 | 28 | -408)
[20Dec2025 04:12:26.423] [Worker-Main-3/DEBUG] [Dungeon Crawl/]: Building dungeoncrawl:default/multipart/corridor/chest_room with rotation COUNTERCLOCKWISE_90 at (-412 | 28 | -397)
[20Dec2025 04:12:26.425] [Worker-Main-3/DEBUG] [Dungeon Crawl/]: Finished building dungeoncrawl:default/multipart/corridor/chest_room with rotation COUNTERCLOCKWISE_90 at (-412 | 28 | -397)
[20Dec2025 04:12:26.425] [Worker-Main-3/DEBUG] [Dungeon Crawl/]: Building dungeoncrawl:default/multipart/corridor/spawner with rotation CLOCKWISE_90 at (-403 | 28 | -396)
[20Dec2025 04:12:26.426] [Worker-Main-3/DEBUG] [Dungeon Crawl/]: Finished building dungeoncrawl:default/multipart/corridor/spawner with rotation CLOCKWISE_90 at (-403 | 28 | -396)
[20Dec2025 04:12:26.426] [Worker-Main-3/DEBUG] [Dungeon Crawl/]: Building dungeoncrawl:default/corridor/corridor with rotation COUNTERCLOCKWISE_90 at (-408 | 28 | -399)
[20Dec2025 04:12:26.428] [Worker-Main-3/DEBUG] [Dungeon Crawl/]: Finished building dungeoncrawl:default/corridor/corridor with rotation COUNTERCLOCKWISE_90 at (-408 | 28 | -399)
[20Dec2025 04:12:26.428] [Worker-Main-3/DEBUG] [Dungeon Crawl/]: Building dungeoncrawl:default/multipart/corridor/default with rotation COUNTERCLOCKWISE_90 at (-408 | 28 | -387)
[20Dec2025 04:12:26.428] [Worker-Main-3/DEBUG] [Dungeon Crawl/]: Finished building dungeoncrawl:default/multipart/corridor/default with rotation COUNTERCLOCKWISE_90 at (-408 | 28 | -387)
[20Dec2025 04:12:26.428] [Worker-Main-3/DEBUG] [Dungeon Crawl/]: Building dungeoncrawl:default/multipart/corridor/default with rotation CLOCKWISE_90 at (-403 | 28 | -387)
[20Dec2025 04:12:26.428] [Worker-Main-3/DEBUG] [Dungeon Crawl/]: Finished building dungeoncrawl:default/multipart/corridor/default with rotation CLOCKWISE_90 at (-403 | 28 | -387)
[20Dec2025 04:12:26.428] [Worker-Main-3/DEBUG] [Dungeon Crawl/]: Building dungeoncrawl:default/corridor/corridor with rotation COUNTERCLOCKWISE_90 at (-408 | 28 | -390)
[20Dec2025 04:12:26.429] [Worker-Main-3/DEBUG] [Dungeon Crawl/]: Finished building dungeoncrawl:default/corridor/corridor with rotation COUNTERCLOCKWISE_90 at (-408 | 28 | -390)
[20Dec2025 04:12:26.550] [Worker-Main-1/DEBUG] [Dungeon Crawl/]: Building dungeoncrawl:default/node/dark_hall with rotation NONE at (-440 | 19 | -394)
[20Dec2025 04:12:26.557] [Worker-Main-1/DEBUG] [Dungeon Crawl/]: Finished building dungeoncrawl:default/node/dark_hall with rotation NONE at (-440 | 19 | -394)
[20Dec2025 04:12:26.601] [Worker-Main-1/DEBUG] [Dungeon Crawl/]: Building dungeoncrawl:default/multipart/corridor/variant with rotation NONE at (-449 | 19 | -389)
[20Dec2025 04:12:26.602] [Worker-Main-1/DEBUG] [Dungeon Crawl/]: Finished building dungeoncrawl:default/multipart/corridor/variant with rotation NONE at (-449 | 19 | -389)
[20Dec2025 04:12:26.602] [Worker-Main-1/DEBUG] [Dungeon Crawl/]: Building dungeoncrawl:default/corridor/corridor_3 with rotation NONE at (-454 | 19 | -388)
[20Dec2025 04:12:26.602] [Worker-Main-1/DEBUG] [Dungeon Crawl/]: Finished building dungeoncrawl:default/corridor/corridor_3 with rotation NONE at (-454 | 19 | -388)
[20Dec2025 04:12:26.602] [Worker-Main-1/DEBUG] [Dungeon Crawl/]: Building dungeoncrawl:default/node/connector/connector_3 with rotation NONE at (-445 | 19 | -389)
[20Dec2025 04:12:26.603] [Worker-Main-1/DEBUG] [Dungeon Crawl/]: Finished building dungeoncrawl:default/node/connector/connector_3 with rotation NONE at (-445 | 19 | -389)
[20Dec2025 04:12:26.603] [Worker-Main-1/DEBUG] [Dungeon Crawl/]: Building dungeoncrawl:default/node/dark_hall with rotation NONE at (-440 | 19 | -394)
[20Dec2025 04:12:26.606] [Worker-Main-1/DEBUG] [Dungeon Crawl/]: Finished building dungeoncrawl:default/node/dark_hall with rotation NONE at (-440 | 19 | -394)
[20Dec2025 04:12:26.606] [Worker-Main-1/DEBUG] [Dungeon Crawl/]: Building dungeoncrawl:default/node/connector/connector_lava with rotation COUNTERCLOCKWISE_90 at (-444 | -8 | -404)
[20Dec2025 04:12:26.606] [Worker-Main-1/DEBUG] [Dungeon Crawl/]: Finished building dungeoncrawl:default/node/connector/connector_lava with rotation COUNTERCLOCKWISE_90 at (-444 | -8 | -404)
[20Dec2025 04:12:26.606] [Worker-Main-1/DEBUG] [Dungeon Crawl/]: Building dungeoncrawl:default/node/connector/connector_6 with rotation CLOCKWISE_90 at (-444 | -8 | -399)
[20Dec2025 04:12:26.607] [Worker-Main-1/DEBUG] [Dungeon Crawl/]: Finished building dungeoncrawl:default/node/connector/connector_6 with rotation CLOCKWISE_90 at (-444 | -8 | -399)
[20Dec2025 04:12:26.607] [Worker-Main-1/DEBUG] [Dungeon Crawl/]: Building dungeoncrawl:hell/node/lava_hall with rotation CLOCKWISE_90 at (-449 | -8 | -394)
[20Dec2025 04:12:26.612] [Worker-Main-1/DEBUG] [Dungeon Crawl/]: Finished building dungeoncrawl:hell/node/lava_hall with rotation CLOCKWISE_90 at (-449 | -8 | -394)
[20Dec2025 04:12:39.158] [Worker-Main-2/DEBUG] [Dungeon Crawl/]: Building dungeoncrawl:default/room/spawner_room_2 with rotation NONE at (-409 | 28 | -408)
[20Dec2025 04:12:39.161] [Worker-Main-2/DEBUG] [Dungeon Crawl/]: Finished building dungeoncrawl:default/room/spawner_room_2 with rotation NONE at (-409 | 28 | -408)
[20Dec2025 04:12:39.631] [Worker-Main-1/DEBUG] [Dungeon Crawl/]: Building dungeoncrawl:default/node/connector/connector_lava with rotation COUNTERCLOCKWISE_90 at (-444 | -8 | -404)
[20Dec2025 04:12:39.633] [Worker-Main-1/DEBUG] [Dungeon Crawl/]: Finished building dungeoncrawl:default/node/connector/connector_lava with rotation COUNTERCLOCKWISE_90 at (-444 | -8 | -404)
[20Dec2025 04:12:39.633] [Worker-Main-1/DEBUG] [Dungeon Crawl/]: Building dungeoncrawl:hell/node/small_loot_room with rotation COUNTERCLOCKWISE_90 at (-449 | -9 | -421)
[20Dec2025 04:12:39.638] [Worker-Main-1/DEBUG] [Dungeon Crawl/]: Finished building dungeoncrawl:hell/node/small_loot_room with rotation COUNTERCLOCKWISE_90 at (-449 | -9 | -421)
[20Dec2025 04:12:43.729] [Worker-Main-2/DEBUG] [Dungeon Crawl/]: Building dungeoncrawl:default/multipart/short_node_connector with rotation CLOCKWISE_90 at (-443 | -8 | -432)
[20Dec2025 04:12:43.730] [Worker-Main-2/DEBUG] [Dungeon Crawl/]: Finished building dungeoncrawl:default/multipart/short_node_connector with rotation CLOCKWISE_90 at (-443 | -8 | -432)
[20Dec2025 04:12:43.730] [Worker-Main-2/DEBUG] [Dungeon Crawl/]: Building dungeoncrawl:default/node/connector/connector_6 with rotation COUNTERCLOCKWISE_90 at (-444 | -8 | -431)
[20Dec2025 04:12:43.731] [Worker-Main-2/DEBUG] [Dungeon Crawl/]: Finished building dungeoncrawl:default/node/connector/connector_6 with rotation COUNTERCLOCKWISE_90 at (-444 | -8 | -431)
[20Dec2025 04:12:43.731] [Worker-Main-2/DEBUG] [Dungeon Crawl/]: Building dungeoncrawl:default/node/connector/connector_lava with rotation CLOCKWISE_90 at (-444 | -8 | -426)
[20Dec2025 04:12:43.731] [Worker-Main-2/DEBUG] [Dungeon Crawl/]: Finished building dungeoncrawl:default/node/connector/connector_lava with rotation CLOCKWISE_90 at (-444 | -8 | -426)
[20Dec2025 04:12:43.731] [Worker-Main-2/DEBUG] [Dungeon Crawl/]: Building dungeoncrawl:hell/node/small_loot_room with rotation COUNTERCLOCKWISE_90 at (-449 | -9 | -421)
[20Dec2025 04:12:43.732] [Worker-Main-2/DEBUG] [Dungeon Crawl/]: Finished building dungeoncrawl:hell/node/small_loot_room with rotation COUNTERCLOCKWISE_90 at (-449 | -9 | -421)
[20Dec2025 04:12:44.355] [Worker-Main-3/DEBUG] [Dungeon Crawl/]: Building dungeoncrawl:default/node/jukebox_room with rotation COUNTERCLOCKWISE_90 at (-474 | 28 | -401)
[20Dec2025 04:12:44.355] [Worker-Main-3/DEBUG] [Dungeon Crawl/]: Finished building dungeoncrawl:default/node/jukebox_room with rotation COUNTERCLOCKWISE_90 at (-474 | 28 | -401)
[20Dec2025 04:12:44.355] [Worker-Main-3/DEBUG] [Dungeon Crawl/]: Building dungeoncrawl:default/room/spawner_room_2 with rotation NONE at (-472 | 19 | -390)
[20Dec2025 04:12:44.356] [Worker-Main-3/DEBUG] [Dungeon Crawl/]: Finished building dungeoncrawl:default/room/spawner_room_2 with rotation NONE at (-472 | 19 | -390)
[20Dec2025 04:12:44.356] [Worker-Main-3/DEBUG] [Dungeon Crawl/]: Building dungeoncrawl:default/multipart/corridor/default with rotation NONE at (-462 | 19 | -389)
[20Dec2025 04:12:44.356] [Worker-Main-3/DEBUG] [Dungeon Crawl/]: Finished building dungeoncrawl:default/multipart/corridor/default with rotation NONE at (-462 | 19 | -389)
[20Dec2025 04:12:44.356] [Worker-Main-3/DEBUG] [Dungeon Crawl/]: Building dungeoncrawl:default/multipart/corridor/fire with rotation NONE at (-458 | 19 | -391)
[20Dec2025 04:12:44.356] [Worker-Main-3/DEBUG] [Dungeon Crawl/]: Finished building dungeoncrawl:default/multipart/corridor/fire with rotation NONE at (-458 | 19 | -391)
[20Dec2025 04:12:44.356] [Worker-Main-3/DEBUG] [Dungeon Crawl/]: Building dungeoncrawl:default/corridor/corridor_3 with rotation NONE at (-463 | 19 | -388)
[20Dec2025 04:12:44.356] [Worker-Main-3/DEBUG] [Dungeon Crawl/]: Finished building dungeoncrawl:default/corridor/corridor_3 with rotation NONE at (-463 | 19 | -388)
[20Dec2025 04:12:44.356] [Worker-Main-3/DEBUG] [Dungeon Crawl/]: Building dungeoncrawl:default/multipart/corridor/variant_2 with rotation NONE at (-453 | 19 | -389)
[20Dec2025 04:12:44.357] [Worker-Main-3/DEBUG] [Dungeon Crawl/]: Finished building dungeoncrawl:default/multipart/corridor/variant_2 with rotation NONE at (-453 | 19 | -389)
[20Dec2025 04:12:44.357] [Worker-Main-3/DEBUG] [Dungeon Crawl/]: Building dungeoncrawl:default/multipart/corridor/variant with rotation NONE at (-449 | 19 | -389)
[20Dec2025 04:12:44.357] [Worker-Main-3/DEBUG] [Dungeon Crawl/]: Finished building dungeoncrawl:default/multipart/corridor/variant with rotation NONE at (-449 | 19 | -389)
[20Dec2025 04:12:44.357] [Worker-Main-3/DEBUG] [Dungeon Crawl/]: Building dungeoncrawl:default/corridor/corridor_3 with rotation NONE at (-454 | 19 | -388)
[20Dec2025 04:12:44.357] [Worker-Main-3/DEBUG] [Dungeon Crawl/]: Finished building dungeoncrawl:default/corridor/corridor_3 with rotation NONE at (-454 | 19 | -388)
[20Dec2025 04:12:44.357] [Worker-Main-3/DEBUG] [Dungeon Crawl/]: Building dungeoncrawl:default/multipart/short_node_connector with rotation NONE at (-460 | -8 | -388)
[20Dec2025 04:12:44.357] [Worker-Main-3/DEBUG] [Dungeon Crawl/]: Finished building dungeoncrawl:default/multipart/short_node_connector with rotation NONE at (-460 | -8 | -388)
[20Dec2025 04:12:44.357] [Worker-Main-3/DEBUG] [Dungeon Crawl/]: Building dungeoncrawl:default/node/connector/connector_lava with rotation CLOCKWISE_180 at (-459 | -8 | -389)
[20Dec2025 04:12:44.358] [Worker-Main-3/DEBUG] [Dungeon Crawl/]: Finished building dungeoncrawl:default/node/connector/connector_lava with rotation CLOCKWISE_180 at (-459 | -8 | -389)
[20Dec2025 04:12:44.358] [Worker-Main-3/DEBUG] [Dungeon Crawl/]: Building dungeoncrawl:catacombs/node/room_2 with rotation CLOCKWISE_180 at (-475 | -8 | -393)
[20Dec2025 04:12:44.359] [Worker-Main-3/DEBUG] [Dungeon Crawl/]: Finished building dungeoncrawl:catacombs/node/room_2 with rotation CLOCKWISE_180 at (-475 | -8 | -393)
[20Dec2025 04:12:44.359] [Worker-Main-3/DEBUG] [Dungeon Crawl/]: Building dungeoncrawl:default/node/connector/connector_lava with rotation NONE at (-454 | -8 | -389)
[20Dec2025 04:12:44.360] [Worker-Main-3/DEBUG] [Dungeon Crawl/]: Finished building dungeoncrawl:default/node/connector/connector_lava with rotation NONE at (-454 | -8 | -389)
[20Dec2025 04:12:44.360] [Worker-Main-3/DEBUG] [Dungeon Crawl/]: Building dungeoncrawl:hell/node/lava_hall with rotation CLOCKWISE_90 at (-449 | -8 | -394)
[20Dec2025 04:12:44.360] [Worker-Main-3/DEBUG] [Dungeon Crawl/]: Finished building dungeoncrawl:hell/node/lava_hall with rotation CLOCKWISE_90 at (-449 | -8 | -394)
[20Dec2025 04:12:44.419] [Worker-Main-2/DEBUG] [Dungeon Crawl/]: Building dungeoncrawl:hell/node/small_loot_room with rotation COUNTERCLOCKWISE_90 at (-449 | -9 | -421)
[20Dec2025 04:12:44.421] [Worker-Main-2/DEBUG] [Dungeon Crawl/]: Finished building dungeoncrawl:hell/node/small_loot_room with rotation COUNTERCLOCKWISE_90 at (-449 | -9 | -421)
[20Dec2025 04:12:44.426] [Worker-Main-3/DEBUG] [Dungeon Crawl/]: Building dungeoncrawl:default/node/jukebox_room with rotation COUNTERCLOCKWISE_90 at (-474 | 28 | -401)
[20Dec2025 04:12:44.426] [Worker-Main-3/DEBUG] [Dungeon Crawl/]: Finished building dungeoncrawl:default/node/jukebox_room with rotation COUNTERCLOCKWISE_90 at (-474 | 28 | -401)
[20Dec2025 04:12:44.426] [Worker-Main-3/DEBUG] [Dungeon Crawl/]: Building dungeoncrawl:hell/node/small_loot_room with rotation COUNTERCLOCKWISE_90 at (-449 | -9 | -421)
[20Dec2025 04:12:44.427] [Worker-Main-3/DEBUG] [Dungeon Crawl/]: Finished building dungeoncrawl:hell/node/small_loot_room with rotation COUNTERCLOCKWISE_90 at (-449 | -9 | -421)
[20Dec2025 04:12:47.966] [Worker-Main-1/DEBUG] [Dungeon Crawl/]: Building dungeoncrawl:default/node/jukebox_room with rotation COUNTERCLOCKWISE_90 at (-474 | 28 | -401)
[20Dec2025 04:12:47.967] [Worker-Main-1/DEBUG] [Dungeon Crawl/]: Finished building dungeoncrawl:default/node/jukebox_room with rotation COUNTERCLOCKWISE_90 at (-474 | 28 | -401)
[20Dec2025 04:12:47.967] [Worker-Main-1/DEBUG] [Dungeon Crawl/]: Building dungeoncrawl:catacombs/multipart/node/ceiling/crumbled with rotation NONE at (-479 | 7 | -406)
[20Dec2025 04:12:47.967] [Worker-Main-1/DEBUG] [Dungeon Crawl/]: Finished building dungeoncrawl:catacombs/multipart/node/ceiling/crumbled with rotation NONE at (-479 | 7 | -406)
[20Dec2025 04:12:47.969] [Worker-Main-1/DEBUG] [Dungeon Crawl/]: Running decoration VineDecoration[chance=0.35] for dungeoncrawl:catacombs/multipart/node/ceiling/crumbled at (-479 | 7 | -406)
[20Dec2025 04:12:47.970] [Worker-Main-1/DEBUG] [Dungeon Crawl/]: Finished decoration VineDecoration[chance=0.35] for dungeoncrawl:catacombs/multipart/node/ceiling/crumbled at (-479 | 7 | -406)
[20Dec2025 04:12:47.970] [Worker-Main-1/DEBUG] [Dungeon Crawl/]: Building dungeoncrawl:catacombs/node/sewers_fork with rotation NONE at (-485 | 0 | -412)
[20Dec2025 04:12:47.972] [Worker-Main-1/DEBUG] [Dungeon Crawl/]: Finished building dungeoncrawl:catacombs/node/sewers_fork with rotation NONE at (-485 | 0 | -412)
[20Dec2025 04:12:47.972] [Worker-Main-1/DEBUG] [Dungeon Crawl/]: Running decoration VineDecoration[chance=0.35] for dungeoncrawl:catacombs/node/sewers_fork at (-485 | 0 | -412)
[20Dec2025 04:12:47.974] [Worker-Main-1/DEBUG] [Dungeon Crawl/]: Finished decoration VineDecoration[chance=0.35] for dungeoncrawl:catacombs/node/sewers_fork at (-485 | 0 | -412)
[20Dec2025 04:12:47.980] [Worker-Main-1/DEBUG] [Dungeon Crawl/]: Building dungeoncrawl:default/multipart/node_connector with rotation CLOCKWISE_90 at (-470 | 28 | -388)
[20Dec2025 04:12:47.980] [Worker-Main-1/DEBUG] [Dungeon Crawl/]: Finished building dungeoncrawl:default/multipart/node_connector with rotation CLOCKWISE_90 at (-470 | 28 | -388)
[20Dec2025 04:12:47.980] [Worker-Main-1/DEBUG] [Dungeon Crawl/]: Building dungeoncrawl:default/node/connector/connector with rotation COUNTERCLOCKWISE_90 at (-470 | 28 | -386)
[20Dec2025 04:12:47.980] [Worker-Main-1/DEBUG] [Dungeon Crawl/]: Finished building dungeoncrawl:default/node/connector/connector with rotation COUNTERCLOCKWISE_90 at (-470 | 28 | -386)
[20Dec2025 04:12:47.980] [Worker-Main-1/DEBUG] [Dungeon Crawl/]: Building dungeoncrawl:default/node/jukebox_room with rotation COUNTERCLOCKWISE_90 at (-474 | 28 | -401)
[20Dec2025 04:12:47.982] [Worker-Main-1/DEBUG] [Dungeon Crawl/]: Finished building dungeoncrawl:default/node/jukebox_room with rotation COUNTERCLOCKWISE_90 at (-474 | 28 | -401)
[20Dec2025 04:12:47.982] [Worker-Main-1/DEBUG] [Dungeon Crawl/]: Building dungeoncrawl:default/multipart/corridor/variant with rotation NONE at (-476 | 19 | -389)
[20Dec2025 04:12:47.982] [Worker-Main-1/DEBUG] [Dungeon Crawl/]: Finished building dungeoncrawl:default/multipart/corridor/variant with rotation NONE at (-476 | 19 | -389)
[20Dec2025 04:12:47.982] [Worker-Main-1/DEBUG] [Dungeon Crawl/]: Building dungeoncrawl:default/multipart/corridor/chest with rotation NONE at (-480 | 19 | -389)
[20Dec2025 04:12:47.982] [Worker-Main-1/DEBUG] [Dungeon Crawl/]: Finished building dungeoncrawl:default/multipart/corridor/chest with rotation NONE at (-480 | 19 | -389)
[20Dec2025 04:12:47.982] [Worker-Main-1/DEBUG] [Dungeon Crawl/]: Building dungeoncrawl:default/corridor/corridor_3 with rotation CLOCKWISE_180 at (-481 | 19 | -388)
[20Dec2025 04:12:47.983] [Worker-Main-1/DEBUG] [Dungeon Crawl/]: Finished building dungeoncrawl:default/corridor/corridor_3 with rotation CLOCKWISE_180 at (-481 | 19 | -388)
[20Dec2025 04:12:47.983] [Worker-Main-1/DEBUG] [Dungeon Crawl/]: Building dungeoncrawl:default/room/spawner_room_2 with rotation NONE at (-472 | 19 | -390)
[20Dec2025 04:12:47.984] [Worker-Main-1/DEBUG] [Dungeon Crawl/]: Finished building dungeoncrawl:default/room/spawner_room_2 with rotation NONE at (-472 | 19 | -390)
[20Dec2025 04:12:47.984] [Worker-Main-1/DEBUG] [Dungeon Crawl/]: Building dungeoncrawl:default/node/connector/connector_4 with rotation COUNTERCLOCKWISE_90 at (-479 | 1 | -395)
[20Dec2025 04:12:47.985] [Worker-Main-1/DEBUG] [Dungeon Crawl/]: Finished building dungeoncrawl:default/node/connector/connector_4 with rotation COUNTERCLOCKWISE_90 at (-479 | 1 | -395)
[20Dec2025 04:12:47.985] [Worker-Main-1/DEBUG] [Dungeon Crawl/]: Running decoration VineDecoration[chance=0.35] for dungeoncrawl:default/node/connector/connector_4 at (-479 | 1 | -395)
[20Dec2025 04:12:47.985] [Worker-Main-1/DEBUG] [Dungeon Crawl/]: Finished decoration VineDecoration[chance=0.35] for dungeoncrawl:default/node/connector/connector_4 at (-479 | 1 | -395)
[20Dec2025 04:12:47.985] [Worker-Main-1/DEBUG] [Dungeon Crawl/]: Building dungeoncrawl:catacombs/node/sewers_fork with rotation NONE at (-485 | 0 | -412)
[20Dec2025 04:12:47.986] [Worker-Main-1/DEBUG] [Dungeon Crawl/]: Finished building dungeoncrawl:catacombs/node/sewers_fork with rotation NONE at (-485 | 0 | -412)
[20Dec2025 04:12:47.986] [Worker-Main-1/DEBUG] [Dungeon Crawl/]: Running decoration VineDecoration[chance=0.35] for dungeoncrawl:catacombs/node/sewers_fork at (-485 | 0 | -412)
[20Dec2025 04:12:47.987] [Worker-Main-1/DEBUG] [Dungeon Crawl/]: Finished decoration VineDecoration[chance=0.35] for dungeoncrawl:catacombs/node/sewers_fork at (-485 | 0 | -412)
[20Dec2025 04:12:47.987] [Worker-Main-1/DEBUG] [Dungeon Crawl/]: Building dungeoncrawl:default/multipart/short_node_connector with rotation COUNTERCLOCKWISE_90 at (-479 | 1 | -385)
[20Dec2025 04:12:47.987] [Worker-Main-1/DEBUG] [Dungeon Crawl/]: Finished building dungeoncrawl:default/multipart/short_node_connector with rotation COUNTERCLOCKWISE_90 at (-479 | 1 | -385)
[20Dec2025 04:12:47.987] [Worker-Main-1/DEBUG] [Dungeon Crawl/]: Running decoration VineDecoration[chance=0.35] for dungeoncrawl:default/multipart/short_node_connector at (-479 | 1 | -385)
[20Dec2025 04:12:47.987] [Worker-Main-1/DEBUG] [Dungeon Crawl/]: Finished decoration VineDecoration[chance=0.35] for dungeoncrawl:default/multipart/short_node_connector at (-479 | 1 | -385)
[20Dec2025 04:12:47.987] [Worker-Main-1/DEBUG] [Dungeon Crawl/]: Building dungeoncrawl:default/node/connector/connector_4 with rotation CLOCKWISE_90 at (-479 | 1 | -390)
[20Dec2025 04:12:47.988] [Worker-Main-1/DEBUG] [Dungeon Crawl/]: Finished building dungeoncrawl:default/node/connector/connector_4 with rotation CLOCKWISE_90 at (-479 | 1 | -390)
[20Dec2025 04:12:47.988] [Worker-Main-1/DEBUG] [Dungeon Crawl/]: Running decoration VineDecoration[chance=0.35] for dungeoncrawl:default/node/connector/connector_4 at (-479 | 1 | -390)
[20Dec2025 04:12:47.988] [Worker-Main-1/DEBUG] [Dungeon Crawl/]: Finished decoration VineDecoration[chance=0.35] for dungeoncrawl:default/node/connector/connector_4 at (-479 | 1 | -390)
[20Dec2025 04:12:47.988] [Worker-Main-1/DEBUG] [Dungeon Crawl/]: Building dungeoncrawl:default/multipart/short_node_connector with rotation CLOCKWISE_180 at (-476 | -8 | -388)
[20Dec2025 04:12:47.988] [Worker-Main-1/DEBUG] [Dungeon Crawl/]: Finished building dungeoncrawl:default/multipart/short_node_connector with rotation CLOCKWISE_180 at (-476 | -8 | -388)
[20Dec2025 04:12:47.988] [Worker-Main-1/DEBUG] [Dungeon Crawl/]: Building dungeoncrawl:default/node/connector/connector_6 with rotation NONE at (-481 | -8 | -389)
[20Dec2025 04:12:47.988] [Worker-Main-1/DEBUG] [Dungeon Crawl/]: Finished building dungeoncrawl:default/node/connector/connector_6 with rotation NONE at (-481 | -8 | -389)
[20Dec2025 04:12:47.989] [Worker-Main-1/DEBUG] [Dungeon Crawl/]: Building dungeoncrawl:catacombs/node/room_2 with rotation CLOCKWISE_180 at (-475 | -8 | -393)
[20Dec2025 04:12:47.991] [Worker-Main-1/DEBUG] [Dungeon Crawl/]: Finished building dungeoncrawl:catacombs/node/room_2 with rotation CLOCKWISE_180 at (-475 | -8 | -393)
[20Dec2025 04:12:49.127] [Worker-Main-2/DEBUG] [Dungeon Crawl/]: Building dungeoncrawl:catacombs/node/room with rotation COUNTERCLOCKWISE_90 at (-448 | -8 | -447)
[20Dec2025 04:12:49.128] [Worker-Main-2/DEBUG] [Dungeon Crawl/]: Finished building dungeoncrawl:catacombs/node/room with rotation COUNTERCLOCKWISE_90 at (-448 | -8 | -447)
[20Dec2025 04:12:55.612] [Worker-Main-2/DEBUG] [Dungeon Crawl/]: Building dungeoncrawl:default/multipart/short_node_connector with rotation NONE at (-496 | 1 | -406)
[20Dec2025 04:12:55.612] [Worker-Main-2/DEBUG] [Dungeon Crawl/]: Finished building dungeoncrawl:default/multipart/short_node_connector with rotation NONE at (-496 | 1 | -406)
[20Dec2025 04:12:55.612] [Worker-Main-2/DEBUG] [Dungeon Crawl/]: Running decoration VineDecoration[chance=0.35] for dungeoncrawl:default/multipart/short_node_connector at (-496 | 1 | -406)
[20Dec2025 04:12:55.612] [Worker-Main-2/DEBUG] [Dungeon Crawl/]: Finished decoration VineDecoration[chance=0.35] for dungeoncrawl:default/multipart/short_node_connector at (-496 | 1 | -406)
[20Dec2025 04:12:55.612] [Worker-Main-2/DEBUG] [Dungeon Crawl/]: Building dungeoncrawl:default/node/connector/connector_4 with rotation CLOCKWISE_180 at (-495 | 1 | -406)
[20Dec2025 04:12:55.612] [Worker-Main-2/DEBUG] [Dungeon Crawl/]: Finished building dungeoncrawl:default/node/connector/connector_4 with rotation CLOCKWISE_180 at (-495 | 1 | -406)
[20Dec2025 04:12:55.612] [Worker-Main-2/DEBUG] [Dungeon Crawl/]: Running decoration VineDecoration[chance=0.35] for dungeoncrawl:default/node/connector/connector_4 at (-495 | 1 | -406)
[20Dec2025 04:12:55.613] [Worker-Main-2/DEBUG] [Dungeon Crawl/]: Finished decoration VineDecoration[chance=0.35] for dungeoncrawl:default/node/connector/connector_4 at (-495 | 1 | -406)
[20Dec2025 04:12:55.613] [Worker-Main-2/DEBUG] [Dungeon Crawl/]: Building dungeoncrawl:default/node/connector/connector_4 with rotation NONE at (-490 | 1 | -406)
[20Dec2025 04:12:55.613] [Worker-Main-2/DEBUG] [Dungeon Crawl/]: Finished building dungeoncrawl:default/node/connector/connector_4 with rotation NONE at (-490 | 1 | -406)
[20Dec2025 04:12:55.613] [Worker-Main-2/DEBUG] [Dungeon Crawl/]: Running decoration VineDecoration[chance=0.35] for dungeoncrawl:default/node/connector/connector_4 at (-490 | 1 | -406)
[20Dec2025 04:12:55.613] [Worker-Main-2/DEBUG] [Dungeon Crawl/]: Finished decoration VineDecoration[chance=0.35] for dungeoncrawl:default/node/connector/connector_4 at (-490 | 1 | -406)
[20Dec2025 04:12:55.613] [Worker-Main-2/DEBUG] [Dungeon Crawl/]: Building dungeoncrawl:catacombs/node/sewers_fork with rotation NONE at (-485 | 0 | -412)
[20Dec2025 04:12:55.615] [Worker-Main-2/DEBUG] [Dungeon Crawl/]: Finished building dungeoncrawl:catacombs/node/sewers_fork with rotation NONE at (-485 | 0 | -412)
[20Dec2025 04:12:55.616] [Worker-Main-2/DEBUG] [Dungeon Crawl/]: Running decoration VineDecoration[chance=0.35] for dungeoncrawl:catacombs/node/sewers_fork at (-485 | 0 | -412)
[20Dec2025 04:12:55.617] [Worker-Main-2/DEBUG] [Dungeon Crawl/]: Finished decoration VineDecoration[chance=0.35] for dungeoncrawl:catacombs/node/sewers_fork at (-485 | 0 | -412)
[20Dec2025 04:12:55.622] [Worker-Main-2/DEBUG] [Dungeon Crawl/]: Building dungeoncrawl:default/room/secret_room with rotation COUNTERCLOCKWISE_90 at (-490 | 28 | -390)
[20Dec2025 04:12:55.623] [Worker-Main-2/DEBUG] [Dungeon Crawl/]: Finished building dungeoncrawl:default/room/secret_room with rotation COUNTERCLOCKWISE_90 at (-490 | 28 | -390)
[20Dec2025 04:12:55.624] [Worker-Main-2/DEBUG] [Dungeon Crawl/]: Building dungeoncrawl:default/node/connector/connector_3 with rotation CLOCKWISE_180 at (-486 | 19 | -389)
[20Dec2025 04:12:55.624] [Worker-Main-2/DEBUG] [Dungeon Crawl/]: Finished building dungeoncrawl:default/node/connector/connector_3 with rotation CLOCKWISE_180 at (-486 | 19 | -389)
[20Dec2025 04:12:55.624] [Worker-Main-2/DEBUG] [Dungeon Crawl/]: Building dungeoncrawl:default/node/dark_hall with rotation COUNTERCLOCKWISE_90 at (-503 | 19 | -394)
[20Dec2025 04:12:55.625] [Worker-Main-2/DEBUG] [Dungeon Crawl/]: Finished building dungeoncrawl:default/node/dark_hall with rotation COUNTERCLOCKWISE_90 at (-503 | 19 | -394)
[20Dec2025 04:12:55.625] [Worker-Main-2/DEBUG] [Dungeon Crawl/]: Building dungeoncrawl:default/corridor/corridor_3 with rotation CLOCKWISE_180 at (-481 | 19 | -388)
[20Dec2025 04:12:55.625] [Worker-Main-2/DEBUG] [Dungeon Crawl/]: Finished building dungeoncrawl:default/corridor/corridor_3 with rotation CLOCKWISE_180 at (-481 | 19 | -388)
[20Dec2025 04:12:55.625] [Worker-Main-2/DEBUG] [Dungeon Crawl/]: Building dungeoncrawl:catacombs/node/crypt_turn with rotation COUNTERCLOCKWISE_90 at (-512 | 1 | -385)
[20Dec2025 04:12:55.625] [Worker-Main-2/DEBUG] [Dungeon Crawl/]: Finished building dungeoncrawl:catacombs/node/crypt_turn with rotation COUNTERCLOCKWISE_90 at (-512 | 1 | -385)
[20Dec2025 04:12:55.626] [Worker-Main-2/DEBUG] [Dungeon Crawl/]: Running decoration VineDecoration[chance=0.35] for dungeoncrawl:catacombs/node/crypt_turn at (-512 | 1 | -385)
[20Dec2025 04:12:55.626] [Worker-Main-2/DEBUG] [Dungeon Crawl/]: Finished decoration VineDecoration[chance=0.35] for dungeoncrawl:catacombs/node/crypt_turn at (-512 | 1 | -385)
[20Dec2025 04:12:55.626] [Worker-Main-2/DEBUG] [Dungeon Crawl/]: Building dungeoncrawl:catacombs/node/sewers_fork with rotation NONE at (-485 | 0 | -412)
[20Dec2025 04:12:55.626] [Worker-Main-2/DEBUG] [Dungeon Crawl/]: Finished building dungeoncrawl:catacombs/node/sewers_fork with rotation NONE at (-485 | 0 | -412)
[20Dec2025 04:12:55.626] [Worker-Main-2/DEBUG] [Dungeon Crawl/]: Running decoration VineDecoration[chance=0.35] for dungeoncrawl:catacombs/node/sewers_fork at (-485 | 0 | -412)
[20Dec2025 04:12:55.627] [Worker-Main-2/DEBUG] [Dungeon Crawl/]: Finished decoration VineDecoration[chance=0.35] for dungeoncrawl:catacombs/node/sewers_fork at (-485 | 0 | -412)
[20Dec2025 04:12:55.627] [Worker-Main-2/DEBUG] [Dungeon Crawl/]: Building dungeoncrawl:hell/room/empty_room with rotation NONE at (-499 | -8 | -390)
[20Dec2025 04:12:55.627] [Worker-Main-2/DEBUG] [Dungeon Crawl/]: Finished building dungeoncrawl:hell/room/empty_room with rotation NONE at (-499 | -8 | -390)
[20Dec2025 04:12:55.629] [Worker-Main-2/DEBUG] [Dungeon Crawl/]: Building dungeoncrawl:default/corridor/stone_corridor with rotation NONE at (-490 | -8 | -389)
[20Dec2025 04:12:55.629] [Worker-Main-2/DEBUG] [Dungeon Crawl/]: Finished building dungeoncrawl:default/corridor/stone_corridor with rotation NONE at (-490 | -8 | -389)
[20Dec2025 04:12:55.629] [Worker-Main-2/DEBUG] [Dungeon Crawl/]: Building dungeoncrawl:default/node/connector/connector_6 with rotation NONE at (-481 | -8 | -389)
[20Dec2025 04:12:55.629] [Worker-Main-2/DEBUG] [Dungeon Crawl/]: Finished building dungeoncrawl:default/node/connector/connector_6 with rotation NONE at (-481 | -8 | -389)
[20Dec2025 04:12:57.358] [Server thread/DEBUG] [net.minecraftforge.common.ForgeHooks/WP]: Gathering id map for writing to world save world
[20Dec2025 04:12:57.370] [Server thread/DEBUG] [net.minecraftforge.common.ForgeHooks/WP]: ID Map collection complete world
[20Dec2025 04:12:59.111] [Worker-Main-1/DEBUG] [Dungeon Crawl/]: Building dungeoncrawl:default/node/dark_hall with rotation COUNTERCLOCKWISE_90 at (-503 | 19 | -394)
[20Dec2025 04:12:59.112] [Worker-Main-1/DEBUG] [Dungeon Crawl/]: Finished building dungeoncrawl:default/node/dark_hall with rotation COUNTERCLOCKWISE_90 at (-503 | 19 | -394)
[20Dec2025 04:12:59.112] [Worker-Main-1/DEBUG] [Dungeon Crawl/]: Building dungeoncrawl:catacombs/node/sarcophagus with rotation CLOCKWISE_180 at (-511 | 1 | -411)
[20Dec2025 04:12:59.112] [Worker-Main-1/DEBUG] [Dungeon Crawl/]: Finished building dungeoncrawl:catacombs/node/sarcophagus with rotation CLOCKWISE_180 at (-511 | 1 | -411)
[20Dec2025 04:12:59.113] [Worker-Main-1/DEBUG] [Dungeon Crawl/]: Running decoration VineDecoration[chance=0.35] for dungeoncrawl:catacombs/node/sarcophagus at (-511 | 1 | -411)
[20Dec2025 04:12:59.113] [Worker-Main-1/DEBUG] [Dungeon Crawl/]: Finished decoration VineDecoration[chance=0.35] for dungeoncrawl:catacombs/node/sarcophagus at (-511 | 1 | -411)
[20Dec2025 04:12:59.113] [Worker-Main-1/DEBUG] [Dungeon Crawl/]: Building dungeoncrawl:catacombs/multipart/large_spawner_cell_open with rotation COUNTERCLOCKWISE_90 at (-501 | 1 | -385)
[20Dec2025 04:12:59.114] [Worker-Main-1/DEBUG] [Dungeon Crawl/]: Finished building dungeoncrawl:catacombs/multipart/large_spawner_cell_open with rotation COUNTERCLOCKWISE_90 at (-501 | 1 | -385)
[20Dec2025 04:12:59.114] [Worker-Main-1/DEBUG] [Dungeon Crawl/]: Running decoration VineDecoration[chance=0.35] for dungeoncrawl:catacombs/multipart/large_spawner_cell_open at (-501 | 1 | -385)
[20Dec2025 04:12:59.114] [Worker-Main-1/DEBUG] [Dungeon Crawl/]: Finished decoration VineDecoration[chance=0.35] for dungeoncrawl:catacombs/multipart/large_spawner_cell_open at (-501 | 1 | -385)
[20Dec2025 04:12:59.114] [Worker-Main-1/DEBUG] [Dungeon Crawl/]: Building dungeoncrawl:catacombs/node/crypt_turn with rotation COUNTERCLOCKWISE_90 at (-512 | 1 | -385)
[20Dec2025 04:12:59.114] [Worker-Main-1/DEBUG] [Dungeon Crawl/]: Finished building dungeoncrawl:catacombs/node/crypt_turn with rotation COUNTERCLOCKWISE_90 at (-512 | 1 | -385)
[20Dec2025 04:12:59.114] [Worker-Main-1/DEBUG] [Dungeon Crawl/]: Running decoration VineDecoration[chance=0.35] for dungeoncrawl:catacombs/node/crypt_turn at (-512 | 1 | -385)
[20Dec2025 04:12:59.114] [Worker-Main-1/DEBUG] [Dungeon Crawl/]: Finished decoration VineDecoration[chance=0.35] for dungeoncrawl:catacombs/node/crypt_turn at (-512 | 1 | -385)
[20Dec2025 04:12:59.114] [Worker-Main-1/DEBUG] [Dungeon Crawl/]: Building dungeoncrawl:hell/room/empty_room with rotation NONE at (-499 | -8 | -390)
[20Dec2025 04:12:59.114] [Worker-Main-1/DEBUG] [Dungeon Crawl/]: Finished building dungeoncrawl:hell/room/empty_room with rotation NONE at (-499 | -8 | -390)
[20Dec2025 04:12:59.136] [Worker-Main-1/DEBUG] [Dungeon Crawl/]: Building dungeoncrawl:catacombs/node/sarcophagus with rotation CLOCKWISE_180 at (-511 | 1 | -411)
[20Dec2025 04:12:59.139] [Worker-Main-1/DEBUG] [Dungeon Crawl/]: Finished building dungeoncrawl:catacombs/node/sarcophagus with rotation CLOCKWISE_180 at (-511 | 1 | -411)
[20Dec2025 04:12:59.139] [Worker-Main-1/DEBUG] [Dungeon Crawl/]: Running decoration VineDecoration[chance=0.35] for dungeoncrawl:catacombs/node/sarcophagus at (-511 | 1 | -411)
[20Dec2025 04:12:59.140] [Worker-Main-1/DEBUG] [Dungeon Crawl/]: Finished decoration VineDecoration[chance=0.35] for dungeoncrawl:catacombs/node/sarcophagus at (-511 | 1 | -411)
[20Dec2025 04:13:16.197] [Worker-Main-3/DEBUG] [mixin/]: Mixing JigsawPlacementPlacerMixin from waystones.mixins.json into net.minecraft.world.level.levelgen.structure.pools.JigsawPlacement$Placer
[20Dec2025 04:13:38.125] [Server thread/INFO] [net.minecraft.server.MinecraftServer/]: AcidD_x was blown up by Creeper
[20Dec2025 04:13:38.131] [Server thread/INFO] [com.tiviacz.travelersbackpack.TravelersBackpack/]: Created new backpack backup file for AcidD_x with unique ID travelersbackpack.standard_20.12.2025-04.13.38.dat
[20Dec2025 04:13:38.132] [Server thread/INFO] [gravestone/]: The death ID of player AcidD_x is a5978b66-5e6b-4df6-9735-7fb94a243a7f
[20Dec2025 04:14:01.386] [Server thread/INFO] [net.minecraft.server.MinecraftServer/]: [TheAstoria1090: Teleported AcidD_x to -433.500000, 81.000000, -369.500000]
[20Dec2025 04:16:23.050] [Server thread/INFO] [net.minecraft.server.MinecraftServer/]: [TheAstoria1090: Teleported AcidD_x to TheAstoria1090]
[20Dec2025 04:17:05.083] [Server thread/INFO] [net.minecraft.server.MinecraftServer/]: [TheAstoria1090: Gave 124 [Rifle Ammo] to TheAstoria1090]
[20Dec2025 04:17:57.345] [Server thread/DEBUG] [net.minecraftforge.common.ForgeHooks/WP]: Gathering id map for writing to world save world
[20Dec2025 04:17:57.353] [Server thread/DEBUG] [net.minecraftforge.common.ForgeHooks/WP]: ID Map collection complete world
[20Dec2025 04:18:56.114] [Server thread/INFO] [net.minecraft.server.MinecraftServer/]: TheAstoria1090 has made the advancement [Craft basic backpack]
[20Dec2025 04:19:14.965] [Server thread/INFO] [net.minecraft.server.MinecraftServer/]: Crowdante53 has made the advancement [Craft basic backpack]
[20Dec2025 04:19:39.299] [Server thread/INFO] [net.minecraft.server.MinecraftServer/]: [TheAstoria1090: Teleported AcidD_x to -433.500000, 81.000000, -369.500000]
[20Dec2025 04:22:13.026] [Server thread/INFO] [net.minecraft.server.MinecraftServer/]: AcidD_x has made the advancement [Custom Backpacks]
[20Dec2025 04:22:48.120] [Server thread/INFO] [net.minecraft.server.MinecraftServer/]: TheAstoria1090 withered away whilst fighting Cockatrice
[20Dec2025 04:22:48.123] [Server thread/INFO] [com.tiviacz.travelersbackpack.TravelersBackpack/]: Created new backpack backup file for TheAstoria1090 with unique ID travelersbackpack.redstone_20.12.2025-04.22.48.dat
[20Dec2025 04:22:48.123] [Server thread/INFO] [gravestone/]: The death ID of player TheAstoria1090 is 56917a6d-f33a-47bc-b000-b7915ba1d95f
[20Dec2025 04:22:57.348] [Server thread/DEBUG] [net.minecraftforge.common.ForgeHooks/WP]: Gathering id map for writing to world save world
[20Dec2025 04:22:57.356] [Server thread/DEBUG] [net.minecraftforge.common.ForgeHooks/WP]: ID Map collection complete world
[20Dec2025 04:27:57.345] [Server thread/DEBUG] [net.minecraftforge.common.ForgeHooks/WP]: Gathering id map for writing to world save world
[20Dec2025 04:27:57.352] [Server thread/DEBUG] [net.minecraftforge.common.ForgeHooks/WP]: ID Map collection complete world
[20Dec2025 04:28:40.774] [Server thread/INFO] [net.minecraft.server.MinecraftServer/]: AcidD_x was blown up by Creeper
[20Dec2025 04:28:40.776] [Server thread/INFO] [com.tiviacz.travelersbackpack.TravelersBackpack/]: Created new backpack backup file for AcidD_x with unique ID travelersbackpack.standard_20.12.2025-04.28.40.dat
[20Dec2025 04:28:40.777] [Server thread/INFO] [gravestone/]: The death ID of player AcidD_x is 6c95a48a-ebbe-454f-ab95-bb236ec90f9d
[20Dec2025 04:29:08.871] [Server thread/INFO] [net.minecraft.server.MinecraftServer/]: [TheAstoria1090: Teleported AcidD_x to -410.500000, 29.000000, -355.500000]
[20Dec2025 04:29:26.602] [Server thread/INFO] [net.minecraft.server.MinecraftServer/]: [TheAstoria1090: Gave 124 [Rifle Ammo] to TheAstoria1090]
[20Dec2025 04:29:30.118] [Server thread/INFO] [net.minecraft.server.MinecraftServer/]: AcidD_x was slain by Zombie
[20Dec2025 04:29:30.118] [Server thread/INFO] [gravestone/]: The death ID of player AcidD_x is 0aa52331-a322-4c25-9957-600cd1d820f6
[20Dec2025 04:29:35.424] [Server thread/INFO] [net.minecraft.server.MinecraftServer/]: [TheAstoria1090: Gave 124 [Rifle Ammo] to TheAstoria1090]
[20Dec2025 04:29:37.648] [Server thread/INFO] [net.minecraft.server.MinecraftServer/]: [TheAstoria1090: Teleported AcidD_x to -410.500000, 29.000000, -355.500000]
[20Dec2025 04:30:30.516] [Server thread/INFO] [net.minecraft.server.MinecraftServer/]: AcidD_x was annihilated by Skeleton
[20Dec2025 04:30:30.518] [Server thread/INFO] [com.tiviacz.travelersbackpack.TravelersBackpack/]: Created new backpack backup file for AcidD_x with unique ID travelersbackpack.standard_20.12.2025-04.30.30.dat
[20Dec2025 04:30:30.518] [Server thread/INFO] [gravestone/]: The death ID of player AcidD_x is 3aa952ea-c8df-41b7-9fa7-8598ba61c1d7
[20Dec2025 04:31:00.985] [Server thread/INFO] [net.minecraft.server.MinecraftServer/]: [TheAstoria1090: Teleported AcidD_x to -410.500000, 29.000000, -355.500000]
[20Dec2025 04:31:12.068] [Server thread/INFO] [net.minecraft.server.MinecraftServer/]: AcidD_x was annihilated by Skeleton
[20Dec2025 04:31:12.069] [Server thread/INFO] [gravestone/]: The death ID of player AcidD_x is 36104d91-e5f6-4cd9-8a0f-9d32b5214d20
[20Dec2025 04:31:16.105] [Server thread/INFO] [net.minecraft.server.MinecraftServer/]: [TheAstoria1090: Teleported AcidD_x to -410.500000, 29.000000, -355.500000]
[20Dec2025 04:31:38.419] [Server thread/INFO] [net.minecraft.server.MinecraftServer/]: AcidD_x was executed by Skeleton
[20Dec2025 04:31:38.420] [Server thread/INFO] [gravestone/]: The death ID of player AcidD_x is 94fe3bbf-0a34-4fb3-a279-32bea2b6ce32
[20Dec2025 04:31:40.872] [Server thread/INFO] [net.minecraft.server.MinecraftServer/]: [TheAstoria1090: Teleported AcidD_x to -410.500000, 29.000000, -355.500000]
[20Dec2025 04:31:52.776] [Server thread/INFO] [net.minecraft.server.MinecraftServer/]: AcidD_x was taken down by Skeleton
[20Dec2025 04:31:52.778] [Server thread/INFO] [gravestone/]: The death ID of player AcidD_x is de8df992-f00e-426e-b2aa-63ae01bed591
[20Dec2025 04:31:54.249] [Server thread/INFO] [net.minecraft.server.MinecraftServer/]: [TheAstoria1090: Teleported AcidD_x to -410.500000, 29.000000, -355.500000]
[20Dec2025 04:32:10.874] [Server thread/INFO] [net.minecraft.server.MinecraftServer/]: TheAstoria1090 has made the advancement [Who You Gonna Call?]
[20Dec2025 04:32:57.347] [Server thread/DEBUG] [net.minecraftforge.common.ForgeHooks/WP]: Gathering id map for writing to world save world
[20Dec2025 04:32:57.354] [Server thread/DEBUG] [net.minecraftforge.common.ForgeHooks/WP]: ID Map collection complete world
[20Dec2025 04:33:00.617] [Server thread/INFO] [net.minecraft.server.MinecraftServer/]: AcidD_x was annihilated by Skeleton
[20Dec2025 04:33:00.618] [Server thread/INFO] [gravestone/]: The death ID of player AcidD_x is c1707baf-7ab5-4244-a39b-86b0e5617038
[20Dec2025 04:33:24.570] [Server thread/INFO] [net.minecraft.server.MinecraftServer/]: [TheAstoria1090: Teleported AcidD_x to -410.500000, 29.000000, -355.500000]
[20Dec2025 04:35:24.219] [Server thread/INFO] [net.minecraft.server.MinecraftServer/]: Crowdante53 was annihilated by Skeleton
[20Dec2025 04:35:24.222] [Server thread/INFO] [com.tiviacz.travelersbackpack.TravelersBackpack/]: Created new backpack backup file for Crowdante53 with unique ID travelersbackpack.standard_20.12.2025-04.35.24.dat
[20Dec2025 04:35:24.223] [Server thread/INFO] [gravestone/]: The death ID of player Crowdante53 is 34ea3a64-6432-4fb1-a69c-e28aac9c641d
[20Dec2025 04:36:33.949] [Server thread/INFO] [net.minecraft.server.MinecraftServer/]: [TheAstoria1090: Gave 1 [Assault Rifle] to TheAstoria1090]
[20Dec2025 04:37:57.376] [Server thread/DEBUG] [net.minecraftforge.common.ForgeHooks/WP]: Gathering id map for writing to world save world
[20Dec2025 04:37:57.383] [Server thread/DEBUG] [net.minecraftforge.common.ForgeHooks/WP]: ID Map collection complete world
[20Dec2025 04:42:57.400] [Server thread/DEBUG] [net.minecraftforge.common.ForgeHooks/WP]: Gathering id map for writing to world save world
[20Dec2025 04:42:57.409] [Server thread/DEBUG] [net.minecraftforge.common.ForgeHooks/WP]: ID Map collection complete world
[20Dec2025 04:43:26.008] [Server thread/INFO] [net.minecraft.server.MinecraftServer/]: [TheAstoria1090: Teleported AcidD_x to -410.500000, 29.000000, -355.500000]
[20Dec2025 04:44:04.553] [Server thread/WARN] [net.minecraft.server.MinecraftServer/]: Can't keep up! Is the server overloaded? Running 38545ms or 770 ticks behind
[20Dec2025 04:44:04.572] [Server thread/INFO] [net.minecraft.server.network.ServerGamePacketListenerImpl/]: TheAstoria1090 lost connection: Disconnected
[20Dec2025 04:44:04.572] [Server thread/INFO] [net.minecraft.server.MinecraftServer/]: TheAstoria1090 left the game
[20Dec2025 04:44:04.583] [Server thread/INFO] [net.minecraft.server.network.ServerGamePacketListenerImpl/]: AcidD_x lost connection: Disconnected
[20Dec2025 04:44:04.583] [Server thread/INFO] [net.minecraft.server.MinecraftServer/]: AcidD_x left the game
[20Dec2025 04:44:04.590] [Server thread/INFO] [net.minecraft.server.network.ServerGamePacketListenerImpl/]: Crowdante53 lost connection: Disconnected
[20Dec2025 04:44:04.590] [Server thread/INFO] [net.minecraft.server.MinecraftServer/]: Crowdante53 left the game
[20Dec2025 04:44:13.662] [Netty Epoll Server IO #6/DEBUG] [net.minecraftforge.network.HandshakeHandler/FMLHANDSHAKE]: Starting new modded impl connection. Found 30 messages to dispatch.
[20Dec2025 04:44:13.682] [Server thread/DEBUG] [net.minecraftforge.network.HandshakeHandler/FMLHANDSHAKE]: Sending ticking packet info 'jeg:custom_gun_manager' to 'framework:handshake' sequence 0
[20Dec2025 04:44:13.723] [Server thread/DEBUG] [net.minecraftforge.network.HandshakeHandler/FMLHANDSHAKE]: Sending ticking packet info 'jeg:network_gun_manager' to 'framework:handshake' sequence 1
[20Dec2025 04:44:13.753] [Netty Epoll Server IO #6/DEBUG] [net.minecraftforge.network.LoginWrapper/FMLHANDSHAKE]: Recieved login wrapper packet event for channel framework:handshake with index 0
[20Dec2025 04:44:13.754] [Netty Epoll Server IO #6/DEBUG] [net.minecraftforge.network.HandshakeHandler/FMLHANDSHAKE]: Received client indexed reply 0 of type com.mrcrayfish.framework.api.network.message.HandshakeMessage$Acknowledge
[20Dec2025 04:44:13.754] [Netty Epoll Server IO #6/DEBUG] [Framework/FRAMEWORK_HANDSHAKE]: Received acknowledgement from client
[20Dec2025 04:44:13.784] [Server thread/DEBUG] [net.minecraftforge.network.HandshakeHandler/FMLHANDSHAKE]: Sending ticking packet info 'net.minecraftforge.network.HandshakeMessages$S2CModData' to 'fml:handshake' sequence 2
[20Dec2025 04:44:13.819] [Server thread/DEBUG] [net.minecraftforge.network.HandshakeHandler/FMLHANDSHAKE]: Sending ticking packet info 'net.minecraftforge.network.HandshakeMessages$S2CModList' to 'fml:handshake' sequence 3
[20Dec2025 04:44:13.880] [Server thread/DEBUG] [net.minecraftforge.network.HandshakeHandler/FMLHANDSHAKE]: Sending ticking packet info 'Registry minecraft:command_argument_type' to 'fml:handshake' sequence 4
[20Dec2025 04:44:13.934] [Server thread/DEBUG] [net.minecraftforge.network.HandshakeHandler/FMLHANDSHAKE]: Sending ticking packet info 'Registry minecraft:recipe_serializer' to 'fml:handshake' sequence 5
[20Dec2025 04:44:13.972] [Server thread/DEBUG] [net.minecraftforge.network.HandshakeHandler/FMLHANDSHAKE]: Sending ticking packet info 'Registry minecraft:sound_event' to 'fml:handshake' sequence 6
[20Dec2025 04:44:13.975] [Netty Epoll Server IO #6/DEBUG] [net.minecraftforge.network.LoginWrapper/FMLHANDSHAKE]: Recieved login wrapper packet event for channel framework:handshake with index 1
[20Dec2025 04:44:13.975] [Netty Epoll Server IO #6/DEBUG] [net.minecraftforge.network.HandshakeHandler/FMLHANDSHAKE]: Received client indexed reply 1 of type com.mrcrayfish.framework.api.network.message.HandshakeMessage$Acknowledge
[20Dec2025 04:44:13.975] [Netty Epoll Server IO #6/DEBUG] [Framework/FRAMEWORK_HANDSHAKE]: Received acknowledgement from client
[20Dec2025 04:44:13.976] [Netty Epoll Server IO #6/DEBUG] [net.minecraftforge.network.LoginWrapper/FMLHANDSHAKE]: Recieved login wrapper packet event for channel fml:handshake with index 3
[20Dec2025 04:44:13.976] [Netty Epoll Server IO #6/DEBUG] [net.minecraftforge.network.HandshakeHandler/FMLHANDSHAKE]: Received client indexed reply 3 of type net.minecraftforge.network.HandshakeMessages$C2SModListReply
[20Dec2025 04:44:13.976] [Netty Epoll Server IO #6/DEBUG] [net.minecraftforge.network.HandshakeHandler/FMLHANDSHAKE]: Received client connection with modlist [man_of_many_planes, kuma_api, trashslot, netherexp, protectmobsfromdaylight, geckolib, elysium_api, goblintraders, immersive_aircraft, bettercaves, underground_bunkers, waystones, modernfix, citadel, travelersbackpack, zombieawareness, yungsapi, mixinextras, dungeoncrawl, iceandfire, balm, puzzlesaccessapi, cloth_config, forge, embeddium, rubidium, minecraft, emi, jei, jeg, mteg, block_factorys_bosses, jade, ribbits, curios, easy_emerald, gravestone, gobber2, coroutil, warfare_wings, architectury, vinery, ferritecore, aiimprovements, embeddium_extra, puzzleslib, framework, horde_hoard, enchantinginfuser, skinrestorer]
[20Dec2025 04:44:13.976] [Netty Epoll Server IO #6/DEBUG] [net.minecraftforge.network.NetworkRegistry/NETREGISTRY]: Channel 'skinshuffle:skin_refresh' : Version test of '' from client : ACCEPTED
[20Dec2025 04:44:13.976] [Netty Epoll Server IO #6/DEBUG] [net.minecraftforge.network.NetworkRegistry/NETREGISTRY]: Channel 'block_factorys_bosses:block_factorys_bosses' : Version test of '1' from client : ACCEPTED
[20Dec2025 04:44:13.976] [Netty Epoll Server IO #6/DEBUG] [net.minecraftforge.network.NetworkRegistry/NETREGISTRY]: Channel 'jei:channel' : Version test of '1.0.0' from client : ACCEPTED
[20Dec2025 04:44:13.976] [Netty Epoll Server IO #6/DEBUG] [net.minecraftforge.network.NetworkRegistry/NETREGISTRY]: Channel 'minecraft:unregister' : Version test of 'FML3' from client : ACCEPTED
[20Dec2025 04:44:13.976] [Netty Epoll Server IO #6/DEBUG] [net.minecraftforge.network.NetworkRegistry/NETREGISTRY]: Channel 'ic_air:main' : Version test of '1' from client : ACCEPTED
[20Dec2025 04:44:13.976] [Netty Epoll Server IO #6/DEBUG] [net.minecraftforge.network.NetworkRegistry/NETREGISTRY]: Channel 'citadel:main_channel' : Version test of '1' from client : ACCEPTED
[20Dec2025 04:44:13.976] [Netty Epoll Server IO #6/DEBUG] [net.minecraftforge.network.NetworkRegistry/NETREGISTRY]: Channel 'puzzleslib:1' : Version test of '1' from client : ACCEPTED
[20Dec2025 04:44:13.977] [Netty Epoll Server IO #6/DEBUG] [net.minecraftforge.network.NetworkRegistry/NETREGISTRY]: Channel 'jeg:play' : Version test of '1' from client : ACCEPTED
[20Dec2025 04:44:13.977] [Netty Epoll Server IO #6/DEBUG] [net.minecraftforge.network.NetworkRegistry/NETREGISTRY]: Channel 'iceandfire:main_channel' : Version test of '1' from client : ACCEPTED
[20Dec2025 04:44:13.977] [Netty Epoll Server IO #6/DEBUG] [net.minecraftforge.network.NetworkRegistry/NETREGISTRY]: Channel 'emi:emi' : Version test of '0' from client : ACCEPTED
[20Dec2025 04:44:13.978] [Netty Epoll Server IO #6/DEBUG] [net.minecraftforge.network.NetworkRegistry/NETREGISTRY]: Channel 'framework:play' : Version test of '1' from client : ACCEPTED
[20Dec2025 04:44:13.978] [Netty Epoll Server IO #6/DEBUG] [net.minecraftforge.network.NetworkRegistry/NETREGISTRY]: Channel 'travelersbackpack:network' : Version test of 'travelersbackpack:1' from client : ACCEPTED
[20Dec2025 04:44:13.978] [Netty Epoll Server IO #6/DEBUG] [net.minecraftforge.network.NetworkRegistry/NETREGISTRY]: Channel 'curios:main' : Version test of '1' from client : ACCEPTED
[20Dec2025 04:44:13.978] [Netty Epoll Server IO #6/DEBUG] [net.minecraftforge.network.NetworkRegistry/NETREGISTRY]: Channel 'balm:network' : Version test of '1.0' from client : ACCEPTED
[20Dec2025 04:44:13.979] [Netty Epoll Server IO #6/DEBUG] [net.minecraftforge.network.NetworkRegistry/NETREGISTRY]: Channel 'skinshuffle:handshake' : Version test of '' from client : ACCEPTED
[20Dec2025 04:44:13.979] [Netty Epoll Server IO #6/DEBUG] [net.minecraftforge.network.NetworkRegistry/NETREGISTRY]: Channel 'framework:handshake' : Version test of '1' from client : ACCEPTED
[20Dec2025 04:44:13.979] [Netty Epoll Server IO #6/DEBUG] [net.minecraftforge.network.NetworkRegistry/NETREGISTRY]: Channel 'fml:loginwrapper' : Version test of 'FML3' from client : ACCEPTED
[20Dec2025 04:44:13.979] [Netty Epoll Server IO #6/DEBUG] [net.minecraftforge.network.NetworkRegistry/NETREGISTRY]: Channel 'enchantinginfuser:1' : Version test of '1' from client : ACCEPTED
[20Dec2025 04:44:13.979] [Netty Epoll Server IO #6/DEBUG] [net.minecraftforge.network.NetworkRegistry/NETREGISTRY]: Channel 'mteg:play' : Version test of '1' from client : ACCEPTED
[20Dec2025 04:44:13.979] [Netty Epoll Server IO #6/DEBUG] [net.minecraftforge.network.NetworkRegistry/NETREGISTRY]: Channel 'ribbits:messages' : Version test of '1.0' from client : ACCEPTED
[20Dec2025 04:44:13.980] [Netty Epoll Server IO #6/DEBUG] [net.minecraftforge.network.NetworkRegistry/NETREGISTRY]: Channel 'forge:tier_sorting' : Version test of '1.0' from client : ACCEPTED
[20Dec2025 04:44:13.980] [Netty Epoll Server IO #6/DEBUG] [net.minecraftforge.network.NetworkRegistry/NETREGISTRY]: Channel 'trashslot:network' : Version test of '1.0' from client : ACCEPTED
[20Dec2025 04:44:13.980] [Netty Epoll Server IO #6/DEBUG] [net.minecraftforge.network.NetworkRegistry/NETREGISTRY]: Channel 'fml:play' : Version test of 'FML3' from client : ACCEPTED
[20Dec2025 04:44:13.980] [Netty Epoll Server IO #6/DEBUG] [net.minecraftforge.network.NetworkRegistry/NETREGISTRY]: Channel 'gravestone:default' : Version test of '1.0.0' from client : ACCEPTED
[20Dec2025 04:44:13.980] [Netty Epoll Server IO #6/DEBUG] [net.minecraftforge.network.NetworkRegistry/NETREGISTRY]: Channel 'fml:handshake' : Version test of 'FML3' from client : ACCEPTED
[20Dec2025 04:44:13.980] [Netty Epoll Server IO #6/DEBUG] [net.minecraftforge.network.NetworkRegistry/NETREGISTRY]: Channel 'horde_hoard:horde_hoard' : Version test of '1' from client : ACCEPTED
[20Dec2025 04:44:13.980] [Netty Epoll Server IO #6/DEBUG] [net.minecraftforge.network.NetworkRegistry/NETREGISTRY]: Channel 'minecraft:register' : Version test of 'FML3' from client : ACCEPTED
[20Dec2025 04:44:13.980] [Netty Epoll Server IO #6/DEBUG] [net.minecraftforge.network.NetworkRegistry/NETREGISTRY]: Channel 'forge:split' : Version test of '1.1' from client : ACCEPTED
[20Dec2025 04:44:13.981] [Netty Epoll Server IO #6/DEBUG] [net.minecraftforge.network.NetworkRegistry/NETREGISTRY]: Channel 'geckolib:main' : Version test of '1' from client : ACCEPTED
[20Dec2025 04:44:13.981] [Netty Epoll Server IO #6/DEBUG] [net.minecraftforge.network.NetworkRegistry/NETREGISTRY]: Channel 'jade:networking' : Version test of '2' from client : ACCEPTED
[20Dec2025 04:44:13.981] [Netty Epoll Server IO #6/DEBUG] [net.minecraftforge.network.NetworkRegistry/NETREGISTRY]: Channel 'waystones:network' : Version test of '1.0' from client : ACCEPTED
[20Dec2025 04:44:13.981] [Netty Epoll Server IO #6/DEBUG] [net.minecraftforge.network.NetworkRegistry/NETREGISTRY]: Channel 'skinshuffle:refresh' : Version test of '' from client : ACCEPTED
[20Dec2025 04:44:13.981] [Netty Epoll Server IO #6/DEBUG] [net.minecraftforge.network.NetworkRegistry/NETREGISTRY]: Accepting channel list from client
[20Dec2025 04:44:13.982] [Netty Epoll Server IO #6/DEBUG] [net.minecraftforge.network.HandshakeHandler/FMLHANDSHAKE]: Accepted client connection mod list
[20Dec2025 04:44:13.982] [Netty Epoll Server IO #6/DEBUG] [net.minecraftforge.network.LoginWrapper/FMLHANDSHAKE]: Recieved login wrapper packet event for channel fml:handshake with index 4
[20Dec2025 04:44:13.983] [Netty Epoll Server IO #6/DEBUG] [net.minecraftforge.network.HandshakeHandler/FMLHANDSHAKE]: Received client indexed reply 4 of type net.minecraftforge.network.HandshakeMessages$C2SAcknowledge
[20Dec2025 04:44:13.983] [Netty Epoll Server IO #6/DEBUG] [net.minecraftforge.network.HandshakeHandler/FMLHANDSHAKE]: Received acknowledgement from client
[20Dec2025 04:44:13.993] [Netty Epoll Server IO #6/DEBUG] [net.minecraftforge.network.LoginWrapper/FMLHANDSHAKE]: Recieved login wrapper packet event for channel fml:handshake with index 5
[20Dec2025 04:44:13.994] [Netty Epoll Server IO #6/DEBUG] [net.minecraftforge.network.HandshakeHandler/FMLHANDSHAKE]: Received client indexed reply 5 of type net.minecraftforge.network.HandshakeMessages$C2SAcknowledge
[20Dec2025 04:44:13.994] [Netty Epoll Server IO #6/DEBUG] [net.minecraftforge.network.HandshakeHandler/FMLHANDSHAKE]: Received acknowledgement from client
[20Dec2025 04:44:14.039] [Server thread/DEBUG] [net.minecraftforge.network.HandshakeHandler/FMLHANDSHAKE]: Sending ticking packet info 'Registry minecraft:particle_type' to 'fml:handshake' sequence 7
[20Dec2025 04:44:14.069] [Server thread/DEBUG] [net.minecraftforge.network.HandshakeHandler/FMLHANDSHAKE]: Sending ticking packet info 'Registry minecraft:villager_profession' to 'fml:handshake' sequence 8
[20Dec2025 04:44:14.092] [Netty Epoll Server IO #6/DEBUG] [net.minecraftforge.network.LoginWrapper/FMLHANDSHAKE]: Recieved login wrapper packet event for channel fml:handshake with index 6
[20Dec2025 04:44:14.092] [Netty Epoll Server IO #6/DEBUG] [net.minecraftforge.network.HandshakeHandler/FMLHANDSHAKE]: Received client indexed reply 6 of type net.minecraftforge.network.HandshakeMessages$C2SAcknowledge
[20Dec2025 04:44:14.092] [Netty Epoll Server IO #6/DEBUG] [net.minecraftforge.network.HandshakeHandler/FMLHANDSHAKE]: Received acknowledgement from client
[20Dec2025 04:44:14.102] [Netty Epoll Server IO #6/DEBUG] [net.minecraftforge.network.LoginWrapper/FMLHANDSHAKE]: Recieved login wrapper packet event for channel fml:handshake with index 7
[20Dec2025 04:44:14.102] [Netty Epoll Server IO #6/DEBUG] [net.minecraftforge.network.HandshakeHandler/FMLHANDSHAKE]: Received client indexed reply 7 of type net.minecraftforge.network.HandshakeMessages$C2SAcknowledge
[20Dec2025 04:44:14.102] [Netty Epoll Server IO #6/DEBUG] [net.minecraftforge.network.HandshakeHandler/FMLHANDSHAKE]: Received acknowledgement from client
[20Dec2025 04:44:14.125] [Server thread/DEBUG] [net.minecraftforge.network.HandshakeHandler/FMLHANDSHAKE]: Sending ticking packet info 'Registry minecraft:item' to 'fml:handshake' sequence 9
[20Dec2025 04:44:14.128] [Netty Epoll Server IO #6/DEBUG] [net.minecraftforge.network.LoginWrapper/FMLHANDSHAKE]: Recieved login wrapper packet event for channel fml:handshake with index 8
[20Dec2025 04:44:14.128] [Netty Epoll Server IO #6/DEBUG] [net.minecraftforge.network.HandshakeHandler/FMLHANDSHAKE]: Received client indexed reply 8 of type net.minecraftforge.network.HandshakeMessages$C2SAcknowledge
[20Dec2025 04:44:14.128] [Netty Epoll Server IO #6/DEBUG] [net.minecraftforge.network.HandshakeHandler/FMLHANDSHAKE]: Received acknowledgement from client
[20Dec2025 04:44:14.172] [Server thread/DEBUG] [net.minecraftforge.network.HandshakeHandler/FMLHANDSHAKE]: Sending ticking packet info 'Registry minecraft:potion' to 'fml:handshake' sequence 10
[20Dec2025 04:44:14.228] [Server thread/DEBUG] [net.minecraftforge.network.HandshakeHandler/FMLHANDSHAKE]: Sending ticking packet info 'Registry minecraft:painting_variant' to 'fml:handshake' sequence 11
[20Dec2025 04:44:14.245] [Netty Epoll Server IO #6/DEBUG] [net.minecraftforge.network.LoginWrapper/FMLHANDSHAKE]: Recieved login wrapper packet event for channel fml:handshake with index 9
[20Dec2025 04:44:14.245] [Netty Epoll Server IO #6/DEBUG] [net.minecraftforge.network.HandshakeHandler/FMLHANDSHAKE]: Received client indexed reply 9 of type net.minecraftforge.network.HandshakeMessages$C2SAcknowledge
[20Dec2025 04:44:14.245] [Netty Epoll Server IO #6/DEBUG] [net.minecraftforge.network.HandshakeHandler/FMLHANDSHAKE]: Received acknowledgement from client
[20Dec2025 04:44:14.246] [Netty Epoll Server IO #6/DEBUG] [net.minecraftforge.network.LoginWrapper/FMLHANDSHAKE]: Recieved login wrapper packet event for channel fml:handshake with index 10
[20Dec2025 04:44:14.246] [Netty Epoll Server IO #6/DEBUG] [net.minecraftforge.network.HandshakeHandler/FMLHANDSHAKE]: Received client indexed reply 10 of type net.minecraftforge.network.HandshakeMessages$C2SAcknowledge
[20Dec2025 04:44:14.247] [Netty Epoll Server IO #6/DEBUG] [net.minecraftforge.network.HandshakeHandler/FMLHANDSHAKE]: Received acknowledgement from client
[20Dec2025 04:44:14.274] [Server thread/DEBUG] [net.minecraftforge.network.HandshakeHandler/FMLHANDSHAKE]: Sending ticking packet info 'Registry forge:fluid_type' to 'fml:handshake' sequence 12
[20Dec2025 04:44:14.287] [Netty Epoll Server IO #6/DEBUG] [net.minecraftforge.network.LoginWrapper/FMLHANDSHAKE]: Recieved login wrapper packet event for channel fml:handshake with index 11
[20Dec2025 04:44:14.287] [Netty Epoll Server IO #6/DEBUG] [net.minecraftforge.network.HandshakeHandler/FMLHANDSHAKE]: Received client indexed reply 11 of type net.minecraftforge.network.HandshakeMessages$C2SAcknowledge
[20Dec2025 04:44:14.288] [Netty Epoll Server IO #6/DEBUG] [net.minecraftforge.network.HandshakeHandler/FMLHANDSHAKE]: Received acknowledgement from client
[20Dec2025 04:44:14.316] [Server thread/DEBUG] [net.minecraftforge.network.HandshakeHandler/FMLHANDSHAKE]: Sending ticking packet info 'Registry minecraft:block_entity_type' to 'fml:handshake' sequence 13
[20Dec2025 04:44:14.333] [Netty Epoll Server IO #6/DEBUG] [net.minecraftforge.network.LoginWrapper/FMLHANDSHAKE]: Recieved login wrapper packet event for channel fml:handshake with index 12
[20Dec2025 04:44:14.334] [Netty Epoll Server IO #6/DEBUG] [net.minecraftforge.network.HandshakeHandler/FMLHANDSHAKE]: Received client indexed reply 12 of type net.minecraftforge.network.HandshakeMessages$C2SAcknowledge
[20Dec2025 04:44:14.334] [Netty Epoll Server IO #6/DEBUG] [net.minecraftforge.network.HandshakeHandler/FMLHANDSHAKE]: Received acknowledgement from client
[20Dec2025 04:44:14.375] [Netty Epoll Server IO #6/DEBUG] [net.minecraftforge.network.LoginWrapper/FMLHANDSHAKE]: Recieved login wrapper packet event for channel fml:handshake with index 13
[20Dec2025 04:44:14.376] [Netty Epoll Server IO #6/DEBUG] [net.minecraftforge.network.HandshakeHandler/FMLHANDSHAKE]: Received client indexed reply 13 of type net.minecraftforge.network.HandshakeMessages$C2SAcknowledge
[20Dec2025 04:44:14.376] [Netty Epoll Server IO #6/DEBUG] [net.minecraftforge.network.HandshakeHandler/FMLHANDSHAKE]: Received acknowledgement from client
[20Dec2025 04:44:14.376] [Server thread/DEBUG] [net.minecraftforge.network.HandshakeHandler/FMLHANDSHAKE]: Sending ticking packet info 'Registry forge:display_contexts' to 'fml:handshake' sequence 14
[20Dec2025 04:44:14.423] [Server thread/DEBUG] [net.minecraftforge.network.HandshakeHandler/FMLHANDSHAKE]: Sending ticking packet info 'Registry minecraft:block' to 'fml:handshake' sequence 15
[20Dec2025 04:44:14.435] [Netty Epoll Server IO #6/DEBUG] [net.minecraftforge.network.LoginWrapper/FMLHANDSHAKE]: Recieved login wrapper packet event for channel fml:handshake with index 14
[20Dec2025 04:44:14.435] [Netty Epoll Server IO #6/DEBUG] [net.minecraftforge.network.HandshakeHandler/FMLHANDSHAKE]: Received client indexed reply 14 of type net.minecraftforge.network.HandshakeMessages$C2SAcknowledge
[20Dec2025 04:44:14.435] [Netty Epoll Server IO #6/DEBUG] [net.minecraftforge.network.HandshakeHandler/FMLHANDSHAKE]: Received acknowledgement from client
[20Dec2025 04:44:14.467] [Server thread/DEBUG] [net.minecraftforge.network.HandshakeHandler/FMLHANDSHAKE]: Sending ticking packet info 'Registry forge:entity_data_serializers' to 'fml:handshake' sequence 16
[20Dec2025 04:44:14.484] [Netty Epoll Server IO #6/DEBUG] [net.minecraftforge.network.LoginWrapper/FMLHANDSHAKE]: Recieved login wrapper packet event for channel fml:handshake with index 15
[20Dec2025 04:44:14.484] [Netty Epoll Server IO #6/DEBUG] [net.minecraftforge.network.HandshakeHandler/FMLHANDSHAKE]: Received client indexed reply 15 of type net.minecraftforge.network.HandshakeMessages$C2SAcknowledge
[20Dec2025 04:44:14.484] [Netty Epoll Server IO #6/DEBUG] [net.minecraftforge.network.HandshakeHandler/FMLHANDSHAKE]: Received acknowledgement from client
[20Dec2025 04:44:14.515] [Server thread/DEBUG] [net.minecraftforge.network.HandshakeHandler/FMLHANDSHAKE]: Sending ticking packet info 'Registry minecraft:mob_effect' to 'fml:handshake' sequence 17
[20Dec2025 04:44:14.527] [Netty Epoll Server IO #6/DEBUG] [net.minecraftforge.network.LoginWrapper/FMLHANDSHAKE]: Recieved login wrapper packet event for channel fml:handshake with index 16
[20Dec2025 04:44:14.527] [Netty Epoll Server IO #6/DEBUG] [net.minecraftforge.network.HandshakeHandler/FMLHANDSHAKE]: Received client indexed reply 16 of type net.minecraftforge.network.HandshakeMessages$C2SAcknowledge
[20Dec2025 04:44:14.527] [Netty Epoll Server IO #6/DEBUG] [net.minecraftforge.network.HandshakeHandler/FMLHANDSHAKE]: Received acknowledgement from client
[20Dec2025 04:44:14.566] [Server thread/DEBUG] [net.minecraftforge.network.HandshakeHandler/FMLHANDSHAKE]: Sending ticking packet info 'Registry minecraft:stat_type' to 'fml:handshake' sequence 18
[20Dec2025 04:44:14.574] [Netty Epoll Server IO #6/DEBUG] [net.minecraftforge.network.LoginWrapper/FMLHANDSHAKE]: Recieved login wrapper packet event for channel fml:handshake with index 17
[20Dec2025 04:44:14.574] [Netty Epoll Server IO #6/DEBUG] [net.minecraftforge.network.HandshakeHandler/FMLHANDSHAKE]: Received client indexed reply 17 of type net.minecraftforge.network.HandshakeMessages$C2SAcknowledge
[20Dec2025 04:44:14.574] [Netty Epoll Server IO #6/DEBUG] [net.minecraftforge.network.HandshakeHandler/FMLHANDSHAKE]: Received acknowledgement from client
[20Dec2025 04:44:14.618] [Server thread/DEBUG] [net.minecraftforge.network.HandshakeHandler/FMLHANDSHAKE]: Sending ticking packet info 'Registry minecraft:menu' to 'fml:handshake' sequence 19
[20Dec2025 04:44:14.625] [Netty Epoll Server IO #6/DEBUG] [net.minecraftforge.network.LoginWrapper/FMLHANDSHAKE]: Recieved login wrapper packet event for channel fml:handshake with index 18
[20Dec2025 04:44:14.625] [Netty Epoll Server IO #6/DEBUG] [net.minecraftforge.network.HandshakeHandler/FMLHANDSHAKE]: Received client indexed reply 18 of type net.minecraftforge.network.HandshakeMessages$C2SAcknowledge
[20Dec2025 04:44:14.625] [Netty Epoll Server IO #6/DEBUG] [net.minecraftforge.network.HandshakeHandler/FMLHANDSHAKE]: Received acknowledgement from client
[20Dec2025 04:44:14.666] [Server thread/DEBUG] [net.minecraftforge.network.HandshakeHandler/FMLHANDSHAKE]: Sending ticking packet info 'Registry minecraft:enchantment' to 'fml:handshake' sequence 20
[20Dec2025 04:44:14.676] [Netty Epoll Server IO #6/DEBUG] [net.minecraftforge.network.LoginWrapper/FMLHANDSHAKE]: Recieved login wrapper packet event for channel fml:handshake with index 19
[20Dec2025 04:44:14.676] [Netty Epoll Server IO #6/DEBUG] [net.minecraftforge.network.HandshakeHandler/FMLHANDSHAKE]: Received client indexed reply 19 of type net.minecraftforge.network.HandshakeMessages$C2SAcknowledge
[20Dec2025 04:44:14.676] [Netty Epoll Server IO #6/DEBUG] [net.minecraftforge.network.HandshakeHandler/FMLHANDSHAKE]: Received acknowledgement from client
[20Dec2025 04:44:14.718] [Server thread/DEBUG] [net.minecraftforge.network.HandshakeHandler/FMLHANDSHAKE]: Sending ticking packet info 'Registry minecraft:fluid' to 'fml:handshake' sequence 21
[20Dec2025 04:44:14.725] [Netty Epoll Server IO #6/DEBUG] [net.minecraftforge.network.LoginWrapper/FMLHANDSHAKE]: Recieved login wrapper packet event for channel fml:handshake with index 20
[20Dec2025 04:44:14.725] [Netty Epoll Server IO #6/DEBUG] [net.minecraftforge.network.HandshakeHandler/FMLHANDSHAKE]: Received client indexed reply 20 of type net.minecraftforge.network.HandshakeMessages$C2SAcknowledge
[20Dec2025 04:44:14.725] [Netty Epoll Server IO #6/DEBUG] [net.minecraftforge.network.HandshakeHandler/FMLHANDSHAKE]: Received acknowledgement from client
[20Dec2025 04:44:14.765] [Server thread/DEBUG] [net.minecraftforge.network.HandshakeHandler/FMLHANDSHAKE]: Sending ticking packet info 'Registry minecraft:entity_type' to 'fml:handshake' sequence 22
[20Dec2025 04:44:14.776] [Netty Epoll Server IO #6/DEBUG] [net.minecraftforge.network.LoginWrapper/FMLHANDSHAKE]: Recieved login wrapper packet event for channel fml:handshake with index 21
[20Dec2025 04:44:14.776] [Netty Epoll Server IO #6/DEBUG] [net.minecraftforge.network.HandshakeHandler/FMLHANDSHAKE]: Received client indexed reply 21 of type net.minecraftforge.network.HandshakeMessages$C2SAcknowledge
[20Dec2025 04:44:14.776] [Netty Epoll Server IO #6/DEBUG] [net.minecraftforge.network.HandshakeHandler/FMLHANDSHAKE]: Received acknowledgement from client
[20Dec2025 04:44:14.816] [Server thread/DEBUG] [net.minecraftforge.network.HandshakeHandler/FMLHANDSHAKE]: Sending ticking packet info 'Config curios-server.toml' to 'fml:handshake' sequence 23
[20Dec2025 04:44:14.865] [Server thread/DEBUG] [net.minecraftforge.network.HandshakeHandler/FMLHANDSHAKE]: Sending ticking packet info 'Config jeg-server.toml' to 'fml:handshake' sequence 24
[20Dec2025 04:44:14.871] [Netty Epoll Server IO #6/DEBUG] [net.minecraftforge.network.LoginWrapper/FMLHANDSHAKE]: Recieved login wrapper packet event for channel fml:handshake with index 22
[20Dec2025 04:44:14.872] [Netty Epoll Server IO #6/DEBUG] [net.minecraftforge.network.HandshakeHandler/FMLHANDSHAKE]: Received client indexed reply 22 of type net.minecraftforge.network.HandshakeMessages$C2SAcknowledge
[20Dec2025 04:44:14.872] [Netty Epoll Server IO #6/DEBUG] [net.minecraftforge.network.HandshakeHandler/FMLHANDSHAKE]: Received acknowledgement from client
[20Dec2025 04:44:14.875] [Netty Epoll Server IO #6/DEBUG] [net.minecraftforge.network.LoginWrapper/FMLHANDSHAKE]: Recieved login wrapper packet event for channel fml:handshake with index 23
[20Dec2025 04:44:14.875] [Netty Epoll Server IO #6/DEBUG] [net.minecraftforge.network.HandshakeHandler/FMLHANDSHAKE]: Received client indexed reply 23 of type net.minecraftforge.network.HandshakeMessages$C2SAcknowledge
[20Dec2025 04:44:14.875] [Netty Epoll Server IO #6/DEBUG] [net.minecraftforge.network.HandshakeHandler/FMLHANDSHAKE]: Received acknowledgement from client
[20Dec2025 04:44:14.916] [Server thread/DEBUG] [net.minecraftforge.network.HandshakeHandler/FMLHANDSHAKE]: Sending ticking packet info 'Config gravestone-server.toml' to 'fml:handshake' sequence 25
[20Dec2025 04:44:14.924] [Netty Epoll Server IO #6/DEBUG] [net.minecraftforge.network.LoginWrapper/FMLHANDSHAKE]: Recieved login wrapper packet event for channel fml:handshake with index 24
[20Dec2025 04:44:14.924] [Netty Epoll Server IO #6/DEBUG] [net.minecraftforge.network.HandshakeHandler/FMLHANDSHAKE]: Received client indexed reply 24 of type net.minecraftforge.network.HandshakeMessages$C2SAcknowledge
[20Dec2025 04:44:14.924] [Netty Epoll Server IO #6/DEBUG] [net.minecraftforge.network.HandshakeHandler/FMLHANDSHAKE]: Received acknowledgement from client
[20Dec2025 04:44:14.969] [Server thread/DEBUG] [net.minecraftforge.network.HandshakeHandler/FMLHANDSHAKE]: Sending ticking packet info 'Config travelersbackpack-server.toml' to 'fml:handshake' sequence 26
[20Dec2025 04:44:14.976] [Netty Epoll Server IO #6/DEBUG] [net.minecraftforge.network.LoginWrapper/FMLHANDSHAKE]: Recieved login wrapper packet event for channel fml:handshake with index 25
[20Dec2025 04:44:14.976] [Netty Epoll Server IO #6/DEBUG] [net.minecraftforge.network.HandshakeHandler/FMLHANDSHAKE]: Received client indexed reply 25 of type net.minecraftforge.network.HandshakeMessages$C2SAcknowledge
[20Dec2025 04:44:14.976] [Netty Epoll Server IO #6/DEBUG] [net.minecraftforge.network.HandshakeHandler/FMLHANDSHAKE]: Received acknowledgement from client
[20Dec2025 04:44:15.018] [Server thread/DEBUG] [net.minecraftforge.network.HandshakeHandler/FMLHANDSHAKE]: Sending ticking packet info 'Config enchantinginfuser-server.toml' to 'fml:handshake' sequence 27
[20Dec2025 04:44:15.028] [Netty Epoll Server IO #6/DEBUG] [net.minecraftforge.network.LoginWrapper/FMLHANDSHAKE]: Recieved login wrapper packet event for channel fml:handshake with index 26
[20Dec2025 04:44:15.028] [Netty Epoll Server IO #6/DEBUG] [net.minecraftforge.network.HandshakeHandler/FMLHANDSHAKE]: Received client indexed reply 26 of type net.minecraftforge.network.HandshakeMessages$C2SAcknowledge
[20Dec2025 04:44:15.028] [Netty Epoll Server IO #6/DEBUG] [net.minecraftforge.network.HandshakeHandler/FMLHANDSHAKE]: Received acknowledgement from client
[20Dec2025 04:44:15.065] [Server thread/DEBUG] [net.minecraftforge.network.HandshakeHandler/FMLHANDSHAKE]: Sending ticking packet info 'Config jei-server.toml' to 'fml:handshake' sequence 28
[20Dec2025 04:44:15.079] [Netty Epoll Server IO #6/DEBUG] [net.minecraftforge.network.LoginWrapper/FMLHANDSHAKE]: Recieved login wrapper packet event for channel fml:handshake with index 27
[20Dec2025 04:44:15.079] [Netty Epoll Server IO #6/DEBUG] [net.minecraftforge.network.HandshakeHandler/FMLHANDSHAKE]: Received client indexed reply 27 of type net.minecraftforge.network.HandshakeMessages$C2SAcknowledge
[20Dec2025 04:44:15.080] [Netty Epoll Server IO #6/DEBUG] [net.minecraftforge.network.HandshakeHandler/FMLHANDSHAKE]: Received acknowledgement from client
[20Dec2025 04:44:15.116] [Server thread/DEBUG] [net.minecraftforge.network.HandshakeHandler/FMLHANDSHAKE]: Sending ticking packet info 'Config forge-server.toml' to 'fml:handshake' sequence 29
[20Dec2025 04:44:15.125] [Netty Epoll Server IO #6/DEBUG] [net.minecraftforge.network.LoginWrapper/FMLHANDSHAKE]: Recieved login wrapper packet event for channel fml:handshake with index 28
[20Dec2025 04:44:15.125] [Netty Epoll Server IO #6/DEBUG] [net.minecraftforge.network.HandshakeHandler/FMLHANDSHAKE]: Received client indexed reply 28 of type net.minecraftforge.network.HandshakeMessages$C2SAcknowledge
[20Dec2025 04:44:15.125] [Netty Epoll Server IO #6/DEBUG] [net.minecraftforge.network.HandshakeHandler/FMLHANDSHAKE]: Received acknowledgement from client
[20Dec2025 04:44:15.175] [Netty Epoll Server IO #6/DEBUG] [net.minecraftforge.network.LoginWrapper/FMLHANDSHAKE]: Recieved login wrapper packet event for channel fml:handshake with index 29
[20Dec2025 04:44:15.175] [Netty Epoll Server IO #6/DEBUG] [net.minecraftforge.network.HandshakeHandler/FMLHANDSHAKE]: Received client indexed reply 29 of type net.minecraftforge.network.HandshakeMessages$C2SAcknowledge
[20Dec2025 04:44:15.175] [Netty Epoll Server IO #6/DEBUG] [net.minecraftforge.network.HandshakeHandler/FMLHANDSHAKE]: Received acknowledgement from client
[20Dec2025 04:44:15.216] [Server thread/DEBUG] [net.minecraftforge.network.HandshakeHandler/FMLHANDSHAKE]: Handshake complete!
[20Dec2025 04:44:15.272] [ForkJoinPool.commonPool-worker-5/DEBUG] [SkinRestorer/]: Fetching TheAstoria1090's skin
[20Dec2025 04:44:15.655] [Server thread/INFO] [net.minecraft.server.players.PlayerList/]: TheAstoria1090[/127.197.22.13:37811] logged in with entity id 30091 at (190.01391092382252, 60.35633484174785, -449.0709250199472)
[20Dec2025 04:44:15.656] [Server thread/DEBUG] [net.minecraftforge.network.filters.NetworkFilters/]: Injected net.minecraftforge.network.filters.ForgeConnectionNetworkFilter@63687b38 into net.minecraft.network.Connection@7b000129
[20Dec2025 04:44:15.717] [Server thread/INFO] [net.minecraft.server.MinecraftServer/]: TheAstoria1090 joined the game
[20Dec2025 04:44:15.727] [Server thread/INFO] [Jade/]: Syncing config to TheAstoria1090 (a3b499f0-51af-3225-aacb-9c421195ca4d)
[20Dec2025 04:44:16.781] [Server thread/WARN] [net.minecraft.server.network.ServerGamePacketListenerImpl/]: TheAstoria1090 moved too quickly! 0.0,-10.80652611000901,0.0
[20Dec2025 04:44:19.818] [Netty Epoll Server IO #0/DEBUG] [net.minecraftforge.network.HandshakeHandler/FMLHANDSHAKE]: Starting new modded impl connection. Found 30 messages to dispatch.
[20Dec2025 04:44:19.918] [Server thread/DEBUG] [net.minecraftforge.network.HandshakeHandler/FMLHANDSHAKE]: Sending ticking packet info 'jeg:custom_gun_manager' to 'framework:handshake' sequence 0
[20Dec2025 04:44:19.968] [Server thread/DEBUG] [net.minecraftforge.network.HandshakeHandler/FMLHANDSHAKE]: Sending ticking packet info 'jeg:network_gun_manager' to 'framework:handshake' sequence 1
[20Dec2025 04:44:19.996] [Netty Epoll Server IO #0/DEBUG] [net.minecraftforge.network.LoginWrapper/FMLHANDSHAKE]: Recieved login wrapper packet event for channel framework:handshake with index 0
[20Dec2025 04:44:19.996] [Netty Epoll Server IO #0/DEBUG] [net.minecraftforge.network.HandshakeHandler/FMLHANDSHAKE]: Received client indexed reply 0 of type com.mrcrayfish.framework.api.network.message.HandshakeMessage$Acknowledge
[20Dec2025 04:44:19.996] [Netty Epoll Server IO #0/DEBUG] [Framework/FRAMEWORK_HANDSHAKE]: Received acknowledgement from client
[20Dec2025 04:44:20.017] [Server thread/DEBUG] [net.minecraftforge.network.HandshakeHandler/FMLHANDSHAKE]: Sending ticking packet info 'net.minecraftforge.network.HandshakeMessages$S2CModData' to 'fml:handshake' sequence 2
[20Dec2025 04:44:20.068] [Server thread/DEBUG] [net.minecraftforge.network.HandshakeHandler/FMLHANDSHAKE]: Sending ticking packet info 'net.minecraftforge.network.HandshakeMessages$S2CModList' to 'fml:handshake' sequence 3
[20Dec2025 04:44:20.117] [Server thread/DEBUG] [net.minecraftforge.network.HandshakeHandler/FMLHANDSHAKE]: Sending ticking packet info 'Registry minecraft:command_argument_type' to 'fml:handshake' sequence 4
[20Dec2025 04:44:20.167] [Server thread/DEBUG] [net.minecraftforge.network.HandshakeHandler/FMLHANDSHAKE]: Sending ticking packet info 'Registry minecraft:recipe_serializer' to 'fml:handshake' sequence 5
[20Dec2025 04:44:20.218] [Server thread/DEBUG] [net.minecraftforge.network.HandshakeHandler/FMLHANDSHAKE]: Sending ticking packet info 'Registry minecraft:sound_event' to 'fml:handshake' sequence 6
[20Dec2025 04:44:20.249] [Netty Epoll Server IO #0/DEBUG] [net.minecraftforge.network.LoginWrapper/FMLHANDSHAKE]: Recieved login wrapper packet event for channel framework:handshake with index 1
[20Dec2025 04:44:20.249] [Netty Epoll Server IO #0/DEBUG] [net.minecraftforge.network.HandshakeHandler/FMLHANDSHAKE]: Received client indexed reply 1 of type com.mrcrayfish.framework.api.network.message.HandshakeMessage$Acknowledge
[20Dec2025 04:44:20.249] [Netty Epoll Server IO #0/DEBUG] [Framework/FRAMEWORK_HANDSHAKE]: Received acknowledgement from client
[20Dec2025 04:44:20.250] [Netty Epoll Server IO #0/DEBUG] [net.minecraftforge.network.LoginWrapper/FMLHANDSHAKE]: Recieved login wrapper packet event for channel fml:handshake with index 3
[20Dec2025 04:44:20.250] [Netty Epoll Server IO #0/DEBUG] [net.minecraftforge.network.HandshakeHandler/FMLHANDSHAKE]: Received client indexed reply 3 of type net.minecraftforge.network.HandshakeMessages$C2SModListReply
[20Dec2025 04:44:20.250] [Netty Epoll Server IO #0/DEBUG] [net.minecraftforge.network.HandshakeHandler/FMLHANDSHAKE]: Received client connection with modlist [minecraft, emi, man_of_many_planes, kuma_api, block_factorys_bosses, trashslot, netherexp, protectmobsfromdaylight, jade, geckolib, elysium_api, jei, jeg, goblintraders, immersive_aircraft, ribbits, curios, bettercaves, underground_bunkers, easy_emerald, waystones, gravestone, citadel, travelersbackpack, zombieawareness, yungsapi, mixinextras, gobber2, dungeoncrawl, coroutil, warfare_wings, aiimprovements, iceandfire, balm, puzzleslib, framework, puzzlesaccessapi, cloth_config, forge, horde_hoard, mteg, enchantinginfuser, skinrestorer]
[20Dec2025 04:44:20.250] [Netty Epoll Server IO #0/DEBUG] [net.minecraftforge.network.NetworkRegistry/NETREGISTRY]: Channel 'skinshuffle:skin_refresh' : Version test of '' from client : ACCEPTED
[20Dec2025 04:44:20.250] [Netty Epoll Server IO #0/DEBUG] [net.minecraftforge.network.NetworkRegistry/NETREGISTRY]: Channel 'block_factorys_bosses:block_factorys_bosses' : Version test of '1' from client : ACCEPTED
[20Dec2025 04:44:20.250] [Netty Epoll Server IO #0/DEBUG] [net.minecraftforge.network.NetworkRegistry/NETREGISTRY]: Channel 'jei:channel' : Version test of '1.0.0' from client : ACCEPTED
[20Dec2025 04:44:20.250] [Netty Epoll Server IO #0/DEBUG] [net.minecraftforge.network.NetworkRegistry/NETREGISTRY]: Channel 'minecraft:unregister' : Version test of 'FML3' from client : ACCEPTED
[20Dec2025 04:44:20.250] [Netty Epoll Server IO #0/DEBUG] [net.minecraftforge.network.NetworkRegistry/NETREGISTRY]: Channel 'ic_air:main' : Version test of '1' from client : ACCEPTED
[20Dec2025 04:44:20.250] [Netty Epoll Server IO #0/DEBUG] [net.minecraftforge.network.NetworkRegistry/NETREGISTRY]: Channel 'citadel:main_channel' : Version test of '1' from client : ACCEPTED
[20Dec2025 04:44:20.250] [Netty Epoll Server IO #0/DEBUG] [net.minecraftforge.network.NetworkRegistry/NETREGISTRY]: Channel 'puzzleslib:1' : Version test of '1' from client : ACCEPTED
[20Dec2025 04:44:20.250] [Netty Epoll Server IO #0/DEBUG] [net.minecraftforge.network.NetworkRegistry/NETREGISTRY]: Channel 'jeg:play' : Version test of '1' from client : ACCEPTED
[20Dec2025 04:44:20.250] [Netty Epoll Server IO #0/DEBUG] [net.minecraftforge.network.NetworkRegistry/NETREGISTRY]: Channel 'iceandfire:main_channel' : Version test of '1' from client : ACCEPTED
[20Dec2025 04:44:20.250] [Netty Epoll Server IO #0/DEBUG] [net.minecraftforge.network.NetworkRegistry/NETREGISTRY]: Channel 'emi:emi' : Version test of '0' from client : ACCEPTED
[20Dec2025 04:44:20.250] [Netty Epoll Server IO #0/DEBUG] [net.minecraftforge.network.NetworkRegistry/NETREGISTRY]: Channel 'framework:play' : Version test of '1' from client : ACCEPTED
[20Dec2025 04:44:20.250] [Netty Epoll Server IO #0/DEBUG] [net.minecraftforge.network.NetworkRegistry/NETREGISTRY]: Channel 'travelersbackpack:network' : Version test of 'travelersbackpack:1' from client : ACCEPTED
[20Dec2025 04:44:20.250] [Netty Epoll Server IO #0/DEBUG] [net.minecraftforge.network.NetworkRegistry/NETREGISTRY]: Channel 'curios:main' : Version test of '1' from client : ACCEPTED
[20Dec2025 04:44:20.250] [Netty Epoll Server IO #0/DEBUG] [net.minecraftforge.network.NetworkRegistry/NETREGISTRY]: Channel 'balm:network' : Version test of '1.0' from client : ACCEPTED
[20Dec2025 04:44:20.250] [Netty Epoll Server IO #0/DEBUG] [net.minecraftforge.network.NetworkRegistry/NETREGISTRY]: Channel 'skinshuffle:handshake' : Version test of '' from client : ACCEPTED
[20Dec2025 04:44:20.251] [Netty Epoll Server IO #0/DEBUG] [net.minecraftforge.network.NetworkRegistry/NETREGISTRY]: Channel 'framework:handshake' : Version test of '1' from client : ACCEPTED
[20Dec2025 04:44:20.251] [Netty Epoll Server IO #0/DEBUG] [net.minecraftforge.network.NetworkRegistry/NETREGISTRY]: Channel 'fml:loginwrapper' : Version test of 'FML3' from client : ACCEPTED
[20Dec2025 04:44:20.251] [Netty Epoll Server IO #0/DEBUG] [net.minecraftforge.network.NetworkRegistry/NETREGISTRY]: Channel 'enchantinginfuser:1' : Version test of '1' from client : ACCEPTED
[20Dec2025 04:44:20.251] [Netty Epoll Server IO #0/DEBUG] [net.minecraftforge.network.NetworkRegistry/NETREGISTRY]: Channel 'mteg:play' : Version test of '1' from client : ACCEPTED
[20Dec2025 04:44:20.251] [Netty Epoll Server IO #0/DEBUG] [net.minecraftforge.network.NetworkRegistry/NETREGISTRY]: Channel 'ribbits:messages' : Version test of '1.0' from client : ACCEPTED
[20Dec2025 04:44:20.251] [Netty Epoll Server IO #0/DEBUG] [net.minecraftforge.network.NetworkRegistry/NETREGISTRY]: Channel 'forge:tier_sorting' : Version test of '1.0' from client : ACCEPTED
[20Dec2025 04:44:20.251] [Netty Epoll Server IO #0/DEBUG] [net.minecraftforge.network.NetworkRegistry/NETREGISTRY]: Channel 'trashslot:network' : Version test of '1.0' from client : ACCEPTED
[20Dec2025 04:44:20.251] [Netty Epoll Server IO #0/DEBUG] [net.minecraftforge.network.NetworkRegistry/NETREGISTRY]: Channel 'fml:play' : Version test of 'FML3' from client : ACCEPTED
[20Dec2025 04:44:20.251] [Netty Epoll Server IO #0/DEBUG] [net.minecraftforge.network.NetworkRegistry/NETREGISTRY]: Channel 'gravestone:default' : Version test of '1.0.0' from client : ACCEPTED
[20Dec2025 04:44:20.251] [Netty Epoll Server IO #0/DEBUG] [net.minecraftforge.network.NetworkRegistry/NETREGISTRY]: Channel 'fml:handshake' : Version test of 'FML3' from client : ACCEPTED
[20Dec2025 04:44:20.251] [Netty Epoll Server IO #0/DEBUG] [net.minecraftforge.network.NetworkRegistry/NETREGISTRY]: Channel 'horde_hoard:horde_hoard' : Version test of '1' from client : ACCEPTED
[20Dec2025 04:44:20.251] [Netty Epoll Server IO #0/DEBUG] [net.minecraftforge.network.NetworkRegistry/NETREGISTRY]: Channel 'minecraft:register' : Version test of 'FML3' from client : ACCEPTED
[20Dec2025 04:44:20.251] [Netty Epoll Server IO #0/DEBUG] [net.minecraftforge.network.NetworkRegistry/NETREGISTRY]: Channel 'forge:split' : Version test of '1.1' from client : ACCEPTED
[20Dec2025 04:44:20.252] [Netty Epoll Server IO #0/DEBUG] [net.minecraftforge.network.NetworkRegistry/NETREGISTRY]: Channel 'geckolib:main' : Version test of '1' from client : ACCEPTED
[20Dec2025 04:44:20.252] [Netty Epoll Server IO #0/DEBUG] [net.minecraftforge.network.NetworkRegistry/NETREGISTRY]: Channel 'jade:networking' : Version test of '2' from client : ACCEPTED
[20Dec2025 04:44:20.252] [Netty Epoll Server IO #0/DEBUG] [net.minecraftforge.network.NetworkRegistry/NETREGISTRY]: Channel 'waystones:network' : Version test of '1.0' from client : ACCEPTED
[20Dec2025 04:44:20.252] [Netty Epoll Server IO #0/DEBUG] [net.minecraftforge.network.NetworkRegistry/NETREGISTRY]: Channel 'skinshuffle:refresh' : Version test of '' from client : ACCEPTED
[20Dec2025 04:44:20.252] [Netty Epoll Server IO #0/DEBUG] [net.minecraftforge.network.NetworkRegistry/NETREGISTRY]: Accepting channel list from client
[20Dec2025 04:44:20.252] [Netty Epoll Server IO #0/DEBUG] [net.minecraftforge.network.HandshakeHandler/FMLHANDSHAKE]: Accepted client connection mod list
[20Dec2025 04:44:20.252] [Netty Epoll Server IO #0/DEBUG] [net.minecraftforge.network.LoginWrapper/FMLHANDSHAKE]: Recieved login wrapper packet event for channel fml:handshake with index 4
[20Dec2025 04:44:20.252] [Netty Epoll Server IO #0/DEBUG] [net.minecraftforge.network.HandshakeHandler/FMLHANDSHAKE]: Received client indexed reply 4 of type net.minecraftforge.network.HandshakeMessages$C2SAcknowledge
[20Dec2025 04:44:20.252] [Netty Epoll Server IO #0/DEBUG] [net.minecraftforge.network.HandshakeHandler/FMLHANDSHAKE]: Received acknowledgement from client
[20Dec2025 04:44:20.252] [Netty Epoll Server IO #0/DEBUG] [net.minecraftforge.network.LoginWrapper/FMLHANDSHAKE]: Recieved login wrapper packet event for channel fml:handshake with index 5
[20Dec2025 04:44:20.253] [Netty Epoll Server IO #0/DEBUG] [net.minecraftforge.network.HandshakeHandler/FMLHANDSHAKE]: Received client indexed reply 5 of type net.minecraftforge.network.HandshakeMessages$C2SAcknowledge
[20Dec2025 04:44:20.253] [Netty Epoll Server IO #0/DEBUG] [net.minecraftforge.network.HandshakeHandler/FMLHANDSHAKE]: Received acknowledgement from client
[20Dec2025 04:44:20.268] [Server thread/DEBUG] [net.minecraftforge.network.HandshakeHandler/FMLHANDSHAKE]: Sending ticking packet info 'Registry minecraft:particle_type' to 'fml:handshake' sequence 7
[20Dec2025 04:44:20.318] [Server thread/DEBUG] [net.minecraftforge.network.HandshakeHandler/FMLHANDSHAKE]: Sending ticking packet info 'Registry minecraft:villager_profession' to 'fml:handshake' sequence 8
[20Dec2025 04:44:20.351] [Netty Epoll Server IO #0/DEBUG] [net.minecraftforge.network.LoginWrapper/FMLHANDSHAKE]: Recieved login wrapper packet event for channel fml:handshake with index 6
[20Dec2025 04:44:20.351] [Netty Epoll Server IO #0/DEBUG] [net.minecraftforge.network.HandshakeHandler/FMLHANDSHAKE]: Received client indexed reply 6 of type net.minecraftforge.network.HandshakeMessages$C2SAcknowledge
[20Dec2025 04:44:20.351] [Netty Epoll Server IO #0/DEBUG] [net.minecraftforge.network.HandshakeHandler/FMLHANDSHAKE]: Received acknowledgement from client
[20Dec2025 04:44:20.352] [Netty Epoll Server IO #0/DEBUG] [net.minecraftforge.network.LoginWrapper/FMLHANDSHAKE]: Recieved login wrapper packet event for channel fml:handshake with index 7
[20Dec2025 04:44:20.352] [Netty Epoll Server IO #0/DEBUG] [net.minecraftforge.network.HandshakeHandler/FMLHANDSHAKE]: Received client indexed reply 7 of type net.minecraftforge.network.HandshakeMessages$C2SAcknowledge
[20Dec2025 04:44:20.352] [Netty Epoll Server IO #0/DEBUG] [net.minecraftforge.network.HandshakeHandler/FMLHANDSHAKE]: Received acknowledgement from client
[20Dec2025 04:44:20.368] [Server thread/DEBUG] [net.minecraftforge.network.HandshakeHandler/FMLHANDSHAKE]: Sending ticking packet info 'Registry minecraft:item' to 'fml:handshake' sequence 9
[20Dec2025 04:44:20.384] [Netty Epoll Server IO #0/DEBUG] [net.minecraftforge.network.LoginWrapper/FMLHANDSHAKE]: Recieved login wrapper packet event for channel fml:handshake with index 8
[20Dec2025 04:44:20.384] [Netty Epoll Server IO #0/DEBUG] [net.minecraftforge.network.HandshakeHandler/FMLHANDSHAKE]: Received client indexed reply 8 of type net.minecraftforge.network.HandshakeMessages$C2SAcknowledge
[20Dec2025 04:44:20.384] [Netty Epoll Server IO #0/DEBUG] [net.minecraftforge.network.HandshakeHandler/FMLHANDSHAKE]: Received acknowledgement from client
[20Dec2025 04:44:20.417] [Server thread/DEBUG] [net.minecraftforge.network.HandshakeHandler/FMLHANDSHAKE]: Sending ticking packet info 'Registry minecraft:potion' to 'fml:handshake' sequence 10
[20Dec2025 04:44:20.468] [Server thread/DEBUG] [net.minecraftforge.network.HandshakeHandler/FMLHANDSHAKE]: Sending ticking packet info 'Registry minecraft:painting_variant' to 'fml:handshake' sequence 11
[20Dec2025 04:44:20.502] [Netty Epoll Server IO #0/DEBUG] [net.minecraftforge.network.LoginWrapper/FMLHANDSHAKE]: Recieved login wrapper packet event for channel fml:handshake with index 9
[20Dec2025 04:44:20.502] [Netty Epoll Server IO #0/DEBUG] [net.minecraftforge.network.HandshakeHandler/FMLHANDSHAKE]: Received client indexed reply 9 of type net.minecraftforge.network.HandshakeMessages$C2SAcknowledge
[20Dec2025 04:44:20.502] [Netty Epoll Server IO #0/DEBUG] [net.minecraftforge.network.HandshakeHandler/FMLHANDSHAKE]: Received acknowledgement from client
[20Dec2025 04:44:20.502] [Netty Epoll Server IO #0/DEBUG] [net.minecraftforge.network.LoginWrapper/FMLHANDSHAKE]: Recieved login wrapper packet event for channel fml:handshake with index 10
[20Dec2025 04:44:20.502] [Netty Epoll Server IO #0/DEBUG] [net.minecraftforge.network.HandshakeHandler/FMLHANDSHAKE]: Received client indexed reply 10 of type net.minecraftforge.network.HandshakeMessages$C2SAcknowledge
[20Dec2025 04:44:20.502] [Netty Epoll Server IO #0/DEBUG] [net.minecraftforge.network.HandshakeHandler/FMLHANDSHAKE]: Received acknowledgement from client
[20Dec2025 04:44:20.519] [Server thread/DEBUG] [net.minecraftforge.network.HandshakeHandler/FMLHANDSHAKE]: Sending ticking packet info 'Registry forge:fluid_type' to 'fml:handshake' sequence 12
[20Dec2025 04:44:20.533] [Netty Epoll Server IO #0/DEBUG] [net.minecraftforge.network.LoginWrapper/FMLHANDSHAKE]: Recieved login wrapper packet event for channel fml:handshake with index 11
[20Dec2025 04:44:20.533] [Netty Epoll Server IO #0/DEBUG] [net.minecraftforge.network.HandshakeHandler/FMLHANDSHAKE]: Received client indexed reply 11 of type net.minecraftforge.network.HandshakeMessages$C2SAcknowledge
[20Dec2025 04:44:20.534] [Netty Epoll Server IO #0/DEBUG] [net.minecraftforge.network.HandshakeHandler/FMLHANDSHAKE]: Received acknowledgement from client
[20Dec2025 04:44:20.568] [Server thread/DEBUG] [net.minecraftforge.network.HandshakeHandler/FMLHANDSHAKE]: Sending ticking packet info 'Registry minecraft:block_entity_type' to 'fml:handshake' sequence 13
[20Dec2025 04:44:20.584] [Netty Epoll Server IO #0/DEBUG] [net.minecraftforge.network.LoginWrapper/FMLHANDSHAKE]: Recieved login wrapper packet event for channel fml:handshake with index 12
[20Dec2025 04:44:20.584] [Netty Epoll Server IO #0/DEBUG] [net.minecraftforge.network.HandshakeHandler/FMLHANDSHAKE]: Received client indexed reply 12 of type net.minecraftforge.network.HandshakeMessages$C2SAcknowledge
[20Dec2025 04:44:20.584] [Netty Epoll Server IO #0/DEBUG] [net.minecraftforge.network.HandshakeHandler/FMLHANDSHAKE]: Received acknowledgement from client
[20Dec2025 04:44:20.617] [Server thread/DEBUG] [net.minecraftforge.network.HandshakeHandler/FMLHANDSHAKE]: Sending ticking packet info 'Registry forge:display_contexts' to 'fml:handshake' sequence 14
[20Dec2025 04:44:20.633] [Netty Epoll Server IO #0/DEBUG] [net.minecraftforge.network.LoginWrapper/FMLHANDSHAKE]: Recieved login wrapper packet event for channel fml:handshake with index 13
[20Dec2025 04:44:20.633] [Netty Epoll Server IO #0/DEBUG] [net.minecraftforge.network.HandshakeHandler/FMLHANDSHAKE]: Received client indexed reply 13 of type net.minecraftforge.network.HandshakeMessages$C2SAcknowledge
[20Dec2025 04:44:20.633] [Netty Epoll Server IO #0/DEBUG] [net.minecraftforge.network.HandshakeHandler/FMLHANDSHAKE]: Received acknowledgement from client
[20Dec2025 04:44:20.666] [Server thread/DEBUG] [net.minecraftforge.network.HandshakeHandler/FMLHANDSHAKE]: Sending ticking packet info 'Registry minecraft:block' to 'fml:handshake' sequence 15
[20Dec2025 04:44:20.682] [Netty Epoll Server IO #0/DEBUG] [net.minecraftforge.network.LoginWrapper/FMLHANDSHAKE]: Recieved login wrapper packet event for channel fml:handshake with index 14
[20Dec2025 04:44:20.682] [Netty Epoll Server IO #0/DEBUG] [net.minecraftforge.network.HandshakeHandler/FMLHANDSHAKE]: Received client indexed reply 14 of type net.minecraftforge.network.HandshakeMessages$C2SAcknowledge
[20Dec2025 04:44:20.682] [Netty Epoll Server IO #0/DEBUG] [net.minecraftforge.network.HandshakeHandler/FMLHANDSHAKE]: Received acknowledgement from client
[20Dec2025 04:44:20.716] [Server thread/DEBUG] [net.minecraftforge.network.HandshakeHandler/FMLHANDSHAKE]: Sending ticking packet info 'Registry forge:entity_data_serializers' to 'fml:handshake' sequence 16
[20Dec2025 04:44:20.737] [Netty Epoll Server IO #0/DEBUG] [net.minecraftforge.network.LoginWrapper/FMLHANDSHAKE]: Recieved login wrapper packet event for channel fml:handshake with index 15
[20Dec2025 04:44:20.737] [Netty Epoll Server IO #0/DEBUG] [net.minecraftforge.network.HandshakeHandler/FMLHANDSHAKE]: Received client indexed reply 15 of type net.minecraftforge.network.HandshakeMessages$C2SAcknowledge
[20Dec2025 04:44:20.737] [Netty Epoll Server IO #0/DEBUG] [net.minecraftforge.network.HandshakeHandler/FMLHANDSHAKE]: Received acknowledgement from client
[20Dec2025 04:44:20.771] [Server thread/DEBUG] [net.minecraftforge.network.HandshakeHandler/FMLHANDSHAKE]: Sending ticking packet info 'Registry minecraft:mob_effect' to 'fml:handshake' sequence 17
[20Dec2025 04:44:20.782] [Netty Epoll Server IO #0/DEBUG] [net.minecraftforge.network.LoginWrapper/FMLHANDSHAKE]: Recieved login wrapper packet event for channel fml:handshake with index 16
[20Dec2025 04:44:20.782] [Netty Epoll Server IO #0/DEBUG] [net.minecraftforge.network.HandshakeHandler/FMLHANDSHAKE]: Received client indexed reply 16 of type net.minecraftforge.network.HandshakeMessages$C2SAcknowledge
[20Dec2025 04:44:20.782] [Netty Epoll Server IO #0/DEBUG] [net.minecraftforge.network.HandshakeHandler/FMLHANDSHAKE]: Received acknowledgement from client
[20Dec2025 04:44:20.815] [Server thread/DEBUG] [net.minecraftforge.network.HandshakeHandler/FMLHANDSHAKE]: Sending ticking packet info 'Registry minecraft:stat_type' to 'fml:handshake' sequence 18
[20Dec2025 04:44:20.838] [Netty Epoll Server IO #0/DEBUG] [net.minecraftforge.network.LoginWrapper/FMLHANDSHAKE]: Recieved login wrapper packet event for channel fml:handshake with index 17
[20Dec2025 04:44:20.839] [Netty Epoll Server IO #0/DEBUG] [net.minecraftforge.network.HandshakeHandler/FMLHANDSHAKE]: Received client indexed reply 17 of type net.minecraftforge.network.HandshakeMessages$C2SAcknowledge
[20Dec2025 04:44:20.839] [Netty Epoll Server IO #0/DEBUG] [net.minecraftforge.network.HandshakeHandler/FMLHANDSHAKE]: Received acknowledgement from client
[20Dec2025 04:44:20.866] [Server thread/DEBUG] [net.minecraftforge.network.HandshakeHandler/FMLHANDSHAKE]: Sending ticking packet info 'Registry minecraft:menu' to 'fml:handshake' sequence 19
[20Dec2025 04:44:20.878] [Netty Epoll Server IO #0/DEBUG] [net.minecraftforge.network.LoginWrapper/FMLHANDSHAKE]: Recieved login wrapper packet event for channel fml:handshake with index 18
[20Dec2025 04:44:20.878] [Netty Epoll Server IO #0/DEBUG] [net.minecraftforge.network.HandshakeHandler/FMLHANDSHAKE]: Received client indexed reply 18 of type net.minecraftforge.network.HandshakeMessages$C2SAcknowledge
[20Dec2025 04:44:20.878] [Netty Epoll Server IO #0/DEBUG] [net.minecraftforge.network.HandshakeHandler/FMLHANDSHAKE]: Received acknowledgement from client
[20Dec2025 04:44:20.916] [Server thread/DEBUG] [net.minecraftforge.network.HandshakeHandler/FMLHANDSHAKE]: Sending ticking packet info 'Registry minecraft:enchantment' to 'fml:handshake' sequence 20
[20Dec2025 04:44:20.931] [Netty Epoll Server IO #0/DEBUG] [net.minecraftforge.network.LoginWrapper/FMLHANDSHAKE]: Recieved login wrapper packet event for channel fml:handshake with index 19
[20Dec2025 04:44:20.931] [Netty Epoll Server IO #0/DEBUG] [net.minecraftforge.network.HandshakeHandler/FMLHANDSHAKE]: Received client indexed reply 19 of type net.minecraftforge.network.HandshakeMessages$C2SAcknowledge
[20Dec2025 04:44:20.931] [Netty Epoll Server IO #0/DEBUG] [net.minecraftforge.network.HandshakeHandler/FMLHANDSHAKE]: Received acknowledgement from client
[20Dec2025 04:44:20.966] [Server thread/DEBUG] [net.minecraftforge.network.HandshakeHandler/FMLHANDSHAKE]: Sending ticking packet info 'Registry minecraft:fluid' to 'fml:handshake' sequence 21
[20Dec2025 04:44:20.981] [Netty Epoll Server IO #0/DEBUG] [net.minecraftforge.network.LoginWrapper/FMLHANDSHAKE]: Recieved login wrapper packet event for channel fml:handshake with index 20
[20Dec2025 04:44:20.981] [Netty Epoll Server IO #0/DEBUG] [net.minecraftforge.network.HandshakeHandler/FMLHANDSHAKE]: Received client indexed reply 20 of type net.minecraftforge.network.HandshakeMessages$C2SAcknowledge
[20Dec2025 04:44:20.981] [Netty Epoll Server IO #0/DEBUG] [net.minecraftforge.network.HandshakeHandler/FMLHANDSHAKE]: Received acknowledgement from client
[20Dec2025 04:44:21.014] [Server thread/DEBUG] [net.minecraftforge.network.HandshakeHandler/FMLHANDSHAKE]: Sending ticking packet info 'Registry minecraft:entity_type' to 'fml:handshake' sequence 22
[20Dec2025 04:44:21.032] [Netty Epoll Server IO #0/DEBUG] [net.minecraftforge.network.LoginWrapper/FMLHANDSHAKE]: Recieved login wrapper packet event for channel fml:handshake with index 21
[20Dec2025 04:44:21.032] [Netty Epoll Server IO #0/DEBUG] [net.minecraftforge.network.HandshakeHandler/FMLHANDSHAKE]: Received client indexed reply 21 of type net.minecraftforge.network.HandshakeMessages$C2SAcknowledge
[20Dec2025 04:44:21.032] [Netty Epoll Server IO #0/DEBUG] [net.minecraftforge.network.HandshakeHandler/FMLHANDSHAKE]: Received acknowledgement from client
[20Dec2025 04:44:21.068] [Server thread/DEBUG] [net.minecraftforge.network.HandshakeHandler/FMLHANDSHAKE]: Sending ticking packet info 'Config curios-server.toml' to 'fml:handshake' sequence 23
[20Dec2025 04:44:21.116] [Server thread/DEBUG] [net.minecraftforge.network.HandshakeHandler/FMLHANDSHAKE]: Sending ticking packet info 'Config jeg-server.toml' to 'fml:handshake' sequence 24
[20Dec2025 04:44:21.165] [Server thread/DEBUG] [net.minecraftforge.network.HandshakeHandler/FMLHANDSHAKE]: Sending ticking packet info 'Config gravestone-server.toml' to 'fml:handshake' sequence 25
[20Dec2025 04:44:21.215] [Server thread/DEBUG] [net.minecraftforge.network.HandshakeHandler/FMLHANDSHAKE]: Sending ticking packet info 'Config travelersbackpack-server.toml' to 'fml:handshake' sequence 26
[20Dec2025 04:44:21.265] [Server thread/DEBUG] [net.minecraftforge.network.HandshakeHandler/FMLHANDSHAKE]: Sending ticking packet info 'Config enchantinginfuser-server.toml' to 'fml:handshake' sequence 27
[20Dec2025 04:44:21.318] [Server thread/DEBUG] [net.minecraftforge.network.HandshakeHandler/FMLHANDSHAKE]: Sending ticking packet info 'Config jei-server.toml' to 'fml:handshake' sequence 28
[20Dec2025 04:44:21.365] [Server thread/DEBUG] [net.minecraftforge.network.HandshakeHandler/FMLHANDSHAKE]: Sending ticking packet info 'Config forge-server.toml' to 'fml:handshake' sequence 29
[20Dec2025 04:44:21.534] [Netty Epoll Server IO #0/DEBUG] [net.minecraftforge.network.LoginWrapper/FMLHANDSHAKE]: Recieved login wrapper packet event for channel fml:handshake with index 22
[20Dec2025 04:44:21.534] [Netty Epoll Server IO #0/DEBUG] [net.minecraftforge.network.HandshakeHandler/FMLHANDSHAKE]: Received client indexed reply 22 of type net.minecraftforge.network.HandshakeMessages$C2SAcknowledge
[20Dec2025 04:44:21.534] [Netty Epoll Server IO #0/DEBUG] [net.minecraftforge.network.HandshakeHandler/FMLHANDSHAKE]: Received acknowledgement from client
[20Dec2025 04:44:21.535] [Netty Epoll Server IO #0/DEBUG] [net.minecraftforge.network.LoginWrapper/FMLHANDSHAKE]: Recieved login wrapper packet event for channel fml:handshake with index 23
[20Dec2025 04:44:21.535] [Netty Epoll Server IO #0/DEBUG] [net.minecraftforge.network.HandshakeHandler/FMLHANDSHAKE]: Received client indexed reply 23 of type net.minecraftforge.network.HandshakeMessages$C2SAcknowledge
[20Dec2025 04:44:21.535] [Netty Epoll Server IO #0/DEBUG] [net.minecraftforge.network.HandshakeHandler/FMLHANDSHAKE]: Received acknowledgement from client
[20Dec2025 04:44:21.535] [Netty Epoll Server IO #0/DEBUG] [net.minecraftforge.network.LoginWrapper/FMLHANDSHAKE]: Recieved login wrapper packet event for channel fml:handshake with index 24
[20Dec2025 04:44:21.535] [Netty Epoll Server IO #0/DEBUG] [net.minecraftforge.network.HandshakeHandler/FMLHANDSHAKE]: Received client indexed reply 24 of type net.minecraftforge.network.HandshakeMessages$C2SAcknowledge
[20Dec2025 04:44:21.535] [Netty Epoll Server IO #0/DEBUG] [net.minecraftforge.network.HandshakeHandler/FMLHANDSHAKE]: Received acknowledgement from client
[20Dec2025 04:44:21.535] [Netty Epoll Server IO #0/DEBUG] [net.minecraftforge.network.LoginWrapper/FMLHANDSHAKE]: Recieved login wrapper packet event for channel fml:handshake with index 25
[20Dec2025 04:44:21.535] [Netty Epoll Server IO #0/DEBUG] [net.minecraftforge.network.HandshakeHandler/FMLHANDSHAKE]: Received client indexed reply 25 of type net.minecraftforge.network.HandshakeMessages$C2SAcknowledge
[20Dec2025 04:44:21.535] [Netty Epoll Server IO #0/DEBUG] [net.minecraftforge.network.HandshakeHandler/FMLHANDSHAKE]: Received acknowledgement from client
[20Dec2025 04:44:21.536] [Netty Epoll Server IO #0/DEBUG] [net.minecraftforge.network.LoginWrapper/FMLHANDSHAKE]: Recieved login wrapper packet event for channel fml:handshake with index 26
[20Dec2025 04:44:21.536] [Netty Epoll Server IO #0/DEBUG] [net.minecraftforge.network.HandshakeHandler/FMLHANDSHAKE]: Received client indexed reply 26 of type net.minecraftforge.network.HandshakeMessages$C2SAcknowledge
[20Dec2025 04:44:21.536] [Netty Epoll Server IO #0/DEBUG] [net.minecraftforge.network.HandshakeHandler/FMLHANDSHAKE]: Received acknowledgement from client
[20Dec2025 04:44:21.541] [Netty Epoll Server IO #0/DEBUG] [net.minecraftforge.network.LoginWrapper/FMLHANDSHAKE]: Recieved login wrapper packet event for channel fml:handshake with index 27
[20Dec2025 04:44:21.542] [Netty Epoll Server IO #0/DEBUG] [net.minecraftforge.network.HandshakeHandler/FMLHANDSHAKE]: Received client indexed reply 27 of type net.minecraftforge.network.HandshakeMessages$C2SAcknowledge
[20Dec2025 04:44:21.542] [Netty Epoll Server IO #0/DEBUG] [net.minecraftforge.network.HandshakeHandler/FMLHANDSHAKE]: Received acknowledgement from client
[20Dec2025 04:44:21.542] [Netty Epoll Server IO #0/DEBUG] [net.minecraftforge.network.LoginWrapper/FMLHANDSHAKE]: Recieved login wrapper packet event for channel fml:handshake with index 28
[20Dec2025 04:44:21.542] [Netty Epoll Server IO #0/DEBUG] [net.minecraftforge.network.HandshakeHandler/FMLHANDSHAKE]: Received client indexed reply 28 of type net.minecraftforge.network.HandshakeMessages$C2SAcknowledge
[20Dec2025 04:44:21.542] [Netty Epoll Server IO #0/DEBUG] [net.minecraftforge.network.HandshakeHandler/FMLHANDSHAKE]: Received acknowledgement from client
[20Dec2025 04:44:21.543] [Netty Epoll Server IO #0/DEBUG] [net.minecraftforge.network.LoginWrapper/FMLHANDSHAKE]: Recieved login wrapper packet event for channel fml:handshake with index 29
[20Dec2025 04:44:21.543] [Netty Epoll Server IO #0/DEBUG] [net.minecraftforge.network.HandshakeHandler/FMLHANDSHAKE]: Received client indexed reply 29 of type net.minecraftforge.network.HandshakeMessages$C2SAcknowledge
[20Dec2025 04:44:21.543] [Netty Epoll Server IO #0/DEBUG] [net.minecraftforge.network.HandshakeHandler/FMLHANDSHAKE]: Received acknowledgement from client
[20Dec2025 04:44:21.568] [Server thread/DEBUG] [net.minecraftforge.network.HandshakeHandler/FMLHANDSHAKE]: Handshake complete!
[20Dec2025 04:44:21.619] [ForkJoinPool.commonPool-worker-5/DEBUG] [SkinRestorer/]: Fetching Crowdante53's skin
[20Dec2025 04:44:21.782] [Server thread/INFO] [net.minecraft.server.players.PlayerList/]: Crowdante53[/127.58.36.201:56951] logged in with entity id 30294 at (-127.1721958252609, 63.0, 52.77682190257393)
[20Dec2025 04:44:21.783] [Server thread/DEBUG] [net.minecraftforge.network.filters.NetworkFilters/]: Injected net.minecraftforge.network.filters.ForgeConnectionNetworkFilter@78675bd2 into net.minecraft.network.Connection@52c1788a
[20Dec2025 04:44:21.797] [Server thread/INFO] [net.minecraft.server.MinecraftServer/]: Crowdante53 joined the game
[20Dec2025 04:44:21.844] [Server thread/INFO] [Jade/]: Syncing config to Crowdante53 (8744c8f4-4c4b-3768-9a3b-15d229f12b52)
[20Dec2025 04:44:36.703] [Server thread/INFO] [net.minecraft.server.MinecraftServer/]: [TheAstoria1090: Teleported TheAstoria1090 to Crowdante53]
[20Dec2025 04:45:30.199] [Netty Epoll Server IO #1/DEBUG] [net.minecraftforge.network.HandshakeHandler/FMLHANDSHAKE]: Starting new modded impl connection. Found 30 messages to dispatch.
[20Dec2025 04:45:30.415] [Server thread/DEBUG] [net.minecraftforge.network.HandshakeHandler/FMLHANDSHAKE]: Sending ticking packet info 'jeg:custom_gun_manager' to 'framework:handshake' sequence 0
[20Dec2025 04:45:30.464] [Server thread/DEBUG] [net.minecraftforge.network.HandshakeHandler/FMLHANDSHAKE]: Sending ticking packet info 'jeg:network_gun_manager' to 'framework:handshake' sequence 1
[20Dec2025 04:45:30.515] [Server thread/DEBUG] [net.minecraftforge.network.HandshakeHandler/FMLHANDSHAKE]: Sending ticking packet info 'net.minecraftforge.network.HandshakeMessages$S2CModData' to 'fml:handshake' sequence 2
[20Dec2025 04:45:30.564] [Server thread/DEBUG] [net.minecraftforge.network.HandshakeHandler/FMLHANDSHAKE]: Sending ticking packet info 'net.minecraftforge.network.HandshakeMessages$S2CModList' to 'fml:handshake' sequence 3
[20Dec2025 04:45:30.611] [Netty Epoll Server IO #1/DEBUG] [net.minecraftforge.network.LoginWrapper/FMLHANDSHAKE]: Recieved login wrapper packet event for channel framework:handshake with index 0
[20Dec2025 04:45:30.611] [Netty Epoll Server IO #1/DEBUG] [net.minecraftforge.network.HandshakeHandler/FMLHANDSHAKE]: Received client indexed reply 0 of type com.mrcrayfish.framework.api.network.message.HandshakeMessage$Acknowledge
[20Dec2025 04:45:30.611] [Netty Epoll Server IO #1/DEBUG] [Framework/FRAMEWORK_HANDSHAKE]: Received acknowledgement from client
[20Dec2025 04:45:30.615] [Server thread/DEBUG] [net.minecraftforge.network.HandshakeHandler/FMLHANDSHAKE]: Sending ticking packet info 'Registry minecraft:command_argument_type' to 'fml:handshake' sequence 4
[20Dec2025 04:45:30.664] [Server thread/DEBUG] [net.minecraftforge.network.HandshakeHandler/FMLHANDSHAKE]: Sending ticking packet info 'Registry minecraft:recipe_serializer' to 'fml:handshake' sequence 5
[20Dec2025 04:45:30.713] [Server thread/DEBUG] [net.minecraftforge.network.HandshakeHandler/FMLHANDSHAKE]: Sending ticking packet info 'Registry minecraft:sound_event' to 'fml:handshake' sequence 6
[20Dec2025 04:45:30.765] [Server thread/DEBUG] [net.minecraftforge.network.HandshakeHandler/FMLHANDSHAKE]: Sending ticking packet info 'Registry minecraft:particle_type' to 'fml:handshake' sequence 7
[20Dec2025 04:45:30.816] [Server thread/DEBUG] [net.minecraftforge.network.HandshakeHandler/FMLHANDSHAKE]: Sending ticking packet info 'Registry minecraft:villager_profession' to 'fml:handshake' sequence 8
[20Dec2025 04:45:30.865] [Server thread/DEBUG] [net.minecraftforge.network.HandshakeHandler/FMLHANDSHAKE]: Sending ticking packet info 'Registry minecraft:item' to 'fml:handshake' sequence 9
[20Dec2025 04:45:30.915] [Server thread/DEBUG] [net.minecraftforge.network.HandshakeHandler/FMLHANDSHAKE]: Sending ticking packet info 'Registry minecraft:potion' to 'fml:handshake' sequence 10
[20Dec2025 04:45:30.964] [Server thread/DEBUG] [net.minecraftforge.network.HandshakeHandler/FMLHANDSHAKE]: Sending ticking packet info 'Registry minecraft:painting_variant' to 'fml:handshake' sequence 11
[20Dec2025 04:45:31.014] [Server thread/DEBUG] [net.minecraftforge.network.HandshakeHandler/FMLHANDSHAKE]: Sending ticking packet info 'Registry forge:fluid_type' to 'fml:handshake' sequence 12
[20Dec2025 04:45:31.066] [Server thread/DEBUG] [net.minecraftforge.network.HandshakeHandler/FMLHANDSHAKE]: Sending ticking packet info 'Registry minecraft:block_entity_type' to 'fml:handshake' sequence 13
[20Dec2025 04:45:31.115] [Server thread/DEBUG] [net.minecraftforge.network.HandshakeHandler/FMLHANDSHAKE]: Sending ticking packet info 'Registry forge:display_contexts' to 'fml:handshake' sequence 14
[20Dec2025 04:45:31.166] [Server thread/DEBUG] [net.minecraftforge.network.HandshakeHandler/FMLHANDSHAKE]: Sending ticking packet info 'Registry minecraft:block' to 'fml:handshake' sequence 15
[20Dec2025 04:45:31.215] [Server thread/DEBUG] [net.minecraftforge.network.HandshakeHandler/FMLHANDSHAKE]: Sending ticking packet info 'Registry forge:entity_data_serializers' to 'fml:handshake' sequence 16
[20Dec2025 04:45:31.216] [Netty Epoll Server IO #1/DEBUG] [net.minecraftforge.network.LoginWrapper/FMLHANDSHAKE]: Recieved login wrapper packet event for channel framework:handshake with index 1
[20Dec2025 04:45:31.216] [Netty Epoll Server IO #1/DEBUG] [net.minecraftforge.network.HandshakeHandler/FMLHANDSHAKE]: Received client indexed reply 1 of type com.mrcrayfish.framework.api.network.message.HandshakeMessage$Acknowledge
[20Dec2025 04:45:31.217] [Netty Epoll Server IO #1/DEBUG] [Framework/FRAMEWORK_HANDSHAKE]: Received acknowledgement from client
[20Dec2025 04:45:31.217] [Netty Epoll Server IO #1/DEBUG] [net.minecraftforge.network.LoginWrapper/FMLHANDSHAKE]: Recieved login wrapper packet event for channel fml:handshake with index 3
[20Dec2025 04:45:31.217] [Netty Epoll Server IO #1/DEBUG] [net.minecraftforge.network.HandshakeHandler/FMLHANDSHAKE]: Received client indexed reply 3 of type net.minecraftforge.network.HandshakeMessages$C2SModListReply
[20Dec2025 04:45:31.217] [Netty Epoll Server IO #1/DEBUG] [net.minecraftforge.network.HandshakeHandler/FMLHANDSHAKE]: Received client connection with modlist [man_of_many_planes, kuma_api, trashslot, netherexp, protectmobsfromdaylight, geckolib, elysium_api, goblintraders, immersive_aircraft, bettercaves, underground_bunkers, waystones, modernfix, citadel, travelersbackpack, zombieawareness, yungsapi, mixinextras, dungeoncrawl, iceandfire, balm, puzzlesaccessapi, cloth_config, forge, embeddium, rubidium, minecraft, emi, jei, jeg, mteg, block_factorys_bosses, jade, ribbits, curios, easy_emerald, gravestone, gobber2, coroutil, warfare_wings, ferritecore, aiimprovements, embeddium_extra, puzzleslib, framework, horde_hoard, enchantinginfuser, skinrestorer]
[20Dec2025 04:45:31.217] [Netty Epoll Server IO #1/DEBUG] [net.minecraftforge.network.NetworkRegistry/NETREGISTRY]: Channel 'skinshuffle:skin_refresh' : Version test of '' from client : ACCEPTED
[20Dec2025 04:45:31.217] [Netty Epoll Server IO #1/DEBUG] [net.minecraftforge.network.NetworkRegistry/NETREGISTRY]: Channel 'block_factorys_bosses:block_factorys_bosses' : Version test of '1' from client : ACCEPTED
[20Dec2025 04:45:31.217] [Netty Epoll Server IO #1/DEBUG] [net.minecraftforge.network.NetworkRegistry/NETREGISTRY]: Channel 'jei:channel' : Version test of '1.0.0' from client : ACCEPTED
[20Dec2025 04:45:31.217] [Netty Epoll Server IO #1/DEBUG] [net.minecraftforge.network.NetworkRegistry/NETREGISTRY]: Channel 'minecraft:unregister' : Version test of 'FML3' from client : ACCEPTED
[20Dec2025 04:45:31.217] [Netty Epoll Server IO #1/DEBUG] [net.minecraftforge.network.NetworkRegistry/NETREGISTRY]: Channel 'ic_air:main' : Version test of '1' from client : ACCEPTED
[20Dec2025 04:45:31.217] [Netty Epoll Server IO #1/DEBUG] [net.minecraftforge.network.NetworkRegistry/NETREGISTRY]: Channel 'citadel:main_channel' : Version test of '1' from client : ACCEPTED
[20Dec2025 04:45:31.217] [Netty Epoll Server IO #1/DEBUG] [net.minecraftforge.network.NetworkRegistry/NETREGISTRY]: Channel 'puzzleslib:1' : Version test of '1' from client : ACCEPTED
[20Dec2025 04:45:31.217] [Netty Epoll Server IO #1/DEBUG] [net.minecraftforge.network.NetworkRegistry/NETREGISTRY]: Channel 'jeg:play' : Version test of '1' from client : ACCEPTED
[20Dec2025 04:45:31.217] [Netty Epoll Server IO #1/DEBUG] [net.minecraftforge.network.NetworkRegistry/NETREGISTRY]: Channel 'iceandfire:main_channel' : Version test of '1' from client : ACCEPTED
[20Dec2025 04:45:31.217] [Netty Epoll Server IO #1/DEBUG] [net.minecraftforge.network.NetworkRegistry/NETREGISTRY]: Channel 'emi:emi' : Version test of '0' from client : ACCEPTED
[20Dec2025 04:45:31.217] [Netty Epoll Server IO #1/DEBUG] [net.minecraftforge.network.NetworkRegistry/NETREGISTRY]: Channel 'framework:play' : Version test of '1' from client : ACCEPTED
[20Dec2025 04:45:31.217] [Netty Epoll Server IO #1/DEBUG] [net.minecraftforge.network.NetworkRegistry/NETREGISTRY]: Channel 'travelersbackpack:network' : Version test of 'travelersbackpack:1' from client : ACCEPTED
[20Dec2025 04:45:31.217] [Netty Epoll Server IO #1/DEBUG] [net.minecraftforge.network.NetworkRegistry/NETREGISTRY]: Channel 'curios:main' : Version test of '1' from client : ACCEPTED
[20Dec2025 04:45:31.217] [Netty Epoll Server IO #1/DEBUG] [net.minecraftforge.network.NetworkRegistry/NETREGISTRY]: Channel 'balm:network' : Version test of '1.0' from client : ACCEPTED
[20Dec2025 04:45:31.218] [Netty Epoll Server IO #1/DEBUG] [net.minecraftforge.network.NetworkRegistry/NETREGISTRY]: Channel 'skinshuffle:handshake' : Version test of '' from client : ACCEPTED
[20Dec2025 04:45:31.218] [Netty Epoll Server IO #1/DEBUG] [net.minecraftforge.network.NetworkRegistry/NETREGISTRY]: Channel 'framework:handshake' : Version test of '1' from client : ACCEPTED
[20Dec2025 04:45:31.218] [Netty Epoll Server IO #1/DEBUG] [net.minecraftforge.network.NetworkRegistry/NETREGISTRY]: Channel 'fml:loginwrapper' : Version test of 'FML3' from client : ACCEPTED
[20Dec2025 04:45:31.218] [Netty Epoll Server IO #1/DEBUG] [net.minecraftforge.network.NetworkRegistry/NETREGISTRY]: Channel 'enchantinginfuser:1' : Version test of '1' from client : ACCEPTED
[20Dec2025 04:45:31.218] [Netty Epoll Server IO #1/DEBUG] [net.minecraftforge.network.NetworkRegistry/NETREGISTRY]: Channel 'mteg:play' : Version test of '1' from client : ACCEPTED
[20Dec2025 04:45:31.218] [Netty Epoll Server IO #1/DEBUG] [net.minecraftforge.network.NetworkRegistry/NETREGISTRY]: Channel 'ribbits:messages' : Version test of '1.0' from client : ACCEPTED
[20Dec2025 04:45:31.218] [Netty Epoll Server IO #1/DEBUG] [net.minecraftforge.network.NetworkRegistry/NETREGISTRY]: Channel 'forge:tier_sorting' : Version test of '1.0' from client : ACCEPTED
[20Dec2025 04:45:31.218] [Netty Epoll Server IO #1/DEBUG] [net.minecraftforge.network.NetworkRegistry/NETREGISTRY]: Channel 'trashslot:network' : Version test of '1.0' from client : ACCEPTED
[20Dec2025 04:45:31.218] [Netty Epoll Server IO #1/DEBUG] [net.minecraftforge.network.NetworkRegistry/NETREGISTRY]: Channel 'fml:play' : Version test of 'FML3' from client : ACCEPTED
[20Dec2025 04:45:31.218] [Netty Epoll Server IO #1/DEBUG] [net.minecraftforge.network.NetworkRegistry/NETREGISTRY]: Channel 'gravestone:default' : Version test of '1.0.0' from client : ACCEPTED
[20Dec2025 04:45:31.218] [Netty Epoll Server IO #1/DEBUG] [net.minecraftforge.network.NetworkRegistry/NETREGISTRY]: Channel 'fml:handshake' : Version test of 'FML3' from client : ACCEPTED
[20Dec2025 04:45:31.218] [Netty Epoll Server IO #1/DEBUG] [net.minecraftforge.network.NetworkRegistry/NETREGISTRY]: Channel 'horde_hoard:horde_hoard' : Version test of '1' from client : ACCEPTED
[20Dec2025 04:45:31.218] [Netty Epoll Server IO #1/DEBUG] [net.minecraftforge.network.NetworkRegistry/NETREGISTRY]: Channel 'minecraft:register' : Version test of 'FML3' from client : ACCEPTED
[20Dec2025 04:45:31.218] [Netty Epoll Server IO #1/DEBUG] [net.minecraftforge.network.NetworkRegistry/NETREGISTRY]: Channel 'forge:split' : Version test of '1.1' from client : ACCEPTED
[20Dec2025 04:45:31.218] [Netty Epoll Server IO #1/DEBUG] [net.minecraftforge.network.NetworkRegistry/NETREGISTRY]: Channel 'geckolib:main' : Version test of '1' from client : ACCEPTED
[20Dec2025 04:45:31.218] [Netty Epoll Server IO #1/DEBUG] [net.minecraftforge.network.NetworkRegistry/NETREGISTRY]: Channel 'jade:networking' : Version test of '2' from client : ACCEPTED
[20Dec2025 04:45:31.218] [Netty Epoll Server IO #1/DEBUG] [net.minecraftforge.network.NetworkRegistry/NETREGISTRY]: Channel 'waystones:network' : Version test of '1.0' from client : ACCEPTED
[20Dec2025 04:45:31.218] [Netty Epoll Server IO #1/DEBUG] [net.minecraftforge.network.NetworkRegistry/NETREGISTRY]: Channel 'skinshuffle:refresh' : Version test of '' from client : ACCEPTED
[20Dec2025 04:45:31.218] [Netty Epoll Server IO #1/DEBUG] [net.minecraftforge.network.NetworkRegistry/NETREGISTRY]: Accepting channel list from client
[20Dec2025 04:45:31.218] [Netty Epoll Server IO #1/DEBUG] [net.minecraftforge.network.HandshakeHandler/FMLHANDSHAKE]: Accepted client connection mod list
[20Dec2025 04:45:31.218] [Netty Epoll Server IO #1/DEBUG] [net.minecraftforge.network.LoginWrapper/FMLHANDSHAKE]: Recieved login wrapper packet event for channel fml:handshake with index 4
[20Dec2025 04:45:31.218] [Netty Epoll Server IO #1/DEBUG] [net.minecraftforge.network.HandshakeHandler/FMLHANDSHAKE]: Received client indexed reply 4 of type net.minecraftforge.network.HandshakeMessages$C2SAcknowledge
[20Dec2025 04:45:31.218] [Netty Epoll Server IO #1/DEBUG] [net.minecraftforge.network.HandshakeHandler/FMLHANDSHAKE]: Received acknowledgement from client
[20Dec2025 04:45:31.227] [Netty Epoll Server IO #1/DEBUG] [net.minecraftforge.network.LoginWrapper/FMLHANDSHAKE]: Recieved login wrapper packet event for channel fml:handshake with index 5
[20Dec2025 04:45:31.227] [Netty Epoll Server IO #1/DEBUG] [net.minecraftforge.network.HandshakeHandler/FMLHANDSHAKE]: Received client indexed reply 5 of type net.minecraftforge.network.HandshakeMessages$C2SAcknowledge
[20Dec2025 04:45:31.227] [Netty Epoll Server IO #1/DEBUG] [net.minecraftforge.network.HandshakeHandler/FMLHANDSHAKE]: Received acknowledgement from client
[20Dec2025 04:45:31.265] [Server thread/DEBUG] [net.minecraftforge.network.HandshakeHandler/FMLHANDSHAKE]: Sending ticking packet info 'Registry minecraft:mob_effect' to 'fml:handshake' sequence 17
[20Dec2025 04:45:31.315] [Server thread/DEBUG] [net.minecraftforge.network.HandshakeHandler/FMLHANDSHAKE]: Sending ticking packet info 'Registry minecraft:stat_type' to 'fml:handshake' sequence 18
[20Dec2025 04:45:31.364] [Server thread/DEBUG] [net.minecraftforge.network.HandshakeHandler/FMLHANDSHAKE]: Sending ticking packet info 'Registry minecraft:menu' to 'fml:handshake' sequence 19
[20Dec2025 04:45:31.407] [Netty Epoll Server IO #1/DEBUG] [net.minecraftforge.network.LoginWrapper/FMLHANDSHAKE]: Recieved login wrapper packet event for channel fml:handshake with index 6
[20Dec2025 04:45:31.407] [Netty Epoll Server IO #1/DEBUG] [net.minecraftforge.network.HandshakeHandler/FMLHANDSHAKE]: Received client indexed reply 6 of type net.minecraftforge.network.HandshakeMessages$C2SAcknowledge
[20Dec2025 04:45:31.407] [Netty Epoll Server IO #1/DEBUG] [net.minecraftforge.network.HandshakeHandler/FMLHANDSHAKE]: Received acknowledgement from client
[20Dec2025 04:45:31.407] [Netty Epoll Server IO #1/DEBUG] [net.minecraftforge.network.LoginWrapper/FMLHANDSHAKE]: Recieved login wrapper packet event for channel fml:handshake with index 7
[20Dec2025 04:45:31.408] [Netty Epoll Server IO #1/DEBUG] [net.minecraftforge.network.HandshakeHandler/FMLHANDSHAKE]: Received client indexed reply 7 of type net.minecraftforge.network.HandshakeMessages$C2SAcknowledge
[20Dec2025 04:45:31.408] [Netty Epoll Server IO #1/DEBUG] [net.minecraftforge.network.HandshakeHandler/FMLHANDSHAKE]: Received acknowledgement from client
[20Dec2025 04:45:31.408] [Netty Epoll Server IO #1/DEBUG] [net.minecraftforge.network.LoginWrapper/FMLHANDSHAKE]: Recieved login wrapper packet event for channel fml:handshake with index 8
[20Dec2025 04:45:31.408] [Netty Epoll Server IO #1/DEBUG] [net.minecraftforge.network.HandshakeHandler/FMLHANDSHAKE]: Received client indexed reply 8 of type net.minecraftforge.network.HandshakeMessages$C2SAcknowledge
[20Dec2025 04:45:31.408] [Netty Epoll Server IO #1/DEBUG] [net.minecraftforge.network.HandshakeHandler/FMLHANDSHAKE]: Received acknowledgement from client
[20Dec2025 04:45:31.408] [Netty Epoll Server IO #1/DEBUG] [net.minecraftforge.network.LoginWrapper/FMLHANDSHAKE]: Recieved login wrapper packet event for channel fml:handshake with index 9
[20Dec2025 04:45:31.408] [Netty Epoll Server IO #1/DEBUG] [net.minecraftforge.network.HandshakeHandler/FMLHANDSHAKE]: Received client indexed reply 9 of type net.minecraftforge.network.HandshakeMessages$C2SAcknowledge
[20Dec2025 04:45:31.408] [Netty Epoll Server IO #1/DEBUG] [net.minecraftforge.network.HandshakeHandler/FMLHANDSHAKE]: Received acknowledgement from client
[20Dec2025 04:45:31.408] [Netty Epoll Server IO #1/DEBUG] [net.minecraftforge.network.LoginWrapper/FMLHANDSHAKE]: Recieved login wrapper packet event for channel fml:handshake with index 10
[20Dec2025 04:45:31.408] [Netty Epoll Server IO #1/DEBUG] [net.minecraftforge.network.HandshakeHandler/FMLHANDSHAKE]: Received client indexed reply 10 of type net.minecraftforge.network.HandshakeMessages$C2SAcknowledge
[20Dec2025 04:45:31.408] [Netty Epoll Server IO #1/DEBUG] [net.minecraftforge.network.HandshakeHandler/FMLHANDSHAKE]: Received acknowledgement from client
[20Dec2025 04:45:31.408] [Netty Epoll Server IO #1/DEBUG] [net.minecraftforge.network.LoginWrapper/FMLHANDSHAKE]: Recieved login wrapper packet event for channel fml:handshake with index 11
[20Dec2025 04:45:31.408] [Netty Epoll Server IO #1/DEBUG] [net.minecraftforge.network.HandshakeHandler/FMLHANDSHAKE]: Received client indexed reply 11 of type net.minecraftforge.network.HandshakeMessages$C2SAcknowledge
[20Dec2025 04:45:31.408] [Netty Epoll Server IO #1/DEBUG] [net.minecraftforge.network.HandshakeHandler/FMLHANDSHAKE]: Received acknowledgement from client
[20Dec2025 04:45:31.408] [Netty Epoll Server IO #1/DEBUG] [net.minecraftforge.network.LoginWrapper/FMLHANDSHAKE]: Recieved login wrapper packet event for channel fml:handshake with index 12
[20Dec2025 04:45:31.408] [Netty Epoll Server IO #1/DEBUG] [net.minecraftforge.network.HandshakeHandler/FMLHANDSHAKE]: Received client indexed reply 12 of type net.minecraftforge.network.HandshakeMessages$C2SAcknowledge
[20Dec2025 04:45:31.408] [Netty Epoll Server IO #1/DEBUG] [net.minecraftforge.network.HandshakeHandler/FMLHANDSHAKE]: Received acknowledgement from client
[20Dec2025 04:45:31.408] [Netty Epoll Server IO #1/DEBUG] [net.minecraftforge.network.LoginWrapper/FMLHANDSHAKE]: Recieved login wrapper packet event for channel fml:handshake with index 13
[20Dec2025 04:45:31.408] [Netty Epoll Server IO #1/DEBUG] [net.minecraftforge.network.HandshakeHandler/FMLHANDSHAKE]: Received client indexed reply 13 of type net.minecraftforge.network.HandshakeMessages$C2SAcknowledge
[20Dec2025 04:45:31.408] [Netty Epoll Server IO #1/DEBUG] [net.minecraftforge.network.HandshakeHandler/FMLHANDSHAKE]: Received acknowledgement from client
[20Dec2025 04:45:31.413] [Netty Epoll Server IO #1/DEBUG] [net.minecraftforge.network.LoginWrapper/FMLHANDSHAKE]: Recieved login wrapper packet event for channel fml:handshake with index 14
[20Dec2025 04:45:31.413] [Netty Epoll Server IO #1/DEBUG] [net.minecraftforge.network.HandshakeHandler/FMLHANDSHAKE]: Received client indexed reply 14 of type net.minecraftforge.network.HandshakeMessages$C2SAcknowledge
[20Dec2025 04:45:31.413] [Netty Epoll Server IO #1/DEBUG] [net.minecraftforge.network.HandshakeHandler/FMLHANDSHAKE]: Received acknowledgement from client
[20Dec2025 04:45:31.416] [Server thread/DEBUG] [net.minecraftforge.network.HandshakeHandler/FMLHANDSHAKE]: Sending ticking packet info 'Registry minecraft:enchantment' to 'fml:handshake' sequence 20
[20Dec2025 04:45:31.466] [Server thread/DEBUG] [net.minecraftforge.network.HandshakeHandler/FMLHANDSHAKE]: Sending ticking packet info 'Registry minecraft:fluid' to 'fml:handshake' sequence 21
[20Dec2025 04:45:31.517] [Server thread/DEBUG] [net.minecraftforge.network.HandshakeHandler/FMLHANDSHAKE]: Sending ticking packet info 'Registry minecraft:entity_type' to 'fml:handshake' sequence 22
[20Dec2025 04:45:31.567] [Server thread/DEBUG] [net.minecraftforge.network.HandshakeHandler/FMLHANDSHAKE]: Sending ticking packet info 'Config curios-server.toml' to 'fml:handshake' sequence 23
[20Dec2025 04:45:31.592] [Netty Epoll Server IO #1/DEBUG] [net.minecraftforge.network.LoginWrapper/FMLHANDSHAKE]: Recieved login wrapper packet event for channel fml:handshake with index 15
[20Dec2025 04:45:31.592] [Netty Epoll Server IO #1/DEBUG] [net.minecraftforge.network.HandshakeHandler/FMLHANDSHAKE]: Received client indexed reply 15 of type net.minecraftforge.network.HandshakeMessages$C2SAcknowledge
[20Dec2025 04:45:31.592] [Netty Epoll Server IO #1/DEBUG] [net.minecraftforge.network.HandshakeHandler/FMLHANDSHAKE]: Received acknowledgement from client
[20Dec2025 04:45:31.592] [Netty Epoll Server IO #1/DEBUG] [net.minecraftforge.network.LoginWrapper/FMLHANDSHAKE]: Recieved login wrapper packet event for channel fml:handshake with index 16
[20Dec2025 04:45:31.592] [Netty Epoll Server IO #1/DEBUG] [net.minecraftforge.network.HandshakeHandler/FMLHANDSHAKE]: Received client indexed reply 16 of type net.minecraftforge.network.HandshakeMessages$C2SAcknowledge
[20Dec2025 04:45:31.592] [Netty Epoll Server IO #1/DEBUG] [net.minecraftforge.network.HandshakeHandler/FMLHANDSHAKE]: Received acknowledgement from client
[20Dec2025 04:45:31.592] [Netty Epoll Server IO #1/DEBUG] [net.minecraftforge.network.LoginWrapper/FMLHANDSHAKE]: Recieved login wrapper packet event for channel fml:handshake with index 17
[20Dec2025 04:45:31.592] [Netty Epoll Server IO #1/DEBUG] [net.minecraftforge.network.HandshakeHandler/FMLHANDSHAKE]: Received client indexed reply 17 of type net.minecraftforge.network.HandshakeMessages$C2SAcknowledge
[20Dec2025 04:45:31.592] [Netty Epoll Server IO #1/DEBUG] [net.minecraftforge.network.HandshakeHandler/FMLHANDSHAKE]: Received acknowledgement from client
[20Dec2025 04:45:31.592] [Netty Epoll Server IO #1/DEBUG] [net.minecraftforge.network.LoginWrapper/FMLHANDSHAKE]: Recieved login wrapper packet event for channel fml:handshake with index 18
[20Dec2025 04:45:31.592] [Netty Epoll Server IO #1/DEBUG] [net.minecraftforge.network.HandshakeHandler/FMLHANDSHAKE]: Received client indexed reply 18 of type net.minecraftforge.network.HandshakeMessages$C2SAcknowledge
[20Dec2025 04:45:31.592] [Netty Epoll Server IO #1/DEBUG] [net.minecraftforge.network.HandshakeHandler/FMLHANDSHAKE]: Received acknowledgement from client
[20Dec2025 04:45:31.592] [Netty Epoll Server IO #1/DEBUG] [net.minecraftforge.network.LoginWrapper/FMLHANDSHAKE]: Recieved login wrapper packet event for channel fml:handshake with index 19
[20Dec2025 04:45:31.592] [Netty Epoll Server IO #1/DEBUG] [net.minecraftforge.network.HandshakeHandler/FMLHANDSHAKE]: Received client indexed reply 19 of type net.minecraftforge.network.HandshakeMessages$C2SAcknowledge
[20Dec2025 04:45:31.592] [Netty Epoll Server IO #1/DEBUG] [net.minecraftforge.network.HandshakeHandler/FMLHANDSHAKE]: Received acknowledgement from client
[20Dec2025 04:45:31.592] [Netty Epoll Server IO #1/DEBUG] [net.minecraftforge.network.LoginWrapper/FMLHANDSHAKE]: Recieved login wrapper packet event for channel fml:handshake with index 20
[20Dec2025 04:45:31.592] [Netty Epoll Server IO #1/DEBUG] [net.minecraftforge.network.HandshakeHandler/FMLHANDSHAKE]: Received client indexed reply 20 of type net.minecraftforge.network.HandshakeMessages$C2SAcknowledge
[20Dec2025 04:45:31.592] [Netty Epoll Server IO #1/DEBUG] [net.minecraftforge.network.HandshakeHandler/FMLHANDSHAKE]: Received acknowledgement from client
[20Dec2025 04:45:31.615] [Server thread/DEBUG] [net.minecraftforge.network.HandshakeHandler/FMLHANDSHAKE]: Sending ticking packet info 'Config jeg-server.toml' to 'fml:handshake' sequence 24
[20Dec2025 04:45:31.651] [Netty Epoll Server IO #1/DEBUG] [net.minecraftforge.network.LoginWrapper/FMLHANDSHAKE]: Recieved login wrapper packet event for channel fml:handshake with index 21
[20Dec2025 04:45:31.651] [Netty Epoll Server IO #1/DEBUG] [net.minecraftforge.network.HandshakeHandler/FMLHANDSHAKE]: Received client indexed reply 21 of type net.minecraftforge.network.HandshakeMessages$C2SAcknowledge
[20Dec2025 04:45:31.652] [Netty Epoll Server IO #1/DEBUG] [net.minecraftforge.network.HandshakeHandler/FMLHANDSHAKE]: Received acknowledgement from client
[20Dec2025 04:45:31.665] [Server thread/DEBUG] [net.minecraftforge.network.HandshakeHandler/FMLHANDSHAKE]: Sending ticking packet info 'Config gravestone-server.toml' to 'fml:handshake' sequence 25
[20Dec2025 04:45:31.714] [Server thread/DEBUG] [net.minecraftforge.network.HandshakeHandler/FMLHANDSHAKE]: Sending ticking packet info 'Config travelersbackpack-server.toml' to 'fml:handshake' sequence 26
[20Dec2025 04:45:31.747] [Netty Epoll Server IO #1/DEBUG] [net.minecraftforge.network.LoginWrapper/FMLHANDSHAKE]: Recieved login wrapper packet event for channel fml:handshake with index 22
[20Dec2025 04:45:31.747] [Netty Epoll Server IO #1/DEBUG] [net.minecraftforge.network.HandshakeHandler/FMLHANDSHAKE]: Received client indexed reply 22 of type net.minecraftforge.network.HandshakeMessages$C2SAcknowledge
[20Dec2025 04:45:31.747] [Netty Epoll Server IO #1/DEBUG] [net.minecraftforge.network.HandshakeHandler/FMLHANDSHAKE]: Received acknowledgement from client
[20Dec2025 04:45:31.757] [Netty Epoll Server IO #1/DEBUG] [net.minecraftforge.network.LoginWrapper/FMLHANDSHAKE]: Recieved login wrapper packet event for channel fml:handshake with index 23
[20Dec2025 04:45:31.757] [Netty Epoll Server IO #1/DEBUG] [net.minecraftforge.network.HandshakeHandler/FMLHANDSHAKE]: Received client indexed reply 23 of type net.minecraftforge.network.HandshakeMessages$C2SAcknowledge
[20Dec2025 04:45:31.757] [Netty Epoll Server IO #1/DEBUG] [net.minecraftforge.network.HandshakeHandler/FMLHANDSHAKE]: Received acknowledgement from client
[20Dec2025 04:45:31.764] [Server thread/DEBUG] [net.minecraftforge.network.HandshakeHandler/FMLHANDSHAKE]: Sending ticking packet info 'Config enchantinginfuser-server.toml' to 'fml:handshake' sequence 27
[20Dec2025 04:45:31.807] [Netty Epoll Server IO #1/DEBUG] [net.minecraftforge.network.LoginWrapper/FMLHANDSHAKE]: Recieved login wrapper packet event for channel fml:handshake with index 24
[20Dec2025 04:45:31.807] [Netty Epoll Server IO #1/DEBUG] [net.minecraftforge.network.HandshakeHandler/FMLHANDSHAKE]: Received client indexed reply 24 of type net.minecraftforge.network.HandshakeMessages$C2SAcknowledge
[20Dec2025 04:45:31.807] [Netty Epoll Server IO #1/DEBUG] [net.minecraftforge.network.HandshakeHandler/FMLHANDSHAKE]: Received acknowledgement from client
[20Dec2025 04:45:31.817] [Server thread/DEBUG] [net.minecraftforge.network.HandshakeHandler/FMLHANDSHAKE]: Sending ticking packet info 'Config jei-server.toml' to 'fml:handshake' sequence 28
[20Dec2025 04:45:31.847] [Netty Epoll Server IO #1/DEBUG] [net.minecraftforge.network.LoginWrapper/FMLHANDSHAKE]: Recieved login wrapper packet event for channel fml:handshake with index 25
[20Dec2025 04:45:31.847] [Netty Epoll Server IO #1/DEBUG] [net.minecraftforge.network.HandshakeHandler/FMLHANDSHAKE]: Received client indexed reply 25 of type net.minecraftforge.network.HandshakeMessages$C2SAcknowledge
[20Dec2025 04:45:31.847] [Netty Epoll Server IO #1/DEBUG] [net.minecraftforge.network.HandshakeHandler/FMLHANDSHAKE]: Received acknowledgement from client
[20Dec2025 04:45:31.864] [Server thread/DEBUG] [net.minecraftforge.network.HandshakeHandler/FMLHANDSHAKE]: Sending ticking packet info 'Config forge-server.toml' to 'fml:handshake' sequence 29
[20Dec2025 04:45:31.903] [Netty Epoll Server IO #1/DEBUG] [net.minecraftforge.network.LoginWrapper/FMLHANDSHAKE]: Recieved login wrapper packet event for channel fml:handshake with index 26
[20Dec2025 04:45:31.903] [Netty Epoll Server IO #1/DEBUG] [net.minecraftforge.network.HandshakeHandler/FMLHANDSHAKE]: Received client indexed reply 26 of type net.minecraftforge.network.HandshakeMessages$C2SAcknowledge
[20Dec2025 04:45:31.903] [Netty Epoll Server IO #1/DEBUG] [net.minecraftforge.network.HandshakeHandler/FMLHANDSHAKE]: Received acknowledgement from client
[20Dec2025 04:45:31.957] [Netty Epoll Server IO #1/DEBUG] [net.minecraftforge.network.LoginWrapper/FMLHANDSHAKE]: Recieved login wrapper packet event for channel fml:handshake with index 27
[20Dec2025 04:45:31.957] [Netty Epoll Server IO #1/DEBUG] [net.minecraftforge.network.HandshakeHandler/FMLHANDSHAKE]: Received client indexed reply 27 of type net.minecraftforge.network.HandshakeMessages$C2SAcknowledge
[20Dec2025 04:45:31.957] [Netty Epoll Server IO #1/DEBUG] [net.minecraftforge.network.HandshakeHandler/FMLHANDSHAKE]: Received acknowledgement from client
[20Dec2025 04:45:31.997] [Netty Epoll Server IO #1/DEBUG] [net.minecraftforge.network.LoginWrapper/FMLHANDSHAKE]: Recieved login wrapper packet event for channel fml:handshake with index 28
[20Dec2025 04:45:31.997] [Netty Epoll Server IO #1/DEBUG] [net.minecraftforge.network.HandshakeHandler/FMLHANDSHAKE]: Received client indexed reply 28 of type net.minecraftforge.network.HandshakeMessages$C2SAcknowledge
[20Dec2025 04:45:31.997] [Netty Epoll Server IO #1/DEBUG] [net.minecraftforge.network.HandshakeHandler/FMLHANDSHAKE]: Received acknowledgement from client
[20Dec2025 04:45:32.055] [Netty Epoll Server IO #1/DEBUG] [net.minecraftforge.network.LoginWrapper/FMLHANDSHAKE]: Recieved login wrapper packet event for channel fml:handshake with index 29
[20Dec2025 04:45:32.055] [Netty Epoll Server IO #1/DEBUG] [net.minecraftforge.network.HandshakeHandler/FMLHANDSHAKE]: Received client indexed reply 29 of type net.minecraftforge.network.HandshakeMessages$C2SAcknowledge
[20Dec2025 04:45:32.055] [Netty Epoll Server IO #1/DEBUG] [net.minecraftforge.network.HandshakeHandler/FMLHANDSHAKE]: Received acknowledgement from client
[20Dec2025 04:45:32.066] [Server thread/DEBUG] [net.minecraftforge.network.HandshakeHandler/FMLHANDSHAKE]: Handshake complete!
[20Dec2025 04:45:32.117] [ForkJoinPool.commonPool-worker-6/DEBUG] [SkinRestorer/]: Fetching AcidD_x's skin
[20Dec2025 04:45:32.377] [Server thread/INFO] [net.minecraft.server.players.PlayerList/]: AcidD_x[/127.16.75.52:40659] logged in with entity id 30505 at (-410.5, 29.0, -355.5)
[20Dec2025 04:45:32.378] [Server thread/DEBUG] [net.minecraftforge.network.filters.NetworkFilters/]: Injected net.minecraftforge.network.filters.ForgeConnectionNetworkFilter@1aa68441 into net.minecraft.network.Connection@202d4445
[20Dec2025 04:45:32.408] [Server thread/INFO] [net.minecraft.server.MinecraftServer/]: AcidD_x joined the game
[20Dec2025 04:45:32.414] [Server thread/INFO] [Jade/]: Syncing config to AcidD_x (80f01903-9eb0-30c0-b3a6-324268cf1de1)
[20Dec2025 04:46:41.418] [Server thread/INFO] [net.minecraft.server.MinecraftServer/]: [TheAstoria1090: Teleported AcidD_x to Crowdante53]
[20Dec2025 04:47:12.424] [Server thread/INFO] [net.minecraft.server.MinecraftServer/]: [TheAstoria1090: Teleported AcidD_x to Crowdante53]
[20Dec2025 04:47:17.667] [Server thread/INFO] [net.minecraft.server.network.ServerGamePacketListenerImpl/]: AcidD_x lost connection: Disconnected
[20Dec2025 04:47:17.667] [Server thread/INFO] [net.minecraft.server.MinecraftServer/]: AcidD_x left the game
[20Dec2025 04:47:17.721] [Server thread/WARN] [net.minecraft.network.Connection/]: handleDisconnection() called twice
[20Dec2025 04:47:22.450] [Netty Epoll Server IO #2/DEBUG] [net.minecraftforge.network.HandshakeHandler/FMLHANDSHAKE]: Starting new modded impl connection. Found 30 messages to dispatch.
[20Dec2025 04:47:22.665] [Server thread/DEBUG] [net.minecraftforge.network.HandshakeHandler/FMLHANDSHAKE]: Sending ticking packet info 'jeg:custom_gun_manager' to 'framework:handshake' sequence 0
[20Dec2025 04:47:22.713] [Server thread/DEBUG] [net.minecraftforge.network.HandshakeHandler/FMLHANDSHAKE]: Sending ticking packet info 'jeg:network_gun_manager' to 'framework:handshake' sequence 1
[20Dec2025 04:47:22.768] [Server thread/DEBUG] [net.minecraftforge.network.HandshakeHandler/FMLHANDSHAKE]: Sending ticking packet info 'net.minecraftforge.network.HandshakeMessages$S2CModData' to 'fml:handshake' sequence 2
[20Dec2025 04:47:22.814] [Server thread/DEBUG] [net.minecraftforge.network.HandshakeHandler/FMLHANDSHAKE]: Sending ticking packet info 'net.minecraftforge.network.HandshakeMessages$S2CModList' to 'fml:handshake' sequence 3
[20Dec2025 04:47:22.865] [Server thread/DEBUG] [net.minecraftforge.network.HandshakeHandler/FMLHANDSHAKE]: Sending ticking packet info 'Registry minecraft:command_argument_type' to 'fml:handshake' sequence 4
[20Dec2025 04:47:22.866] [Netty Epoll Server IO #2/DEBUG] [net.minecraftforge.network.LoginWrapper/FMLHANDSHAKE]: Recieved login wrapper packet event for channel framework:handshake with index 0
[20Dec2025 04:47:22.866] [Netty Epoll Server IO #2/DEBUG] [net.minecraftforge.network.HandshakeHandler/FMLHANDSHAKE]: Received client indexed reply 0 of type com.mrcrayfish.framework.api.network.message.HandshakeMessage$Acknowledge
[20Dec2025 04:47:22.866] [Netty Epoll Server IO #2/DEBUG] [Framework/FRAMEWORK_HANDSHAKE]: Received acknowledgement from client
[20Dec2025 04:47:22.913] [Server thread/DEBUG] [net.minecraftforge.network.HandshakeHandler/FMLHANDSHAKE]: Sending ticking packet info 'Registry minecraft:recipe_serializer' to 'fml:handshake' sequence 5
[20Dec2025 04:47:22.964] [Server thread/DEBUG] [net.minecraftforge.network.HandshakeHandler/FMLHANDSHAKE]: Sending ticking packet info 'Registry minecraft:sound_event' to 'fml:handshake' sequence 6
[20Dec2025 04:47:23.014] [Server thread/DEBUG] [net.minecraftforge.network.HandshakeHandler/FMLHANDSHAKE]: Sending ticking packet info 'Registry minecraft:particle_type' to 'fml:handshake' sequence 7
[20Dec2025 04:47:23.065] [Server thread/DEBUG] [net.minecraftforge.network.HandshakeHandler/FMLHANDSHAKE]: Sending ticking packet info 'Registry minecraft:villager_profession' to 'fml:handshake' sequence 8
[20Dec2025 04:47:23.119] [Server thread/DEBUG] [net.minecraftforge.network.HandshakeHandler/FMLHANDSHAKE]: Sending ticking packet info 'Registry minecraft:item' to 'fml:handshake' sequence 9
[20Dec2025 04:47:23.164] [Server thread/DEBUG] [net.minecraftforge.network.HandshakeHandler/FMLHANDSHAKE]: Sending ticking packet info 'Registry minecraft:potion' to 'fml:handshake' sequence 10
[20Dec2025 04:47:23.216] [Server thread/DEBUG] [net.minecraftforge.network.HandshakeHandler/FMLHANDSHAKE]: Sending ticking packet info 'Registry minecraft:painting_variant' to 'fml:handshake' sequence 11
[20Dec2025 04:47:23.267] [Server thread/DEBUG] [net.minecraftforge.network.HandshakeHandler/FMLHANDSHAKE]: Sending ticking packet info 'Registry forge:fluid_type' to 'fml:handshake' sequence 12
[20Dec2025 04:47:23.314] [Server thread/DEBUG] [net.minecraftforge.network.HandshakeHandler/FMLHANDSHAKE]: Sending ticking packet info 'Registry minecraft:block_entity_type' to 'fml:handshake' sequence 13
[20Dec2025 04:47:23.364] [Server thread/DEBUG] [net.minecraftforge.network.HandshakeHandler/FMLHANDSHAKE]: Sending ticking packet info 'Registry forge:display_contexts' to 'fml:handshake' sequence 14
[20Dec2025 04:47:23.415] [Server thread/DEBUG] [net.minecraftforge.network.HandshakeHandler/FMLHANDSHAKE]: Sending ticking packet info 'Registry minecraft:block' to 'fml:handshake' sequence 15
[20Dec2025 04:47:23.466] [Server thread/DEBUG] [net.minecraftforge.network.HandshakeHandler/FMLHANDSHAKE]: Sending ticking packet info 'Registry forge:entity_data_serializers' to 'fml:handshake' sequence 16
[20Dec2025 04:47:23.467] [Netty Epoll Server IO #2/DEBUG] [net.minecraftforge.network.LoginWrapper/FMLHANDSHAKE]: Recieved login wrapper packet event for channel framework:handshake with index 1
[20Dec2025 04:47:23.467] [Netty Epoll Server IO #2/DEBUG] [net.minecraftforge.network.HandshakeHandler/FMLHANDSHAKE]: Received client indexed reply 1 of type com.mrcrayfish.framework.api.network.message.HandshakeMessage$Acknowledge
[20Dec2025 04:47:23.467] [Netty Epoll Server IO #2/DEBUG] [Framework/FRAMEWORK_HANDSHAKE]: Received acknowledgement from client
[20Dec2025 04:47:23.467] [Netty Epoll Server IO #2/DEBUG] [net.minecraftforge.network.LoginWrapper/FMLHANDSHAKE]: Recieved login wrapper packet event for channel fml:handshake with index 3
[20Dec2025 04:47:23.467] [Netty Epoll Server IO #2/DEBUG] [net.minecraftforge.network.HandshakeHandler/FMLHANDSHAKE]: Received client indexed reply 3 of type net.minecraftforge.network.HandshakeMessages$C2SModListReply
[20Dec2025 04:47:23.467] [Netty Epoll Server IO #2/DEBUG] [net.minecraftforge.network.HandshakeHandler/FMLHANDSHAKE]: Received client connection with modlist [man_of_many_planes, kuma_api, trashslot, netherexp, protectmobsfromdaylight, geckolib, elysium_api, goblintraders, immersive_aircraft, bettercaves, underground_bunkers, waystones, modernfix, citadel, travelersbackpack, zombieawareness, yungsapi, mixinextras, dungeoncrawl, iceandfire, balm, puzzlesaccessapi, cloth_config, forge, embeddium, rubidium, minecraft, emi, jei, jeg, mteg, block_factorys_bosses, jade, ribbits, curios, easy_emerald, gravestone, gobber2, coroutil, warfare_wings, ferritecore, aiimprovements, embeddium_extra, puzzleslib, framework, horde_hoard, enchantinginfuser, skinrestorer]
[20Dec2025 04:47:23.468] [Netty Epoll Server IO #2/DEBUG] [net.minecraftforge.network.NetworkRegistry/NETREGISTRY]: Channel 'skinshuffle:skin_refresh' : Version test of '' from client : ACCEPTED
[20Dec2025 04:47:23.468] [Netty Epoll Server IO #2/DEBUG] [net.minecraftforge.network.NetworkRegistry/NETREGISTRY]: Channel 'block_factorys_bosses:block_factorys_bosses' : Version test of '1' from client : ACCEPTED
[20Dec2025 04:47:23.468] [Netty Epoll Server IO #2/DEBUG] [net.minecraftforge.network.NetworkRegistry/NETREGISTRY]: Channel 'jei:channel' : Version test of '1.0.0' from client : ACCEPTED
[20Dec2025 04:47:23.468] [Netty Epoll Server IO #2/DEBUG] [net.minecraftforge.network.NetworkRegistry/NETREGISTRY]: Channel 'minecraft:unregister' : Version test of 'FML3' from client : ACCEPTED
[20Dec2025 04:47:23.468] [Netty Epoll Server IO #2/DEBUG] [net.minecraftforge.network.NetworkRegistry/NETREGISTRY]: Channel 'ic_air:main' : Version test of '1' from client : ACCEPTED
[20Dec2025 04:47:23.468] [Netty Epoll Server IO #2/DEBUG] [net.minecraftforge.network.NetworkRegistry/NETREGISTRY]: Channel 'citadel:main_channel' : Version test of '1' from client : ACCEPTED
[20Dec2025 04:47:23.468] [Netty Epoll Server IO #2/DEBUG] [net.minecraftforge.network.NetworkRegistry/NETREGISTRY]: Channel 'puzzleslib:1' : Version test of '1' from client : ACCEPTED
[20Dec2025 04:47:23.468] [Netty Epoll Server IO #2/DEBUG] [net.minecraftforge.network.NetworkRegistry/NETREGISTRY]: Channel 'jeg:play' : Version test of '1' from client : ACCEPTED
[20Dec2025 04:47:23.468] [Netty Epoll Server IO #2/DEBUG] [net.minecraftforge.network.NetworkRegistry/NETREGISTRY]: Channel 'iceandfire:main_channel' : Version test of '1' from client : ACCEPTED
[20Dec2025 04:47:23.468] [Netty Epoll Server IO #2/DEBUG] [net.minecraftforge.network.NetworkRegistry/NETREGISTRY]: Channel 'emi:emi' : Version test of '0' from client : ACCEPTED
[20Dec2025 04:47:23.468] [Netty Epoll Server IO #2/DEBUG] [net.minecraftforge.network.NetworkRegistry/NETREGISTRY]: Channel 'framework:play' : Version test of '1' from client : ACCEPTED
[20Dec2025 04:47:23.468] [Netty Epoll Server IO #2/DEBUG] [net.minecraftforge.network.NetworkRegistry/NETREGISTRY]: Channel 'travelersbackpack:network' : Version test of 'travelersbackpack:1' from client : ACCEPTED
[20Dec2025 04:47:23.468] [Netty Epoll Server IO #2/DEBUG] [net.minecraftforge.network.NetworkRegistry/NETREGISTRY]: Channel 'curios:main' : Version test of '1' from client : ACCEPTED
[20Dec2025 04:47:23.468] [Netty Epoll Server IO #2/DEBUG] [net.minecraftforge.network.NetworkRegistry/NETREGISTRY]: Channel 'balm:network' : Version test of '1.0' from client : ACCEPTED
[20Dec2025 04:47:23.468] [Netty Epoll Server IO #2/DEBUG] [net.minecraftforge.network.NetworkRegistry/NETREGISTRY]: Channel 'skinshuffle:handshake' : Version test of '' from client : ACCEPTED
[20Dec2025 04:47:23.468] [Netty Epoll Server IO #2/DEBUG] [net.minecraftforge.network.NetworkRegistry/NETREGISTRY]: Channel 'framework:handshake' : Version test of '1' from client : ACCEPTED
[20Dec2025 04:47:23.468] [Netty Epoll Server IO #2/DEBUG] [net.minecraftforge.network.NetworkRegistry/NETREGISTRY]: Channel 'fml:loginwrapper' : Version test of 'FML3' from client : ACCEPTED
[20Dec2025 04:47:23.468] [Netty Epoll Server IO #2/DEBUG] [net.minecraftforge.network.NetworkRegistry/NETREGISTRY]: Channel 'enchantinginfuser:1' : Version test of '1' from client : ACCEPTED
[20Dec2025 04:47:23.468] [Netty Epoll Server IO #2/DEBUG] [net.minecraftforge.network.NetworkRegistry/NETREGISTRY]: Channel 'mteg:play' : Version test of '1' from client : ACCEPTED
[20Dec2025 04:47:23.468] [Netty Epoll Server IO #2/DEBUG] [net.minecraftforge.network.NetworkRegistry/NETREGISTRY]: Channel 'ribbits:messages' : Version test of '1.0' from client : ACCEPTED
[20Dec2025 04:47:23.468] [Netty Epoll Server IO #2/DEBUG] [net.minecraftforge.network.NetworkRegistry/NETREGISTRY]: Channel 'forge:tier_sorting' : Version test of '1.0' from client : ACCEPTED
[20Dec2025 04:47:23.468] [Netty Epoll Server IO #2/DEBUG] [net.minecraftforge.network.NetworkRegistry/NETREGISTRY]: Channel 'trashslot:network' : Version test of '1.0' from client : ACCEPTED
[20Dec2025 04:47:23.468] [Netty Epoll Server IO #2/DEBUG] [net.minecraftforge.network.NetworkRegistry/NETREGISTRY]: Channel 'fml:play' : Version test of 'FML3' from client : ACCEPTED
[20Dec2025 04:47:23.468] [Netty Epoll Server IO #2/DEBUG] [net.minecraftforge.network.NetworkRegistry/NETREGISTRY]: Channel 'gravestone:default' : Version test of '1.0.0' from client : ACCEPTED
[20Dec2025 04:47:23.468] [Netty Epoll Server IO #2/DEBUG] [net.minecraftforge.network.NetworkRegistry/NETREGISTRY]: Channel 'fml:handshake' : Version test of 'FML3' from client : ACCEPTED
[20Dec2025 04:47:23.468] [Netty Epoll Server IO #2/DEBUG] [net.minecraftforge.network.NetworkRegistry/NETREGISTRY]: Channel 'horde_hoard:horde_hoard' : Version test of '1' from client : ACCEPTED
[20Dec2025 04:47:23.468] [Netty Epoll Server IO #2/DEBUG] [net.minecraftforge.network.NetworkRegistry/NETREGISTRY]: Channel 'minecraft:register' : Version test of 'FML3' from client : ACCEPTED
[20Dec2025 04:47:23.468] [Netty Epoll Server IO #2/DEBUG] [net.minecraftforge.network.NetworkRegistry/NETREGISTRY]: Channel 'forge:split' : Version test of '1.1' from client : ACCEPTED
[20Dec2025 04:47:23.468] [Netty Epoll Server IO #2/DEBUG] [net.minecraftforge.network.NetworkRegistry/NETREGISTRY]: Channel 'geckolib:main' : Version test of '1' from client : ACCEPTED
[20Dec2025 04:47:23.468] [Netty Epoll Server IO #2/DEBUG] [net.minecraftforge.network.NetworkRegistry/NETREGISTRY]: Channel 'jade:networking' : Version test of '2' from client : ACCEPTED
[20Dec2025 04:47:23.469] [Netty Epoll Server IO #2/DEBUG] [net.minecraftforge.network.NetworkRegistry/NETREGISTRY]: Channel 'waystones:network' : Version test of '1.0' from client : ACCEPTED
[20Dec2025 04:47:23.469] [Netty Epoll Server IO #2/DEBUG] [net.minecraftforge.network.NetworkRegistry/NETREGISTRY]: Channel 'skinshuffle:refresh' : Version test of '' from client : ACCEPTED
[20Dec2025 04:47:23.469] [Netty Epoll Server IO #2/DEBUG] [net.minecraftforge.network.NetworkRegistry/NETREGISTRY]: Accepting channel list from client
[20Dec2025 04:47:23.469] [Netty Epoll Server IO #2/DEBUG] [net.minecraftforge.network.HandshakeHandler/FMLHANDSHAKE]: Accepted client connection mod list
[20Dec2025 04:47:23.469] [Netty Epoll Server IO #2/DEBUG] [net.minecraftforge.network.LoginWrapper/FMLHANDSHAKE]: Recieved login wrapper packet event for channel fml:handshake with index 4
[20Dec2025 04:47:23.469] [Netty Epoll Server IO #2/DEBUG] [net.minecraftforge.network.HandshakeHandler/FMLHANDSHAKE]: Received client indexed reply 4 of type net.minecraftforge.network.HandshakeMessages$C2SAcknowledge
[20Dec2025 04:47:23.469] [Netty Epoll Server IO #2/DEBUG] [net.minecraftforge.network.HandshakeHandler/FMLHANDSHAKE]: Received acknowledgement from client
[20Dec2025 04:47:23.469] [Netty Epoll Server IO #2/DEBUG] [net.minecraftforge.network.LoginWrapper/FMLHANDSHAKE]: Recieved login wrapper packet event for channel fml:handshake with index 5
[20Dec2025 04:47:23.469] [Netty Epoll Server IO #2/DEBUG] [net.minecraftforge.network.HandshakeHandler/FMLHANDSHAKE]: Received client indexed reply 5 of type net.minecraftforge.network.HandshakeMessages$C2SAcknowledge
[20Dec2025 04:47:23.469] [Netty Epoll Server IO #2/DEBUG] [net.minecraftforge.network.HandshakeHandler/FMLHANDSHAKE]: Received acknowledgement from client
[20Dec2025 04:47:23.469] [Netty Epoll Server IO #2/DEBUG] [net.minecraftforge.network.LoginWrapper/FMLHANDSHAKE]: Recieved login wrapper packet event for channel fml:handshake with index 6
[20Dec2025 04:47:23.469] [Netty Epoll Server IO #2/DEBUG] [net.minecraftforge.network.HandshakeHandler/FMLHANDSHAKE]: Received client indexed reply 6 of type net.minecraftforge.network.HandshakeMessages$C2SAcknowledge
[20Dec2025 04:47:23.469] [Netty Epoll Server IO #2/DEBUG] [net.minecraftforge.network.HandshakeHandler/FMLHANDSHAKE]: Received acknowledgement from client
[20Dec2025 04:47:23.469] [Netty Epoll Server IO #2/DEBUG] [net.minecraftforge.network.LoginWrapper/FMLHANDSHAKE]: Recieved login wrapper packet event for channel fml:handshake with index 7
[20Dec2025 04:47:23.469] [Netty Epoll Server IO #2/DEBUG] [net.minecraftforge.network.HandshakeHandler/FMLHANDSHAKE]: Received client indexed reply 7 of type net.minecraftforge.network.HandshakeMessages$C2SAcknowledge
[20Dec2025 04:47:23.469] [Netty Epoll Server IO #2/DEBUG] [net.minecraftforge.network.HandshakeHandler/FMLHANDSHAKE]: Received acknowledgement from client
[20Dec2025 04:47:23.470] [Netty Epoll Server IO #2/DEBUG] [net.minecraftforge.network.LoginWrapper/FMLHANDSHAKE]: Recieved login wrapper packet event for channel fml:handshake with index 8
[20Dec2025 04:47:23.471] [Netty Epoll Server IO #2/DEBUG] [net.minecraftforge.network.HandshakeHandler/FMLHANDSHAKE]: Received client indexed reply 8 of type net.minecraftforge.network.HandshakeMessages$C2SAcknowledge
[20Dec2025 04:47:23.471] [Netty Epoll Server IO #2/DEBUG] [net.minecraftforge.network.HandshakeHandler/FMLHANDSHAKE]: Received acknowledgement from client
[20Dec2025 04:47:23.516] [Server thread/DEBUG] [net.minecraftforge.network.HandshakeHandler/FMLHANDSHAKE]: Sending ticking packet info 'Registry minecraft:mob_effect' to 'fml:handshake' sequence 17
[20Dec2025 04:47:23.564] [Server thread/DEBUG] [net.minecraftforge.network.HandshakeHandler/FMLHANDSHAKE]: Sending ticking packet info 'Registry minecraft:stat_type' to 'fml:handshake' sequence 18
[20Dec2025 04:47:23.614] [Server thread/DEBUG] [net.minecraftforge.network.HandshakeHandler/FMLHANDSHAKE]: Sending ticking packet info 'Registry minecraft:menu' to 'fml:handshake' sequence 19
[20Dec2025 04:47:23.641] [Netty Epoll Server IO #2/DEBUG] [net.minecraftforge.network.LoginWrapper/FMLHANDSHAKE]: Recieved login wrapper packet event for channel fml:handshake with index 9
[20Dec2025 04:47:23.641] [Netty Epoll Server IO #2/DEBUG] [net.minecraftforge.network.HandshakeHandler/FMLHANDSHAKE]: Received client indexed reply 9 of type net.minecraftforge.network.HandshakeMessages$C2SAcknowledge
[20Dec2025 04:47:23.641] [Netty Epoll Server IO #2/DEBUG] [net.minecraftforge.network.HandshakeHandler/FMLHANDSHAKE]: Received acknowledgement from client
[20Dec2025 04:47:23.651] [Netty Epoll Server IO #2/DEBUG] [net.minecraftforge.network.LoginWrapper/FMLHANDSHAKE]: Recieved login wrapper packet event for channel fml:handshake with index 10
[20Dec2025 04:47:23.651] [Netty Epoll Server IO #2/DEBUG] [net.minecraftforge.network.HandshakeHandler/FMLHANDSHAKE]: Received client indexed reply 10 of type net.minecraftforge.network.HandshakeMessages$C2SAcknowledge
[20Dec2025 04:47:23.651] [Netty Epoll Server IO #2/DEBUG] [net.minecraftforge.network.HandshakeHandler/FMLHANDSHAKE]: Received acknowledgement from client
[20Dec2025 04:47:23.651] [Netty Epoll Server IO #2/DEBUG] [net.minecraftforge.network.LoginWrapper/FMLHANDSHAKE]: Recieved login wrapper packet event for channel fml:handshake with index 11
[20Dec2025 04:47:23.651] [Netty Epoll Server IO #2/DEBUG] [net.minecraftforge.network.HandshakeHandler/FMLHANDSHAKE]: Received client indexed reply 11 of type net.minecraftforge.network.HandshakeMessages$C2SAcknowledge
[20Dec2025 04:47:23.652] [Netty Epoll Server IO #2/DEBUG] [net.minecraftforge.network.HandshakeHandler/FMLHANDSHAKE]: Received acknowledgement from client
[20Dec2025 04:47:23.652] [Netty Epoll Server IO #2/DEBUG] [net.minecraftforge.network.LoginWrapper/FMLHANDSHAKE]: Recieved login wrapper packet event for channel fml:handshake with index 12
[20Dec2025 04:47:23.652] [Netty Epoll Server IO #2/DEBUG] [net.minecraftforge.network.HandshakeHandler/FMLHANDSHAKE]: Received client indexed reply 12 of type net.minecraftforge.network.HandshakeMessages$C2SAcknowledge
[20Dec2025 04:47:23.652] [Netty Epoll Server IO #2/DEBUG] [net.minecraftforge.network.HandshakeHandler/FMLHANDSHAKE]: Received acknowledgement from client
[20Dec2025 04:47:23.652] [Netty Epoll Server IO #2/DEBUG] [net.minecraftforge.network.LoginWrapper/FMLHANDSHAKE]: Recieved login wrapper packet event for channel fml:handshake with index 13
[20Dec2025 04:47:23.652] [Netty Epoll Server IO #2/DEBUG] [net.minecraftforge.network.HandshakeHandler/FMLHANDSHAKE]: Received client indexed reply 13 of type net.minecraftforge.network.HandshakeMessages$C2SAcknowledge
[20Dec2025 04:47:23.652] [Netty Epoll Server IO #2/DEBUG] [net.minecraftforge.network.HandshakeHandler/FMLHANDSHAKE]: Received acknowledgement from client
[20Dec2025 04:47:23.652] [Netty Epoll Server IO #2/DEBUG] [net.minecraftforge.network.LoginWrapper/FMLHANDSHAKE]: Recieved login wrapper packet event for channel fml:handshake with index 14
[20Dec2025 04:47:23.652] [Netty Epoll Server IO #2/DEBUG] [net.minecraftforge.network.HandshakeHandler/FMLHANDSHAKE]: Received client indexed reply 14 of type net.minecraftforge.network.HandshakeMessages$C2SAcknowledge
[20Dec2025 04:47:23.652] [Netty Epoll Server IO #2/DEBUG] [net.minecraftforge.network.HandshakeHandler/FMLHANDSHAKE]: Received acknowledgement from client
[20Dec2025 04:47:23.652] [Netty Epoll Server IO #2/DEBUG] [net.minecraftforge.network.LoginWrapper/FMLHANDSHAKE]: Recieved login wrapper packet event for channel fml:handshake with index 15
[20Dec2025 04:47:23.652] [Netty Epoll Server IO #2/DEBUG] [net.minecraftforge.network.HandshakeHandler/FMLHANDSHAKE]: Received client indexed reply 15 of type net.minecraftforge.network.HandshakeMessages$C2SAcknowledge
[20Dec2025 04:47:23.652] [Netty Epoll Server IO #2/DEBUG] [net.minecraftforge.network.HandshakeHandler/FMLHANDSHAKE]: Received acknowledgement from client
[20Dec2025 04:47:23.652] [Netty Epoll Server IO #2/DEBUG] [net.minecraftforge.network.LoginWrapper/FMLHANDSHAKE]: Recieved login wrapper packet event for channel fml:handshake with index 16
[20Dec2025 04:47:23.652] [Netty Epoll Server IO #2/DEBUG] [net.minecraftforge.network.HandshakeHandler/FMLHANDSHAKE]: Received client indexed reply 16 of type net.minecraftforge.network.HandshakeMessages$C2SAcknowledge
[20Dec2025 04:47:23.652] [Netty Epoll Server IO #2/DEBUG] [net.minecraftforge.network.HandshakeHandler/FMLHANDSHAKE]: Received acknowledgement from client
[20Dec2025 04:47:23.664] [Server thread/DEBUG] [net.minecraftforge.network.HandshakeHandler/FMLHANDSHAKE]: Sending ticking packet info 'Registry minecraft:enchantment' to 'fml:handshake' sequence 20
[20Dec2025 04:47:23.701] [Netty Epoll Server IO #2/DEBUG] [net.minecraftforge.network.LoginWrapper/FMLHANDSHAKE]: Recieved login wrapper packet event for channel fml:handshake with index 17
[20Dec2025 04:47:23.701] [Netty Epoll Server IO #2/DEBUG] [net.minecraftforge.network.HandshakeHandler/FMLHANDSHAKE]: Received client indexed reply 17 of type net.minecraftforge.network.HandshakeMessages$C2SAcknowledge
[20Dec2025 04:47:23.701] [Netty Epoll Server IO #2/DEBUG] [net.minecraftforge.network.HandshakeHandler/FMLHANDSHAKE]: Received acknowledgement from client
[20Dec2025 04:47:23.714] [Server thread/DEBUG] [net.minecraftforge.network.HandshakeHandler/FMLHANDSHAKE]: Sending ticking packet info 'Registry minecraft:fluid' to 'fml:handshake' sequence 21
[20Dec2025 04:47:23.747] [Netty Epoll Server IO #2/DEBUG] [net.minecraftforge.network.LoginWrapper/FMLHANDSHAKE]: Recieved login wrapper packet event for channel fml:handshake with index 18
[20Dec2025 04:47:23.747] [Netty Epoll Server IO #2/DEBUG] [net.minecraftforge.network.HandshakeHandler/FMLHANDSHAKE]: Received client indexed reply 18 of type net.minecraftforge.network.HandshakeMessages$C2SAcknowledge
[20Dec2025 04:47:23.747] [Netty Epoll Server IO #2/DEBUG] [net.minecraftforge.network.HandshakeHandler/FMLHANDSHAKE]: Received acknowledgement from client
[20Dec2025 04:47:23.764] [Server thread/DEBUG] [net.minecraftforge.network.HandshakeHandler/FMLHANDSHAKE]: Sending ticking packet info 'Registry minecraft:entity_type' to 'fml:handshake' sequence 22
[20Dec2025 04:47:23.806] [Netty Epoll Server IO #2/DEBUG] [net.minecraftforge.network.LoginWrapper/FMLHANDSHAKE]: Recieved login wrapper packet event for channel fml:handshake with index 19
[20Dec2025 04:47:23.806] [Netty Epoll Server IO #2/DEBUG] [net.minecraftforge.network.HandshakeHandler/FMLHANDSHAKE]: Received client indexed reply 19 of type net.minecraftforge.network.HandshakeMessages$C2SAcknowledge
[20Dec2025 04:47:23.806] [Netty Epoll Server IO #2/DEBUG] [net.minecraftforge.network.HandshakeHandler/FMLHANDSHAKE]: Received acknowledgement from client
[20Dec2025 04:47:23.814] [Server thread/DEBUG] [net.minecraftforge.network.HandshakeHandler/FMLHANDSHAKE]: Sending ticking packet info 'Config curios-server.toml' to 'fml:handshake' sequence 23
[20Dec2025 04:47:23.842] [Netty Epoll Server IO #2/DEBUG] [net.minecraftforge.network.LoginWrapper/FMLHANDSHAKE]: Recieved login wrapper packet event for channel fml:handshake with index 20
[20Dec2025 04:47:23.842] [Netty Epoll Server IO #2/DEBUG] [net.minecraftforge.network.HandshakeHandler/FMLHANDSHAKE]: Received client indexed reply 20 of type net.minecraftforge.network.HandshakeMessages$C2SAcknowledge
[20Dec2025 04:47:23.842] [Netty Epoll Server IO #2/DEBUG] [net.minecraftforge.network.HandshakeHandler/FMLHANDSHAKE]: Received acknowledgement from client
[20Dec2025 04:47:23.865] [Server thread/DEBUG] [net.minecraftforge.network.HandshakeHandler/FMLHANDSHAKE]: Sending ticking packet info 'Config jeg-server.toml' to 'fml:handshake' sequence 24
[20Dec2025 04:47:23.897] [Netty Epoll Server IO #2/DEBUG] [net.minecraftforge.network.LoginWrapper/FMLHANDSHAKE]: Recieved login wrapper packet event for channel fml:handshake with index 21
[20Dec2025 04:47:23.897] [Netty Epoll Server IO #2/DEBUG] [net.minecraftforge.network.HandshakeHandler/FMLHANDSHAKE]: Received client indexed reply 21 of type net.minecraftforge.network.HandshakeMessages$C2SAcknowledge
[20Dec2025 04:47:23.897] [Netty Epoll Server IO #2/DEBUG] [net.minecraftforge.network.HandshakeHandler/FMLHANDSHAKE]: Received acknowledgement from client
[20Dec2025 04:47:23.915] [Server thread/DEBUG] [net.minecraftforge.network.HandshakeHandler/FMLHANDSHAKE]: Sending ticking packet info 'Config gravestone-server.toml' to 'fml:handshake' sequence 25
[20Dec2025 04:47:23.963] [Server thread/DEBUG] [net.minecraftforge.network.HandshakeHandler/FMLHANDSHAKE]: Sending ticking packet info 'Config travelersbackpack-server.toml' to 'fml:handshake' sequence 26
[20Dec2025 04:47:23.980] [Netty Epoll Server IO #2/DEBUG] [net.minecraftforge.network.LoginWrapper/FMLHANDSHAKE]: Recieved login wrapper packet event for channel fml:handshake with index 22
[20Dec2025 04:47:23.980] [Netty Epoll Server IO #2/DEBUG] [net.minecraftforge.network.HandshakeHandler/FMLHANDSHAKE]: Received client indexed reply 22 of type net.minecraftforge.network.HandshakeMessages$C2SAcknowledge
[20Dec2025 04:47:23.980] [Netty Epoll Server IO #2/DEBUG] [net.minecraftforge.network.HandshakeHandler/FMLHANDSHAKE]: Received acknowledgement from client
[20Dec2025 04:47:23.992] [Netty Epoll Server IO #2/DEBUG] [net.minecraftforge.network.LoginWrapper/FMLHANDSHAKE]: Recieved login wrapper packet event for channel fml:handshake with index 23
[20Dec2025 04:47:23.992] [Netty Epoll Server IO #2/DEBUG] [net.minecraftforge.network.HandshakeHandler/FMLHANDSHAKE]: Received client indexed reply 23 of type net.minecraftforge.network.HandshakeMessages$C2SAcknowledge
[20Dec2025 04:47:23.992] [Netty Epoll Server IO #2/DEBUG] [net.minecraftforge.network.HandshakeHandler/FMLHANDSHAKE]: Received acknowledgement from client
[20Dec2025 04:47:24.015] [Server thread/DEBUG] [net.minecraftforge.network.HandshakeHandler/FMLHANDSHAKE]: Sending ticking packet info 'Config enchantinginfuser-server.toml' to 'fml:handshake' sequence 27
[20Dec2025 04:47:24.043] [Netty Epoll Server IO #2/DEBUG] [net.minecraftforge.network.LoginWrapper/FMLHANDSHAKE]: Recieved login wrapper packet event for channel fml:handshake with index 24
[20Dec2025 04:47:24.043] [Netty Epoll Server IO #2/DEBUG] [net.minecraftforge.network.HandshakeHandler/FMLHANDSHAKE]: Received client indexed reply 24 of type net.minecraftforge.network.HandshakeMessages$C2SAcknowledge
[20Dec2025 04:47:24.043] [Netty Epoll Server IO #2/DEBUG] [net.minecraftforge.network.HandshakeHandler/FMLHANDSHAKE]: Received acknowledgement from client
[20Dec2025 04:47:24.064] [Server thread/DEBUG] [net.minecraftforge.network.HandshakeHandler/FMLHANDSHAKE]: Sending ticking packet info 'Config jei-server.toml' to 'fml:handshake' sequence 28
[20Dec2025 04:47:24.100] [Netty Epoll Server IO #2/DEBUG] [net.minecraftforge.network.LoginWrapper/FMLHANDSHAKE]: Recieved login wrapper packet event for channel fml:handshake with index 25
[20Dec2025 04:47:24.101] [Netty Epoll Server IO #2/DEBUG] [net.minecraftforge.network.HandshakeHandler/FMLHANDSHAKE]: Received client indexed reply 25 of type net.minecraftforge.network.HandshakeMessages$C2SAcknowledge
[20Dec2025 04:47:24.101] [Netty Epoll Server IO #2/DEBUG] [net.minecraftforge.network.HandshakeHandler/FMLHANDSHAKE]: Received acknowledgement from client
[20Dec2025 04:47:24.114] [Server thread/DEBUG] [net.minecraftforge.network.HandshakeHandler/FMLHANDSHAKE]: Sending ticking packet info 'Config forge-server.toml' to 'fml:handshake' sequence 29
[20Dec2025 04:47:24.147] [Netty Epoll Server IO #2/DEBUG] [net.minecraftforge.network.LoginWrapper/FMLHANDSHAKE]: Recieved login wrapper packet event for channel fml:handshake with index 26
[20Dec2025 04:47:24.147] [Netty Epoll Server IO #2/DEBUG] [net.minecraftforge.network.HandshakeHandler/FMLHANDSHAKE]: Received client indexed reply 26 of type net.minecraftforge.network.HandshakeMessages$C2SAcknowledge
[20Dec2025 04:47:24.147] [Netty Epoll Server IO #2/DEBUG] [net.minecraftforge.network.HandshakeHandler/FMLHANDSHAKE]: Received acknowledgement from client
[20Dec2025 04:47:24.207] [Netty Epoll Server IO #2/DEBUG] [net.minecraftforge.network.LoginWrapper/FMLHANDSHAKE]: Recieved login wrapper packet event for channel fml:handshake with index 27
[20Dec2025 04:47:24.207] [Netty Epoll Server IO #2/DEBUG] [net.minecraftforge.network.HandshakeHandler/FMLHANDSHAKE]: Received client indexed reply 27 of type net.minecraftforge.network.HandshakeMessages$C2SAcknowledge
[20Dec2025 04:47:24.207] [Netty Epoll Server IO #2/DEBUG] [net.minecraftforge.network.HandshakeHandler/FMLHANDSHAKE]: Received acknowledgement from client
[20Dec2025 04:47:24.243] [Netty Epoll Server IO #2/DEBUG] [net.minecraftforge.network.LoginWrapper/FMLHANDSHAKE]: Recieved login wrapper packet event for channel fml:handshake with index 28
[20Dec2025 04:47:24.244] [Netty Epoll Server IO #2/DEBUG] [net.minecraftforge.network.HandshakeHandler/FMLHANDSHAKE]: Received client indexed reply 28 of type net.minecraftforge.network.HandshakeMessages$C2SAcknowledge
[20Dec2025 04:47:24.244] [Netty Epoll Server IO #2/DEBUG] [net.minecraftforge.network.HandshakeHandler/FMLHANDSHAKE]: Received acknowledgement from client
[20Dec2025 04:47:24.302] [Netty Epoll Server IO #2/DEBUG] [net.minecraftforge.network.LoginWrapper/FMLHANDSHAKE]: Recieved login wrapper packet event for channel fml:handshake with index 29
[20Dec2025 04:47:24.302] [Netty Epoll Server IO #2/DEBUG] [net.minecraftforge.network.HandshakeHandler/FMLHANDSHAKE]: Received client indexed reply 29 of type net.minecraftforge.network.HandshakeMessages$C2SAcknowledge
[20Dec2025 04:47:24.302] [Netty Epoll Server IO #2/DEBUG] [net.minecraftforge.network.HandshakeHandler/FMLHANDSHAKE]: Received acknowledgement from client
[20Dec2025 04:47:24.314] [Server thread/DEBUG] [net.minecraftforge.network.HandshakeHandler/FMLHANDSHAKE]: Handshake complete!
[20Dec2025 04:47:24.366] [ForkJoinPool.commonPool-worker-7/DEBUG] [SkinRestorer/]: Fetching AcidD_x's skin
[20Dec2025 04:47:24.577] [Server thread/INFO] [net.minecraft.server.players.PlayerList/]: AcidD_x[/127.16.75.52:51665] logged in with entity id 31267 at (-127.5320230088084, 63.0, 51.97887930919382)
[20Dec2025 04:47:24.577] [Server thread/DEBUG] [net.minecraftforge.network.filters.NetworkFilters/]: Injected net.minecraftforge.network.filters.ForgeConnectionNetworkFilter@32f342e5 into net.minecraft.network.Connection@2f014905
[20Dec2025 04:47:24.594] [Server thread/INFO] [net.minecraft.server.MinecraftServer/]: AcidD_x joined the game
[20Dec2025 04:47:24.621] [Server thread/INFO] [Jade/]: Syncing config to AcidD_x (80f01903-9eb0-30c0-b3a6-324268cf1de1)
[20Dec2025 04:48:13.763] [Server thread/INFO] [net.minecraft.server.network.ServerGamePacketListenerImpl/]: Crowdante53 lost connection: Disconnected
[20Dec2025 04:48:13.764] [Server thread/INFO] [net.minecraft.server.MinecraftServer/]: Crowdante53 left the game
[20Dec2025 04:48:35.832] [Server thread/DEBUG] [net.minecraftforge.common.ForgeHooks/WP]: Gathering id map for writing to world save world
[20Dec2025 04:48:35.840] [Server thread/DEBUG] [net.minecraftforge.common.ForgeHooks/WP]: ID Map collection complete world
[20Dec2025 04:53:35.832] [Server thread/DEBUG] [net.minecraftforge.common.ForgeHooks/WP]: Gathering id map for writing to world save world
[20Dec2025 04:53:35.839] [Server thread/DEBUG] [net.minecraftforge.common.ForgeHooks/WP]: ID Map collection complete world
[20Dec2025 04:58:35.840] [Server thread/DEBUG] [net.minecraftforge.common.ForgeHooks/WP]: Gathering id map for writing to world save world
[20Dec2025 04:58:35.847] [Server thread/DEBUG] [net.minecraftforge.common.ForgeHooks/WP]: ID Map collection complete world
[20Dec2025 05:03:35.836] [Server thread/DEBUG] [net.minecraftforge.common.ForgeHooks/WP]: Gathering id map for writing to world save world
[20Dec2025 05:03:35.843] [Server thread/DEBUG] [net.minecraftforge.common.ForgeHooks/WP]: ID Map collection complete world
[20Dec2025 05:04:02.196] [Server thread/INFO] [net.minecraft.server.MinecraftServer/]: [TheAstoria1090: Teleported AcidD_x to TheAstoria1090]
[20Dec2025 05:08:35.833] [Server thread/DEBUG] [net.minecraftforge.common.ForgeHooks/WP]: Gathering id map for writing to world save world
[20Dec2025 05:08:35.840] [Server thread/DEBUG] [net.minecraftforge.common.ForgeHooks/WP]: ID Map collection complete world
[20Dec2025 05:13:35.833] [Server thread/DEBUG] [net.minecraftforge.common.ForgeHooks/WP]: Gathering id map for writing to world save world
[20Dec2025 05:13:35.840] [Server thread/DEBUG] [net.minecraftforge.common.ForgeHooks/WP]: ID Map collection complete world
[20Dec2025 05:14:48.081] [Server thread/INFO] [net.minecraft.server.MinecraftServer/]: [TheAstoria1090: Teleported AcidD_x to TheAstoria1090]
[20Dec2025 05:14:59.867] [Server thread/INFO] [net.minecraft.server.MinecraftServer/]: [TheAstoria1090: Teleported AcidD_x to TheAstoria1090]
[20Dec2025 05:18:35.834] [Server thread/DEBUG] [net.minecraftforge.common.ForgeHooks/WP]: Gathering id map for writing to world save world
[20Dec2025 05:18:35.842] [Server thread/DEBUG] [net.minecraftforge.common.ForgeHooks/WP]: ID Map collection complete world
[20Dec2025 05:19:08.817] [Server thread/INFO] [net.minecraft.server.MinecraftServer/]: [TheAstoria1090: Teleported TheAstoria1090 to AcidD_x]
[20Dec2025 05:23:34.534] [Server thread/INFO] [net.minecraft.server.MinecraftServer/]: [TheAstoria1090: Teleported TheAstoria1090 to AcidD_x]
[20Dec2025 05:23:35.835] [Server thread/DEBUG] [net.minecraftforge.common.ForgeHooks/WP]: Gathering id map for writing to world save world
[20Dec2025 05:23:35.842] [Server thread/DEBUG] [net.minecraftforge.common.ForgeHooks/WP]: ID Map collection complete world
[20Dec2025 05:24:29.147] [Server thread/INFO] [net.minecraft.server.MinecraftServer/]: [TheAstoria1090: Teleported TheAstoria1090 to AcidD_x]
[20Dec2025 05:25:35.644] [Server thread/INFO] [net.minecraft.server.MinecraftServer/]: [TheAstoria1090: Teleported TheAstoria1090 to AcidD_x]
[20Dec2025 05:28:17.630] [Server thread/INFO] [net.minecraft.server.MinecraftServer/]: [TheAstoria1090: Teleported TheAstoria1090 to AcidD_x]
[20Dec2025 05:28:35.830] [Server thread/DEBUG] [net.minecraftforge.common.ForgeHooks/WP]: Gathering id map for writing to world save world
[20Dec2025 05:28:35.836] [Server thread/DEBUG] [net.minecraftforge.common.ForgeHooks/WP]: ID Map collection complete world
[20Dec2025 05:29:42.117] [Server thread/INFO] [net.minecraft.server.MinecraftServer/]: [TheAstoria1090: Teleported TheAstoria1090 to AcidD_x]
[20Dec2025 05:30:25.465] [Server thread/INFO] [net.minecraft.server.MinecraftServer/]: TheAstoria1090 has made the advancement [Would you Like to Know More?]
[20Dec2025 05:33:35.832] [Server thread/DEBUG] [net.minecraftforge.common.ForgeHooks/WP]: Gathering id map for writing to world save world
[20Dec2025 05:33:35.839] [Server thread/DEBUG] [net.minecraftforge.common.ForgeHooks/WP]: ID Map collection complete world
[20Dec2025 05:35:43.629] [Server thread/INFO] [net.minecraft.server.MinecraftServer/]: [TheAstoria1090: Killed 113 entities]
[20Dec2025 05:38:35.836] [Server thread/DEBUG] [net.minecraftforge.common.ForgeHooks/WP]: Gathering id map for writing to world save world
[20Dec2025 05:38:35.844] [Server thread/DEBUG] [net.minecraftforge.common.ForgeHooks/WP]: ID Map collection complete world
[20Dec2025 05:38:54.518] [Server thread/INFO] [net.minecraft.server.MinecraftServer/]: [TheAstoria1090: Gave 124 [Rifle Ammo] to TheAstoria1090]
[20Dec2025 05:39:33.379] [Server thread/INFO] [net.minecraft.server.MinecraftServer/]: [TheAstoria1090: Killed 32 entities]
[20Dec2025 05:42:07.941] [Server thread/INFO] [net.minecraft.server.MinecraftServer/]: [TheAstoria1090: Killed 12 entities]
[20Dec2025 05:43:35.830] [Server thread/DEBUG] [net.minecraftforge.common.ForgeHooks/WP]: Gathering id map for writing to world save world
[20Dec2025 05:43:35.837] [Server thread/DEBUG] [net.minecraftforge.common.ForgeHooks/WP]: ID Map collection complete world
[20Dec2025 05:46:44.551] [Server thread/INFO] [net.minecraft.server.MinecraftServer/]: [TheAstoria1090: Teleported TheAstoria1090 to AcidD_x]
[20Dec2025 05:48:35.833] [Server thread/DEBUG] [net.minecraftforge.common.ForgeHooks/WP]: Gathering id map for writing to world save world
[20Dec2025 05:48:35.840] [Server thread/DEBUG] [net.minecraftforge.common.ForgeHooks/WP]: ID Map collection complete world
[20Dec2025 05:51:29.394] [Netty Epoll Server IO #6/DEBUG] [net.minecraftforge.network.HandshakeHandler/FMLHANDSHAKE]: Starting new modded impl connection. Found 30 messages to dispatch.
[20Dec2025 05:51:29.466] [Server thread/DEBUG] [net.minecraftforge.network.HandshakeHandler/FMLHANDSHAKE]: Sending ticking packet info 'jeg:custom_gun_manager' to 'framework:handshake' sequence 0
[20Dec2025 05:51:29.516] [Server thread/DEBUG] [net.minecraftforge.network.HandshakeHandler/FMLHANDSHAKE]: Sending ticking packet info 'jeg:network_gun_manager' to 'framework:handshake' sequence 1
[20Dec2025 05:51:29.548] [Netty Epoll Server IO #6/DEBUG] [net.minecraftforge.network.LoginWrapper/FMLHANDSHAKE]: Recieved login wrapper packet event for channel framework:handshake with index 0
[20Dec2025 05:51:29.548] [Netty Epoll Server IO #6/DEBUG] [net.minecraftforge.network.HandshakeHandler/FMLHANDSHAKE]: Received client indexed reply 0 of type com.mrcrayfish.framework.api.network.message.HandshakeMessage$Acknowledge
[20Dec2025 05:51:29.548] [Netty Epoll Server IO #6/DEBUG] [Framework/FRAMEWORK_HANDSHAKE]: Received acknowledgement from client
[20Dec2025 05:51:29.565] [Server thread/DEBUG] [net.minecraftforge.network.HandshakeHandler/FMLHANDSHAKE]: Sending ticking packet info 'net.minecraftforge.network.HandshakeMessages$S2CModData' to 'fml:handshake' sequence 2
[20Dec2025 05:51:29.614] [Server thread/DEBUG] [net.minecraftforge.network.HandshakeHandler/FMLHANDSHAKE]: Sending ticking packet info 'net.minecraftforge.network.HandshakeMessages$S2CModList' to 'fml:handshake' sequence 3
[20Dec2025 05:51:29.669] [Server thread/DEBUG] [net.minecraftforge.network.HandshakeHandler/FMLHANDSHAKE]: Sending ticking packet info 'Registry minecraft:command_argument_type' to 'fml:handshake' sequence 4
[20Dec2025 05:51:29.716] [Server thread/DEBUG] [net.minecraftforge.network.HandshakeHandler/FMLHANDSHAKE]: Sending ticking packet info 'Registry minecraft:recipe_serializer' to 'fml:handshake' sequence 5
[20Dec2025 05:51:29.765] [Server thread/DEBUG] [net.minecraftforge.network.HandshakeHandler/FMLHANDSHAKE]: Sending ticking packet info 'Registry minecraft:sound_event' to 'fml:handshake' sequence 6
[20Dec2025 05:51:29.800] [Netty Epoll Server IO #6/DEBUG] [net.minecraftforge.network.LoginWrapper/FMLHANDSHAKE]: Recieved login wrapper packet event for channel framework:handshake with index 1
[20Dec2025 05:51:29.800] [Netty Epoll Server IO #6/DEBUG] [net.minecraftforge.network.HandshakeHandler/FMLHANDSHAKE]: Received client indexed reply 1 of type com.mrcrayfish.framework.api.network.message.HandshakeMessage$Acknowledge
[20Dec2025 05:51:29.800] [Netty Epoll Server IO #6/DEBUG] [Framework/FRAMEWORK_HANDSHAKE]: Received acknowledgement from client
[20Dec2025 05:51:29.810] [Netty Epoll Server IO #6/DEBUG] [net.minecraftforge.network.LoginWrapper/FMLHANDSHAKE]: Recieved login wrapper packet event for channel fml:handshake with index 3
[20Dec2025 05:51:29.810] [Netty Epoll Server IO #6/DEBUG] [net.minecraftforge.network.HandshakeHandler/FMLHANDSHAKE]: Received client indexed reply 3 of type net.minecraftforge.network.HandshakeMessages$C2SModListReply
[20Dec2025 05:51:29.810] [Netty Epoll Server IO #6/DEBUG] [net.minecraftforge.network.HandshakeHandler/FMLHANDSHAKE]: Received client connection with modlist [minecraft, emi, man_of_many_planes, kuma_api, block_factorys_bosses, trashslot, netherexp, protectmobsfromdaylight, jade, geckolib, elysium_api, jei, jeg, goblintraders, immersive_aircraft, ribbits, curios, bettercaves, underground_bunkers, easy_emerald, waystones, gravestone, citadel, travelersbackpack, zombieawareness, yungsapi, mixinextras, gobber2, dungeoncrawl, coroutil, warfare_wings, aiimprovements, iceandfire, balm, puzzleslib, framework, puzzlesaccessapi, cloth_config, forge, horde_hoard, mteg, enchantinginfuser, skinrestorer]
[20Dec2025 05:51:29.810] [Netty Epoll Server IO #6/DEBUG] [net.minecraftforge.network.NetworkRegistry/NETREGISTRY]: Channel 'skinshuffle:skin_refresh' : Version test of '' from client : ACCEPTED
[20Dec2025 05:51:29.810] [Netty Epoll Server IO #6/DEBUG] [net.minecraftforge.network.NetworkRegistry/NETREGISTRY]: Channel 'block_factorys_bosses:block_factorys_bosses' : Version test of '1' from client : ACCEPTED
[20Dec2025 05:51:29.810] [Netty Epoll Server IO #6/DEBUG] [net.minecraftforge.network.NetworkRegistry/NETREGISTRY]: Channel 'jei:channel' : Version test of '1.0.0' from client : ACCEPTED
[20Dec2025 05:51:29.810] [Netty Epoll Server IO #6/DEBUG] [net.minecraftforge.network.NetworkRegistry/NETREGISTRY]: Channel 'minecraft:unregister' : Version test of 'FML3' from client : ACCEPTED
[20Dec2025 05:51:29.810] [Netty Epoll Server IO #6/DEBUG] [net.minecraftforge.network.NetworkRegistry/NETREGISTRY]: Channel 'ic_air:main' : Version test of '1' from client : ACCEPTED
[20Dec2025 05:51:29.810] [Netty Epoll Server IO #6/DEBUG] [net.minecraftforge.network.NetworkRegistry/NETREGISTRY]: Channel 'citadel:main_channel' : Version test of '1' from client : ACCEPTED
[20Dec2025 05:51:29.810] [Netty Epoll Server IO #6/DEBUG] [net.minecraftforge.network.NetworkRegistry/NETREGISTRY]: Channel 'puzzleslib:1' : Version test of '1' from client : ACCEPTED
[20Dec2025 05:51:29.810] [Netty Epoll Server IO #6/DEBUG] [net.minecraftforge.network.NetworkRegistry/NETREGISTRY]: Channel 'jeg:play' : Version test of '1' from client : ACCEPTED
[20Dec2025 05:51:29.810] [Netty Epoll Server IO #6/DEBUG] [net.minecraftforge.network.NetworkRegistry/NETREGISTRY]: Channel 'iceandfire:main_channel' : Version test of '1' from client : ACCEPTED
[20Dec2025 05:51:29.810] [Netty Epoll Server IO #6/DEBUG] [net.minecraftforge.network.NetworkRegistry/NETREGISTRY]: Channel 'emi:emi' : Version test of '0' from client : ACCEPTED
[20Dec2025 05:51:29.810] [Netty Epoll Server IO #6/DEBUG] [net.minecraftforge.network.NetworkRegistry/NETREGISTRY]: Channel 'framework:play' : Version test of '1' from client : ACCEPTED
[20Dec2025 05:51:29.810] [Netty Epoll Server IO #6/DEBUG] [net.minecraftforge.network.NetworkRegistry/NETREGISTRY]: Channel 'travelersbackpack:network' : Version test of 'travelersbackpack:1' from client : ACCEPTED
[20Dec2025 05:51:29.810] [Netty Epoll Server IO #6/DEBUG] [net.minecraftforge.network.NetworkRegistry/NETREGISTRY]: Channel 'curios:main' : Version test of '1' from client : ACCEPTED
[20Dec2025 05:51:29.810] [Netty Epoll Server IO #6/DEBUG] [net.minecraftforge.network.NetworkRegistry/NETREGISTRY]: Channel 'balm:network' : Version test of '1.0' from client : ACCEPTED
[20Dec2025 05:51:29.810] [Netty Epoll Server IO #6/DEBUG] [net.minecraftforge.network.NetworkRegistry/NETREGISTRY]: Channel 'skinshuffle:handshake' : Version test of '' from client : ACCEPTED
[20Dec2025 05:51:29.810] [Netty Epoll Server IO #6/DEBUG] [net.minecraftforge.network.NetworkRegistry/NETREGISTRY]: Channel 'framework:handshake' : Version test of '1' from client : ACCEPTED
[20Dec2025 05:51:29.810] [Netty Epoll Server IO #6/DEBUG] [net.minecraftforge.network.NetworkRegistry/NETREGISTRY]: Channel 'fml:loginwrapper' : Version test of 'FML3' from client : ACCEPTED
[20Dec2025 05:51:29.810] [Netty Epoll Server IO #6/DEBUG] [net.minecraftforge.network.NetworkRegistry/NETREGISTRY]: Channel 'enchantinginfuser:1' : Version test of '1' from client : ACCEPTED
[20Dec2025 05:51:29.810] [Netty Epoll Server IO #6/DEBUG] [net.minecraftforge.network.NetworkRegistry/NETREGISTRY]: Channel 'mteg:play' : Version test of '1' from client : ACCEPTED
[20Dec2025 05:51:29.810] [Netty Epoll Server IO #6/DEBUG] [net.minecraftforge.network.NetworkRegistry/NETREGISTRY]: Channel 'ribbits:messages' : Version test of '1.0' from client : ACCEPTED
[20Dec2025 05:51:29.810] [Netty Epoll Server IO #6/DEBUG] [net.minecraftforge.network.NetworkRegistry/NETREGISTRY]: Channel 'forge:tier_sorting' : Version test of '1.0' from client : ACCEPTED
[20Dec2025 05:51:29.811] [Netty Epoll Server IO #6/DEBUG] [net.minecraftforge.network.NetworkRegistry/NETREGISTRY]: Channel 'trashslot:network' : Version test of '1.0' from client : ACCEPTED
[20Dec2025 05:51:29.811] [Netty Epoll Server IO #6/DEBUG] [net.minecraftforge.network.NetworkRegistry/NETREGISTRY]: Channel 'fml:play' : Version test of 'FML3' from client : ACCEPTED
[20Dec2025 05:51:29.811] [Netty Epoll Server IO #6/DEBUG] [net.minecraftforge.network.NetworkRegistry/NETREGISTRY]: Channel 'gravestone:default' : Version test of '1.0.0' from client : ACCEPTED
[20Dec2025 05:51:29.811] [Netty Epoll Server IO #6/DEBUG] [net.minecraftforge.network.NetworkRegistry/NETREGISTRY]: Channel 'fml:handshake' : Version test of 'FML3' from client : ACCEPTED
[20Dec2025 05:51:29.811] [Netty Epoll Server IO #6/DEBUG] [net.minecraftforge.network.NetworkRegistry/NETREGISTRY]: Channel 'horde_hoard:horde_hoard' : Version test of '1' from client : ACCEPTED
[20Dec2025 05:51:29.811] [Netty Epoll Server IO #6/DEBUG] [net.minecraftforge.network.NetworkRegistry/NETREGISTRY]: Channel 'minecraft:register' : Version test of 'FML3' from client : ACCEPTED
[20Dec2025 05:51:29.811] [Netty Epoll Server IO #6/DEBUG] [net.minecraftforge.network.NetworkRegistry/NETREGISTRY]: Channel 'forge:split' : Version test of '1.1' from client : ACCEPTED
[20Dec2025 05:51:29.811] [Netty Epoll Server IO #6/DEBUG] [net.minecraftforge.network.NetworkRegistry/NETREGISTRY]: Channel 'geckolib:main' : Version test of '1' from client : ACCEPTED
[20Dec2025 05:51:29.811] [Netty Epoll Server IO #6/DEBUG] [net.minecraftforge.network.NetworkRegistry/NETREGISTRY]: Channel 'jade:networking' : Version test of '2' from client : ACCEPTED
[20Dec2025 05:51:29.811] [Netty Epoll Server IO #6/DEBUG] [net.minecraftforge.network.NetworkRegistry/NETREGISTRY]: Channel 'waystones:network' : Version test of '1.0' from client : ACCEPTED
[20Dec2025 05:51:29.811] [Netty Epoll Server IO #6/DEBUG] [net.minecraftforge.network.NetworkRegistry/NETREGISTRY]: Channel 'skinshuffle:refresh' : Version test of '' from client : ACCEPTED
[20Dec2025 05:51:29.811] [Netty Epoll Server IO #6/DEBUG] [net.minecraftforge.network.NetworkRegistry/NETREGISTRY]: Accepting channel list from client
[20Dec2025 05:51:29.811] [Netty Epoll Server IO #6/DEBUG] [net.minecraftforge.network.HandshakeHandler/FMLHANDSHAKE]: Accepted client connection mod list
[20Dec2025 05:51:29.815] [Server thread/DEBUG] [net.minecraftforge.network.HandshakeHandler/FMLHANDSHAKE]: Sending ticking packet info 'Registry minecraft:particle_type' to 'fml:handshake' sequence 7
[20Dec2025 05:51:29.817] [Netty Epoll Server IO #6/DEBUG] [net.minecraftforge.network.LoginWrapper/FMLHANDSHAKE]: Recieved login wrapper packet event for channel fml:handshake with index 4
[20Dec2025 05:51:29.817] [Netty Epoll Server IO #6/DEBUG] [net.minecraftforge.network.HandshakeHandler/FMLHANDSHAKE]: Received client indexed reply 4 of type net.minecraftforge.network.HandshakeMessages$C2SAcknowledge
[20Dec2025 05:51:29.817] [Netty Epoll Server IO #6/DEBUG] [net.minecraftforge.network.HandshakeHandler/FMLHANDSHAKE]: Received acknowledgement from client
[20Dec2025 05:51:29.817] [Netty Epoll Server IO #6/DEBUG] [net.minecraftforge.network.LoginWrapper/FMLHANDSHAKE]: Recieved login wrapper packet event for channel fml:handshake with index 5
[20Dec2025 05:51:29.817] [Netty Epoll Server IO #6/DEBUG] [net.minecraftforge.network.HandshakeHandler/FMLHANDSHAKE]: Received client indexed reply 5 of type net.minecraftforge.network.HandshakeMessages$C2SAcknowledge
[20Dec2025 05:51:29.817] [Netty Epoll Server IO #6/DEBUG] [net.minecraftforge.network.HandshakeHandler/FMLHANDSHAKE]: Received acknowledgement from client
[20Dec2025 05:51:29.866] [Server thread/DEBUG] [net.minecraftforge.network.HandshakeHandler/FMLHANDSHAKE]: Sending ticking packet info 'Registry minecraft:villager_profession' to 'fml:handshake' sequence 8
[20Dec2025 05:51:29.897] [Netty Epoll Server IO #6/DEBUG] [net.minecraftforge.network.LoginWrapper/FMLHANDSHAKE]: Recieved login wrapper packet event for channel fml:handshake with index 6
[20Dec2025 05:51:29.897] [Netty Epoll Server IO #6/DEBUG] [net.minecraftforge.network.HandshakeHandler/FMLHANDSHAKE]: Received client indexed reply 6 of type net.minecraftforge.network.HandshakeMessages$C2SAcknowledge
[20Dec2025 05:51:29.897] [Netty Epoll Server IO #6/DEBUG] [net.minecraftforge.network.HandshakeHandler/FMLHANDSHAKE]: Received acknowledgement from client
[20Dec2025 05:51:29.897] [Netty Epoll Server IO #6/DEBUG] [net.minecraftforge.network.LoginWrapper/FMLHANDSHAKE]: Recieved login wrapper packet event for channel fml:handshake with index 7
[20Dec2025 05:51:29.897] [Netty Epoll Server IO #6/DEBUG] [net.minecraftforge.network.HandshakeHandler/FMLHANDSHAKE]: Received client indexed reply 7 of type net.minecraftforge.network.HandshakeMessages$C2SAcknowledge
[20Dec2025 05:51:29.897] [Netty Epoll Server IO #6/DEBUG] [net.minecraftforge.network.HandshakeHandler/FMLHANDSHAKE]: Received acknowledgement from client
[20Dec2025 05:51:29.916] [Server thread/DEBUG] [net.minecraftforge.network.HandshakeHandler/FMLHANDSHAKE]: Sending ticking packet info 'Registry minecraft:item' to 'fml:handshake' sequence 9
[20Dec2025 05:51:29.929] [Netty Epoll Server IO #6/DEBUG] [net.minecraftforge.network.LoginWrapper/FMLHANDSHAKE]: Recieved login wrapper packet event for channel fml:handshake with index 8
[20Dec2025 05:51:29.929] [Netty Epoll Server IO #6/DEBUG] [net.minecraftforge.network.HandshakeHandler/FMLHANDSHAKE]: Received client indexed reply 8 of type net.minecraftforge.network.HandshakeMessages$C2SAcknowledge
[20Dec2025 05:51:29.929] [Netty Epoll Server IO #6/DEBUG] [net.minecraftforge.network.HandshakeHandler/FMLHANDSHAKE]: Received acknowledgement from client
[20Dec2025 05:51:29.965] [Server thread/DEBUG] [net.minecraftforge.network.HandshakeHandler/FMLHANDSHAKE]: Sending ticking packet info 'Registry minecraft:potion' to 'fml:handshake' sequence 10
[20Dec2025 05:51:30.015] [Server thread/DEBUG] [net.minecraftforge.network.HandshakeHandler/FMLHANDSHAKE]: Sending ticking packet info 'Registry minecraft:painting_variant' to 'fml:handshake' sequence 11
[20Dec2025 05:51:30.048] [Netty Epoll Server IO #6/DEBUG] [net.minecraftforge.network.LoginWrapper/FMLHANDSHAKE]: Recieved login wrapper packet event for channel fml:handshake with index 9
[20Dec2025 05:51:30.048] [Netty Epoll Server IO #6/DEBUG] [net.minecraftforge.network.HandshakeHandler/FMLHANDSHAKE]: Received client indexed reply 9 of type net.minecraftforge.network.HandshakeMessages$C2SAcknowledge
[20Dec2025 05:51:30.048] [Netty Epoll Server IO #6/DEBUG] [net.minecraftforge.network.HandshakeHandler/FMLHANDSHAKE]: Received acknowledgement from client
[20Dec2025 05:51:30.049] [Netty Epoll Server IO #6/DEBUG] [net.minecraftforge.network.LoginWrapper/FMLHANDSHAKE]: Recieved login wrapper packet event for channel fml:handshake with index 10
[20Dec2025 05:51:30.049] [Netty Epoll Server IO #6/DEBUG] [net.minecraftforge.network.HandshakeHandler/FMLHANDSHAKE]: Received client indexed reply 10 of type net.minecraftforge.network.HandshakeMessages$C2SAcknowledge
[20Dec2025 05:51:30.049] [Netty Epoll Server IO #6/DEBUG] [net.minecraftforge.network.HandshakeHandler/FMLHANDSHAKE]: Received acknowledgement from client
[20Dec2025 05:51:30.065] [Server thread/DEBUG] [net.minecraftforge.network.HandshakeHandler/FMLHANDSHAKE]: Sending ticking packet info 'Registry forge:fluid_type' to 'fml:handshake' sequence 12
[20Dec2025 05:51:30.076] [Netty Epoll Server IO #6/DEBUG] [net.minecraftforge.network.LoginWrapper/FMLHANDSHAKE]: Recieved login wrapper packet event for channel fml:handshake with index 11
[20Dec2025 05:51:30.076] [Netty Epoll Server IO #6/DEBUG] [net.minecraftforge.network.HandshakeHandler/FMLHANDSHAKE]: Received client indexed reply 11 of type net.minecraftforge.network.HandshakeMessages$C2SAcknowledge
[20Dec2025 05:51:30.076] [Netty Epoll Server IO #6/DEBUG] [net.minecraftforge.network.HandshakeHandler/FMLHANDSHAKE]: Received acknowledgement from client
[20Dec2025 05:51:30.115] [Server thread/DEBUG] [net.minecraftforge.network.HandshakeHandler/FMLHANDSHAKE]: Sending ticking packet info 'Registry minecraft:block_entity_type' to 'fml:handshake' sequence 13
[20Dec2025 05:51:30.128] [Netty Epoll Server IO #6/DEBUG] [net.minecraftforge.network.LoginWrapper/FMLHANDSHAKE]: Recieved login wrapper packet event for channel fml:handshake with index 12
[20Dec2025 05:51:30.128] [Netty Epoll Server IO #6/DEBUG] [net.minecraftforge.network.HandshakeHandler/FMLHANDSHAKE]: Received client indexed reply 12 of type net.minecraftforge.network.HandshakeMessages$C2SAcknowledge
[20Dec2025 05:51:30.128] [Netty Epoll Server IO #6/DEBUG] [net.minecraftforge.network.HandshakeHandler/FMLHANDSHAKE]: Received acknowledgement from client
[20Dec2025 05:51:30.165] [Server thread/DEBUG] [net.minecraftforge.network.HandshakeHandler/FMLHANDSHAKE]: Sending ticking packet info 'Registry forge:display_contexts' to 'fml:handshake' sequence 14
[20Dec2025 05:51:30.178] [Netty Epoll Server IO #6/DEBUG] [net.minecraftforge.network.LoginWrapper/FMLHANDSHAKE]: Recieved login wrapper packet event for channel fml:handshake with index 13
[20Dec2025 05:51:30.178] [Netty Epoll Server IO #6/DEBUG] [net.minecraftforge.network.HandshakeHandler/FMLHANDSHAKE]: Received client indexed reply 13 of type net.minecraftforge.network.HandshakeMessages$C2SAcknowledge
[20Dec2025 05:51:30.178] [Netty Epoll Server IO #6/DEBUG] [net.minecraftforge.network.HandshakeHandler/FMLHANDSHAKE]: Received acknowledgement from client
[20Dec2025 05:51:30.214] [Server thread/DEBUG] [net.minecraftforge.network.HandshakeHandler/FMLHANDSHAKE]: Sending ticking packet info 'Registry minecraft:block' to 'fml:handshake' sequence 15
[20Dec2025 05:51:30.229] [Netty Epoll Server IO #6/DEBUG] [net.minecraftforge.network.LoginWrapper/FMLHANDSHAKE]: Recieved login wrapper packet event for channel fml:handshake with index 14
[20Dec2025 05:51:30.229] [Netty Epoll Server IO #6/DEBUG] [net.minecraftforge.network.HandshakeHandler/FMLHANDSHAKE]: Received client indexed reply 14 of type net.minecraftforge.network.HandshakeMessages$C2SAcknowledge
[20Dec2025 05:51:30.229] [Netty Epoll Server IO #6/DEBUG] [net.minecraftforge.network.HandshakeHandler/FMLHANDSHAKE]: Received acknowledgement from client
[20Dec2025 05:51:30.268] [Server thread/DEBUG] [net.minecraftforge.network.HandshakeHandler/FMLHANDSHAKE]: Sending ticking packet info 'Registry forge:entity_data_serializers' to 'fml:handshake' sequence 16
[20Dec2025 05:51:30.285] [Netty Epoll Server IO #6/DEBUG] [net.minecraftforge.network.LoginWrapper/FMLHANDSHAKE]: Recieved login wrapper packet event for channel fml:handshake with index 15
[20Dec2025 05:51:30.285] [Netty Epoll Server IO #6/DEBUG] [net.minecraftforge.network.HandshakeHandler/FMLHANDSHAKE]: Received client indexed reply 15 of type net.minecraftforge.network.HandshakeMessages$C2SAcknowledge
[20Dec2025 05:51:30.285] [Netty Epoll Server IO #6/DEBUG] [net.minecraftforge.network.HandshakeHandler/FMLHANDSHAKE]: Received acknowledgement from client
[20Dec2025 05:51:30.315] [Server thread/DEBUG] [net.minecraftforge.network.HandshakeHandler/FMLHANDSHAKE]: Sending ticking packet info 'Registry minecraft:mob_effect' to 'fml:handshake' sequence 17
[20Dec2025 05:51:30.331] [Netty Epoll Server IO #6/DEBUG] [net.minecraftforge.network.LoginWrapper/FMLHANDSHAKE]: Recieved login wrapper packet event for channel fml:handshake with index 16
[20Dec2025 05:51:30.331] [Netty Epoll Server IO #6/DEBUG] [net.minecraftforge.network.HandshakeHandler/FMLHANDSHAKE]: Received client indexed reply 16 of type net.minecraftforge.network.HandshakeMessages$C2SAcknowledge
[20Dec2025 05:51:30.331] [Netty Epoll Server IO #6/DEBUG] [net.minecraftforge.network.HandshakeHandler/FMLHANDSHAKE]: Received acknowledgement from client
[20Dec2025 05:51:30.366] [Server thread/DEBUG] [net.minecraftforge.network.HandshakeHandler/FMLHANDSHAKE]: Sending ticking packet info 'Registry minecraft:stat_type' to 'fml:handshake' sequence 18
[20Dec2025 05:51:30.377] [Netty Epoll Server IO #6/DEBUG] [net.minecraftforge.network.LoginWrapper/FMLHANDSHAKE]: Recieved login wrapper packet event for channel fml:handshake with index 17
[20Dec2025 05:51:30.377] [Netty Epoll Server IO #6/DEBUG] [net.minecraftforge.network.HandshakeHandler/FMLHANDSHAKE]: Received client indexed reply 17 of type net.minecraftforge.network.HandshakeMessages$C2SAcknowledge
[20Dec2025 05:51:30.377] [Netty Epoll Server IO #6/DEBUG] [net.minecraftforge.network.HandshakeHandler/FMLHANDSHAKE]: Received acknowledgement from client
[20Dec2025 05:51:30.413] [Server thread/DEBUG] [net.minecraftforge.network.HandshakeHandler/FMLHANDSHAKE]: Sending ticking packet info 'Registry minecraft:menu' to 'fml:handshake' sequence 19
[20Dec2025 05:51:30.428] [Netty Epoll Server IO #6/DEBUG] [net.minecraftforge.network.LoginWrapper/FMLHANDSHAKE]: Recieved login wrapper packet event for channel fml:handshake with index 18
[20Dec2025 05:51:30.428] [Netty Epoll Server IO #6/DEBUG] [net.minecraftforge.network.HandshakeHandler/FMLHANDSHAKE]: Received client indexed reply 18 of type net.minecraftforge.network.HandshakeMessages$C2SAcknowledge
[20Dec2025 05:51:30.428] [Netty Epoll Server IO #6/DEBUG] [net.minecraftforge.network.HandshakeHandler/FMLHANDSHAKE]: Received acknowledgement from client
[20Dec2025 05:51:30.464] [Server thread/DEBUG] [net.minecraftforge.network.HandshakeHandler/FMLHANDSHAKE]: Sending ticking packet info 'Registry minecraft:enchantment' to 'fml:handshake' sequence 20
[20Dec2025 05:51:30.475] [Netty Epoll Server IO #6/DEBUG] [net.minecraftforge.network.LoginWrapper/FMLHANDSHAKE]: Recieved login wrapper packet event for channel fml:handshake with index 19
[20Dec2025 05:51:30.475] [Netty Epoll Server IO #6/DEBUG] [net.minecraftforge.network.HandshakeHandler/FMLHANDSHAKE]: Received client indexed reply 19 of type net.minecraftforge.network.HandshakeMessages$C2SAcknowledge
[20Dec2025 05:51:30.475] [Netty Epoll Server IO #6/DEBUG] [net.minecraftforge.network.HandshakeHandler/FMLHANDSHAKE]: Received acknowledgement from client
[20Dec2025 05:51:30.515] [Server thread/DEBUG] [net.minecraftforge.network.HandshakeHandler/FMLHANDSHAKE]: Sending ticking packet info 'Registry minecraft:fluid' to 'fml:handshake' sequence 21
[20Dec2025 05:51:30.528] [Netty Epoll Server IO #6/DEBUG] [net.minecraftforge.network.LoginWrapper/FMLHANDSHAKE]: Recieved login wrapper packet event for channel fml:handshake with index 20
[20Dec2025 05:51:30.528] [Netty Epoll Server IO #6/DEBUG] [net.minecraftforge.network.HandshakeHandler/FMLHANDSHAKE]: Received client indexed reply 20 of type net.minecraftforge.network.HandshakeMessages$C2SAcknowledge
[20Dec2025 05:51:30.528] [Netty Epoll Server IO #6/DEBUG] [net.minecraftforge.network.HandshakeHandler/FMLHANDSHAKE]: Received acknowledgement from client
[20Dec2025 05:51:30.566] [Server thread/DEBUG] [net.minecraftforge.network.HandshakeHandler/FMLHANDSHAKE]: Sending ticking packet info 'Registry minecraft:entity_type' to 'fml:handshake' sequence 22
[20Dec2025 05:51:30.576] [Netty Epoll Server IO #6/DEBUG] [net.minecraftforge.network.LoginWrapper/FMLHANDSHAKE]: Recieved login wrapper packet event for channel fml:handshake with index 21
[20Dec2025 05:51:30.576] [Netty Epoll Server IO #6/DEBUG] [net.minecraftforge.network.HandshakeHandler/FMLHANDSHAKE]: Received client indexed reply 21 of type net.minecraftforge.network.HandshakeMessages$C2SAcknowledge
[20Dec2025 05:51:30.576] [Netty Epoll Server IO #6/DEBUG] [net.minecraftforge.network.HandshakeHandler/FMLHANDSHAKE]: Received acknowledgement from client
[20Dec2025 05:51:30.615] [Server thread/DEBUG] [net.minecraftforge.network.HandshakeHandler/FMLHANDSHAKE]: Sending ticking packet info 'Config curios-server.toml' to 'fml:handshake' sequence 23
[20Dec2025 05:51:30.667] [Server thread/DEBUG] [net.minecraftforge.network.HandshakeHandler/FMLHANDSHAKE]: Sending ticking packet info 'Config jeg-server.toml' to 'fml:handshake' sequence 24
[20Dec2025 05:51:30.716] [Server thread/DEBUG] [net.minecraftforge.network.HandshakeHandler/FMLHANDSHAKE]: Sending ticking packet info 'Config gravestone-server.toml' to 'fml:handshake' sequence 25
[20Dec2025 05:51:30.766] [Server thread/DEBUG] [net.minecraftforge.network.HandshakeHandler/FMLHANDSHAKE]: Sending ticking packet info 'Config travelersbackpack-server.toml' to 'fml:handshake' sequence 26
[20Dec2025 05:51:30.816] [Server thread/DEBUG] [net.minecraftforge.network.HandshakeHandler/FMLHANDSHAKE]: Sending ticking packet info 'Config enchantinginfuser-server.toml' to 'fml:handshake' sequence 27
[20Dec2025 05:51:30.870] [Server thread/DEBUG] [net.minecraftforge.network.HandshakeHandler/FMLHANDSHAKE]: Sending ticking packet info 'Config jei-server.toml' to 'fml:handshake' sequence 28
[20Dec2025 05:51:30.915] [Server thread/DEBUG] [net.minecraftforge.network.HandshakeHandler/FMLHANDSHAKE]: Sending ticking packet info 'Config forge-server.toml' to 'fml:handshake' sequence 29
[20Dec2025 05:51:32.866] [Netty Epoll Server IO #6/DEBUG] [net.minecraftforge.network.LoginWrapper/FMLHANDSHAKE]: Recieved login wrapper packet event for channel fml:handshake with index 22
[20Dec2025 05:51:32.866] [Netty Epoll Server IO #6/DEBUG] [net.minecraftforge.network.HandshakeHandler/FMLHANDSHAKE]: Received client indexed reply 22 of type net.minecraftforge.network.HandshakeMessages$C2SAcknowledge
[20Dec2025 05:51:32.866] [Netty Epoll Server IO #6/DEBUG] [net.minecraftforge.network.HandshakeHandler/FMLHANDSHAKE]: Received acknowledgement from client
[20Dec2025 05:51:32.869] [Netty Epoll Server IO #6/DEBUG] [net.minecraftforge.network.LoginWrapper/FMLHANDSHAKE]: Recieved login wrapper packet event for channel fml:handshake with index 23
[20Dec2025 05:51:32.869] [Netty Epoll Server IO #6/DEBUG] [net.minecraftforge.network.HandshakeHandler/FMLHANDSHAKE]: Received client indexed reply 23 of type net.minecraftforge.network.HandshakeMessages$C2SAcknowledge
[20Dec2025 05:51:32.869] [Netty Epoll Server IO #6/DEBUG] [net.minecraftforge.network.HandshakeHandler/FMLHANDSHAKE]: Received acknowledgement from client
[20Dec2025 05:51:32.870] [Netty Epoll Server IO #6/DEBUG] [net.minecraftforge.network.LoginWrapper/FMLHANDSHAKE]: Recieved login wrapper packet event for channel fml:handshake with index 24
[20Dec2025 05:51:32.870] [Netty Epoll Server IO #6/DEBUG] [net.minecraftforge.network.HandshakeHandler/FMLHANDSHAKE]: Received client indexed reply 24 of type net.minecraftforge.network.HandshakeMessages$C2SAcknowledge
[20Dec2025 05:51:32.870] [Netty Epoll Server IO #6/DEBUG] [net.minecraftforge.network.HandshakeHandler/FMLHANDSHAKE]: Received acknowledgement from client
[20Dec2025 05:51:32.873] [Netty Epoll Server IO #6/DEBUG] [net.minecraftforge.network.LoginWrapper/FMLHANDSHAKE]: Recieved login wrapper packet event for channel fml:handshake with index 25
[20Dec2025 05:51:32.873] [Netty Epoll Server IO #6/DEBUG] [net.minecraftforge.network.HandshakeHandler/FMLHANDSHAKE]: Received client indexed reply 25 of type net.minecraftforge.network.HandshakeMessages$C2SAcknowledge
[20Dec2025 05:51:32.873] [Netty Epoll Server IO #6/DEBUG] [net.minecraftforge.network.HandshakeHandler/FMLHANDSHAKE]: Received acknowledgement from client
[20Dec2025 05:51:32.885] [Netty Epoll Server IO #6/DEBUG] [net.minecraftforge.network.LoginWrapper/FMLHANDSHAKE]: Recieved login wrapper packet event for channel fml:handshake with index 26
[20Dec2025 05:51:32.885] [Netty Epoll Server IO #6/DEBUG] [net.minecraftforge.network.HandshakeHandler/FMLHANDSHAKE]: Received client indexed reply 26 of type net.minecraftforge.network.HandshakeMessages$C2SAcknowledge
[20Dec2025 05:51:32.885] [Netty Epoll Server IO #6/DEBUG] [net.minecraftforge.network.HandshakeHandler/FMLHANDSHAKE]: Received acknowledgement from client
[20Dec2025 05:51:32.890] [Netty Epoll Server IO #6/DEBUG] [net.minecraftforge.network.LoginWrapper/FMLHANDSHAKE]: Recieved login wrapper packet event for channel fml:handshake with index 27
[20Dec2025 05:51:32.890] [Netty Epoll Server IO #6/DEBUG] [net.minecraftforge.network.HandshakeHandler/FMLHANDSHAKE]: Received client indexed reply 27 of type net.minecraftforge.network.HandshakeMessages$C2SAcknowledge
[20Dec2025 05:51:32.890] [Netty Epoll Server IO #6/DEBUG] [net.minecraftforge.network.HandshakeHandler/FMLHANDSHAKE]: Received acknowledgement from client
[20Dec2025 05:51:32.891] [Netty Epoll Server IO #6/DEBUG] [net.minecraftforge.network.LoginWrapper/FMLHANDSHAKE]: Recieved login wrapper packet event for channel fml:handshake with index 28
[20Dec2025 05:51:32.891] [Netty Epoll Server IO #6/DEBUG] [net.minecraftforge.network.HandshakeHandler/FMLHANDSHAKE]: Received client indexed reply 28 of type net.minecraftforge.network.HandshakeMessages$C2SAcknowledge
[20Dec2025 05:51:32.891] [Netty Epoll Server IO #6/DEBUG] [net.minecraftforge.network.HandshakeHandler/FMLHANDSHAKE]: Received acknowledgement from client
[20Dec2025 05:51:32.892] [Netty Epoll Server IO #6/DEBUG] [net.minecraftforge.network.LoginWrapper/FMLHANDSHAKE]: Recieved login wrapper packet event for channel fml:handshake with index 29
[20Dec2025 05:51:32.892] [Netty Epoll Server IO #6/DEBUG] [net.minecraftforge.network.HandshakeHandler/FMLHANDSHAKE]: Received client indexed reply 29 of type net.minecraftforge.network.HandshakeMessages$C2SAcknowledge
[20Dec2025 05:51:32.892] [Netty Epoll Server IO #6/DEBUG] [net.minecraftforge.network.HandshakeHandler/FMLHANDSHAKE]: Received acknowledgement from client
[20Dec2025 05:51:32.914] [Server thread/DEBUG] [net.minecraftforge.network.HandshakeHandler/FMLHANDSHAKE]: Handshake complete!
[20Dec2025 05:51:32.967] [ForkJoinPool.commonPool-worker-11/DEBUG] [SkinRestorer/]: Fetching Crowdante53's skin
[20Dec2025 05:51:33.276] [Server thread/INFO] [net.minecraft.server.players.PlayerList/]: Crowdante53[/127.58.36.201:38279] logged in with entity id 43012 at (-119.60058898466282, 63.0, 50.290190535234686)
[20Dec2025 05:51:33.277] [Server thread/DEBUG] [net.minecraftforge.network.filters.NetworkFilters/]: Injected net.minecraftforge.network.filters.ForgeConnectionNetworkFilter@703bf99e into net.minecraft.network.Connection@579ff260
[20Dec2025 05:51:33.282] [Server thread/INFO] [net.minecraft.server.MinecraftServer/]: Crowdante53 joined the game
[20Dec2025 05:51:33.303] [Server thread/INFO] [Jade/]: Syncing config to Crowdante53 (8744c8f4-4c4b-3768-9a3b-15d229f12b52)
[20Dec2025 05:53:35.840] [Server thread/DEBUG] [net.minecraftforge.common.ForgeHooks/WP]: Gathering id map for writing to world save world
[20Dec2025 05:53:35.847] [Server thread/DEBUG] [net.minecraftforge.common.ForgeHooks/WP]: ID Map collection complete world
[20Dec2025 05:54:20.723] [Server thread/INFO] [net.minecraft.server.MinecraftServer/]: TheAstoria1090 has made the advancement [What a Deal!]
[20Dec2025 05:58:35.835] [Server thread/DEBUG] [net.minecraftforge.common.ForgeHooks/WP]: Gathering id map for writing to world save world
[20Dec2025 05:58:35.842] [Server thread/DEBUG] [net.minecraftforge.common.ForgeHooks/WP]: ID Map collection complete world
[20Dec2025 06:02:47.364] [Server thread/INFO] [net.minecraft.server.network.ServerGamePacketListenerImpl/]: Crowdante53 lost connection: Disconnected
[20Dec2025 06:02:47.364] [Server thread/INFO] [net.minecraft.server.MinecraftServer/]: Crowdante53 left the game
[20Dec2025 06:03:35.832] [Server thread/DEBUG] [net.minecraftforge.common.ForgeHooks/WP]: Gathering id map for writing to world save world
[20Dec2025 06:03:35.839] [Server thread/DEBUG] [net.minecraftforge.common.ForgeHooks/WP]: ID Map collection complete world
[20Dec2025 06:08:35.832] [Server thread/DEBUG] [net.minecraftforge.common.ForgeHooks/WP]: Gathering id map for writing to world save world
[20Dec2025 06:08:35.839] [Server thread/DEBUG] [net.minecraftforge.common.ForgeHooks/WP]: ID Map collection complete world
[20Dec2025 06:13:35.833] [Server thread/DEBUG] [net.minecraftforge.common.ForgeHooks/WP]: Gathering id map for writing to world save world
[20Dec2025 06:13:35.840] [Server thread/DEBUG] [net.minecraftforge.common.ForgeHooks/WP]: ID Map collection complete world
[20Dec2025 06:16:57.681] [Server thread/WARN] [net.minecraft.server.network.ServerGamePacketListenerImpl/]: AcidD_x moved too quickly! -8.281320124434487,1.0,5.936956727645892
[20Dec2025 06:18:28.532] [Netty Epoll Server IO #1/DEBUG] [net.minecraftforge.network.HandshakeHandler/FMLHANDSHAKE]: Starting new modded impl connection. Found 30 messages to dispatch.
[20Dec2025 06:18:28.617] [Server thread/DEBUG] [net.minecraftforge.network.HandshakeHandler/FMLHANDSHAKE]: Sending ticking packet info 'jeg:custom_gun_manager' to 'framework:handshake' sequence 0
[20Dec2025 06:18:28.668] [Server thread/DEBUG] [net.minecraftforge.network.HandshakeHandler/FMLHANDSHAKE]: Sending ticking packet info 'jeg:network_gun_manager' to 'framework:handshake' sequence 1
[20Dec2025 06:18:28.690] [Netty Epoll Server IO #1/DEBUG] [net.minecraftforge.network.LoginWrapper/FMLHANDSHAKE]: Recieved login wrapper packet event for channel framework:handshake with index 0
[20Dec2025 06:18:28.690] [Netty Epoll Server IO #1/DEBUG] [net.minecraftforge.network.HandshakeHandler/FMLHANDSHAKE]: Received client indexed reply 0 of type com.mrcrayfish.framework.api.network.message.HandshakeMessage$Acknowledge
[20Dec2025 06:18:28.690] [Netty Epoll Server IO #1/DEBUG] [Framework/FRAMEWORK_HANDSHAKE]: Received acknowledgement from client
[20Dec2025 06:18:28.717] [Server thread/DEBUG] [net.minecraftforge.network.HandshakeHandler/FMLHANDSHAKE]: Sending ticking packet info 'net.minecraftforge.network.HandshakeMessages$S2CModData' to 'fml:handshake' sequence 2
[20Dec2025 06:18:28.765] [Server thread/DEBUG] [net.minecraftforge.network.HandshakeHandler/FMLHANDSHAKE]: Sending ticking packet info 'net.minecraftforge.network.HandshakeMessages$S2CModList' to 'fml:handshake' sequence 3
[20Dec2025 06:18:28.816] [Server thread/DEBUG] [net.minecraftforge.network.HandshakeHandler/FMLHANDSHAKE]: Sending ticking packet info 'Registry minecraft:command_argument_type' to 'fml:handshake' sequence 4
[20Dec2025 06:18:28.864] [Server thread/DEBUG] [net.minecraftforge.network.HandshakeHandler/FMLHANDSHAKE]: Sending ticking packet info 'Registry minecraft:recipe_serializer' to 'fml:handshake' sequence 5
[20Dec2025 06:18:28.918] [Server thread/DEBUG] [net.minecraftforge.network.HandshakeHandler/FMLHANDSHAKE]: Sending ticking packet info 'Registry minecraft:sound_event' to 'fml:handshake' sequence 6
[20Dec2025 06:18:28.942] [Netty Epoll Server IO #1/DEBUG] [net.minecraftforge.network.LoginWrapper/FMLHANDSHAKE]: Recieved login wrapper packet event for channel framework:handshake with index 1
[20Dec2025 06:18:28.942] [Netty Epoll Server IO #1/DEBUG] [net.minecraftforge.network.HandshakeHandler/FMLHANDSHAKE]: Received client indexed reply 1 of type com.mrcrayfish.framework.api.network.message.HandshakeMessage$Acknowledge
[20Dec2025 06:18:28.942] [Netty Epoll Server IO #1/DEBUG] [Framework/FRAMEWORK_HANDSHAKE]: Received acknowledgement from client
[20Dec2025 06:18:28.951] [Netty Epoll Server IO #1/DEBUG] [net.minecraftforge.network.LoginWrapper/FMLHANDSHAKE]: Recieved login wrapper packet event for channel fml:handshake with index 3
[20Dec2025 06:18:28.951] [Netty Epoll Server IO #1/DEBUG] [net.minecraftforge.network.HandshakeHandler/FMLHANDSHAKE]: Received client indexed reply 3 of type net.minecraftforge.network.HandshakeMessages$C2SModListReply
[20Dec2025 06:18:28.951] [Netty Epoll Server IO #1/DEBUG] [net.minecraftforge.network.HandshakeHandler/FMLHANDSHAKE]: Received client connection with modlist [minecraft, emi, man_of_many_planes, kuma_api, block_factorys_bosses, trashslot, netherexp, protectmobsfromdaylight, jade, geckolib, elysium_api, jei, jeg, goblintraders, immersive_aircraft, ribbits, curios, bettercaves, underground_bunkers, easy_emerald, waystones, gravestone, citadel, travelersbackpack, zombieawareness, yungsapi, mixinextras, gobber2, dungeoncrawl, coroutil, warfare_wings, aiimprovements, iceandfire, balm, puzzleslib, framework, puzzlesaccessapi, cloth_config, forge, horde_hoard, mteg, enchantinginfuser, skinrestorer]
[20Dec2025 06:18:28.951] [Netty Epoll Server IO #1/DEBUG] [net.minecraftforge.network.NetworkRegistry/NETREGISTRY]: Channel 'skinshuffle:skin_refresh' : Version test of '' from client : ACCEPTED
[20Dec2025 06:18:28.951] [Netty Epoll Server IO #1/DEBUG] [net.minecraftforge.network.NetworkRegistry/NETREGISTRY]: Channel 'block_factorys_bosses:block_factorys_bosses' : Version test of '1' from client : ACCEPTED
[20Dec2025 06:18:28.951] [Netty Epoll Server IO #1/DEBUG] [net.minecraftforge.network.NetworkRegistry/NETREGISTRY]: Channel 'jei:channel' : Version test of '1.0.0' from client : ACCEPTED
[20Dec2025 06:18:28.951] [Netty Epoll Server IO #1/DEBUG] [net.minecraftforge.network.NetworkRegistry/NETREGISTRY]: Channel 'minecraft:unregister' : Version test of 'FML3' from client : ACCEPTED
[20Dec2025 06:18:28.951] [Netty Epoll Server IO #1/DEBUG] [net.minecraftforge.network.NetworkRegistry/NETREGISTRY]: Channel 'ic_air:main' : Version test of '1' from client : ACCEPTED
[20Dec2025 06:18:28.951] [Netty Epoll Server IO #1/DEBUG] [net.minecraftforge.network.NetworkRegistry/NETREGISTRY]: Channel 'citadel:main_channel' : Version test of '1' from client : ACCEPTED
[20Dec2025 06:18:28.951] [Netty Epoll Server IO #1/DEBUG] [net.minecraftforge.network.NetworkRegistry/NETREGISTRY]: Channel 'puzzleslib:1' : Version test of '1' from client : ACCEPTED
[20Dec2025 06:18:28.951] [Netty Epoll Server IO #1/DEBUG] [net.minecraftforge.network.NetworkRegistry/NETREGISTRY]: Channel 'jeg:play' : Version test of '1' from client : ACCEPTED
[20Dec2025 06:18:28.951] [Netty Epoll Server IO #1/DEBUG] [net.minecraftforge.network.NetworkRegistry/NETREGISTRY]: Channel 'iceandfire:main_channel' : Version test of '1' from client : ACCEPTED
[20Dec2025 06:18:28.951] [Netty Epoll Server IO #1/DEBUG] [net.minecraftforge.network.NetworkRegistry/NETREGISTRY]: Channel 'emi:emi' : Version test of '0' from client : ACCEPTED
[20Dec2025 06:18:28.951] [Netty Epoll Server IO #1/DEBUG] [net.minecraftforge.network.NetworkRegistry/NETREGISTRY]: Channel 'framework:play' : Version test of '1' from client : ACCEPTED
[20Dec2025 06:18:28.951] [Netty Epoll Server IO #1/DEBUG] [net.minecraftforge.network.NetworkRegistry/NETREGISTRY]: Channel 'travelersbackpack:network' : Version test of 'travelersbackpack:1' from client : ACCEPTED
[20Dec2025 06:18:28.951] [Netty Epoll Server IO #1/DEBUG] [net.minecraftforge.network.NetworkRegistry/NETREGISTRY]: Channel 'curios:main' : Version test of '1' from client : ACCEPTED
[20Dec2025 06:18:28.951] [Netty Epoll Server IO #1/DEBUG] [net.minecraftforge.network.NetworkRegistry/NETREGISTRY]: Channel 'balm:network' : Version test of '1.0' from client : ACCEPTED
[20Dec2025 06:18:28.951] [Netty Epoll Server IO #1/DEBUG] [net.minecraftforge.network.NetworkRegistry/NETREGISTRY]: Channel 'skinshuffle:handshake' : Version test of '' from client : ACCEPTED
[20Dec2025 06:18:28.951] [Netty Epoll Server IO #1/DEBUG] [net.minecraftforge.network.NetworkRegistry/NETREGISTRY]: Channel 'framework:handshake' : Version test of '1' from client : ACCEPTED
[20Dec2025 06:18:28.951] [Netty Epoll Server IO #1/DEBUG] [net.minecraftforge.network.NetworkRegistry/NETREGISTRY]: Channel 'fml:loginwrapper' : Version test of 'FML3' from client : ACCEPTED
[20Dec2025 06:18:28.951] [Netty Epoll Server IO #1/DEBUG] [net.minecraftforge.network.NetworkRegistry/NETREGISTRY]: Channel 'enchantinginfuser:1' : Version test of '1' from client : ACCEPTED
[20Dec2025 06:18:28.951] [Netty Epoll Server IO #1/DEBUG] [net.minecraftforge.network.NetworkRegistry/NETREGISTRY]: Channel 'mteg:play' : Version test of '1' from client : ACCEPTED
[20Dec2025 06:18:28.951] [Netty Epoll Server IO #1/DEBUG] [net.minecraftforge.network.NetworkRegistry/NETREGISTRY]: Channel 'ribbits:messages' : Version test of '1.0' from client : ACCEPTED
[20Dec2025 06:18:28.951] [Netty Epoll Server IO #1/DEBUG] [net.minecraftforge.network.NetworkRegistry/NETREGISTRY]: Channel 'forge:tier_sorting' : Version test of '1.0' from client : ACCEPTED
[20Dec2025 06:18:28.951] [Netty Epoll Server IO #1/DEBUG] [net.minecraftforge.network.NetworkRegistry/NETREGISTRY]: Channel 'trashslot:network' : Version test of '1.0' from client : ACCEPTED
[20Dec2025 06:18:28.951] [Netty Epoll Server IO #1/DEBUG] [net.minecraftforge.network.NetworkRegistry/NETREGISTRY]: Channel 'fml:play' : Version test of 'FML3' from client : ACCEPTED
[20Dec2025 06:18:28.951] [Netty Epoll Server IO #1/DEBUG] [net.minecraftforge.network.NetworkRegistry/NETREGISTRY]: Channel 'gravestone:default' : Version test of '1.0.0' from client : ACCEPTED
[20Dec2025 06:18:28.951] [Netty Epoll Server IO #1/DEBUG] [net.minecraftforge.network.NetworkRegistry/NETREGISTRY]: Channel 'fml:handshake' : Version test of 'FML3' from client : ACCEPTED
[20Dec2025 06:18:28.951] [Netty Epoll Server IO #1/DEBUG] [net.minecraftforge.network.NetworkRegistry/NETREGISTRY]: Channel 'horde_hoard:horde_hoard' : Version test of '1' from client : ACCEPTED
[20Dec2025 06:18:28.951] [Netty Epoll Server IO #1/DEBUG] [net.minecraftforge.network.NetworkRegistry/NETREGISTRY]: Channel 'minecraft:register' : Version test of 'FML3' from client : ACCEPTED
[20Dec2025 06:18:28.951] [Netty Epoll Server IO #1/DEBUG] [net.minecraftforge.network.NetworkRegistry/NETREGISTRY]: Channel 'forge:split' : Version test of '1.1' from client : ACCEPTED
[20Dec2025 06:18:28.951] [Netty Epoll Server IO #1/DEBUG] [net.minecraftforge.network.NetworkRegistry/NETREGISTRY]: Channel 'geckolib:main' : Version test of '1' from client : ACCEPTED
[20Dec2025 06:18:28.951] [Netty Epoll Server IO #1/DEBUG] [net.minecraftforge.network.NetworkRegistry/NETREGISTRY]: Channel 'jade:networking' : Version test of '2' from client : ACCEPTED
[20Dec2025 06:18:28.951] [Netty Epoll Server IO #1/DEBUG] [net.minecraftforge.network.NetworkRegistry/NETREGISTRY]: Channel 'waystones:network' : Version test of '1.0' from client : ACCEPTED
[20Dec2025 06:18:28.951] [Netty Epoll Server IO #1/DEBUG] [net.minecraftforge.network.NetworkRegistry/NETREGISTRY]: Channel 'skinshuffle:refresh' : Version test of '' from client : ACCEPTED
[20Dec2025 06:18:28.951] [Netty Epoll Server IO #1/DEBUG] [net.minecraftforge.network.NetworkRegistry/NETREGISTRY]: Accepting channel list from client
[20Dec2025 06:18:28.951] [Netty Epoll Server IO #1/DEBUG] [net.minecraftforge.network.HandshakeHandler/FMLHANDSHAKE]: Accepted client connection mod list
[20Dec2025 06:18:28.959] [Netty Epoll Server IO #1/DEBUG] [net.minecraftforge.network.LoginWrapper/FMLHANDSHAKE]: Recieved login wrapper packet event for channel fml:handshake with index 4
[20Dec2025 06:18:28.959] [Netty Epoll Server IO #1/DEBUG] [net.minecraftforge.network.HandshakeHandler/FMLHANDSHAKE]: Received client indexed reply 4 of type net.minecraftforge.network.HandshakeMessages$C2SAcknowledge
[20Dec2025 06:18:28.959] [Netty Epoll Server IO #1/DEBUG] [net.minecraftforge.network.HandshakeHandler/FMLHANDSHAKE]: Received acknowledgement from client
[20Dec2025 06:18:28.960] [Netty Epoll Server IO #1/DEBUG] [net.minecraftforge.network.LoginWrapper/FMLHANDSHAKE]: Recieved login wrapper packet event for channel fml:handshake with index 5
[20Dec2025 06:18:28.960] [Netty Epoll Server IO #1/DEBUG] [net.minecraftforge.network.HandshakeHandler/FMLHANDSHAKE]: Received client indexed reply 5 of type net.minecraftforge.network.HandshakeMessages$C2SAcknowledge
[20Dec2025 06:18:28.960] [Netty Epoll Server IO #1/DEBUG] [net.minecraftforge.network.HandshakeHandler/FMLHANDSHAKE]: Received acknowledgement from client
[20Dec2025 06:18:28.967] [Server thread/DEBUG] [net.minecraftforge.network.HandshakeHandler/FMLHANDSHAKE]: Sending ticking packet info 'Registry minecraft:particle_type' to 'fml:handshake' sequence 7
[20Dec2025 06:18:29.018] [Server thread/DEBUG] [net.minecraftforge.network.HandshakeHandler/FMLHANDSHAKE]: Sending ticking packet info 'Registry minecraft:villager_profession' to 'fml:handshake' sequence 8
[20Dec2025 06:18:29.050] [Netty Epoll Server IO #1/DEBUG] [net.minecraftforge.network.LoginWrapper/FMLHANDSHAKE]: Recieved login wrapper packet event for channel fml:handshake with index 6
[20Dec2025 06:18:29.050] [Netty Epoll Server IO #1/DEBUG] [net.minecraftforge.network.HandshakeHandler/FMLHANDSHAKE]: Received client indexed reply 6 of type net.minecraftforge.network.HandshakeMessages$C2SAcknowledge
[20Dec2025 06:18:29.050] [Netty Epoll Server IO #1/DEBUG] [net.minecraftforge.network.HandshakeHandler/FMLHANDSHAKE]: Received acknowledgement from client
[20Dec2025 06:18:29.050] [Netty Epoll Server IO #1/DEBUG] [net.minecraftforge.network.LoginWrapper/FMLHANDSHAKE]: Recieved login wrapper packet event for channel fml:handshake with index 7
[20Dec2025 06:18:29.050] [Netty Epoll Server IO #1/DEBUG] [net.minecraftforge.network.HandshakeHandler/FMLHANDSHAKE]: Received client indexed reply 7 of type net.minecraftforge.network.HandshakeMessages$C2SAcknowledge
[20Dec2025 06:18:29.050] [Netty Epoll Server IO #1/DEBUG] [net.minecraftforge.network.HandshakeHandler/FMLHANDSHAKE]: Received acknowledgement from client
[20Dec2025 06:18:29.066] [Server thread/DEBUG] [net.minecraftforge.network.HandshakeHandler/FMLHANDSHAKE]: Sending ticking packet info 'Registry minecraft:item' to 'fml:handshake' sequence 9
[20Dec2025 06:18:29.082] [Netty Epoll Server IO #1/DEBUG] [net.minecraftforge.network.LoginWrapper/FMLHANDSHAKE]: Recieved login wrapper packet event for channel fml:handshake with index 8
[20Dec2025 06:18:29.082] [Netty Epoll Server IO #1/DEBUG] [net.minecraftforge.network.HandshakeHandler/FMLHANDSHAKE]: Received client indexed reply 8 of type net.minecraftforge.network.HandshakeMessages$C2SAcknowledge
[20Dec2025 06:18:29.082] [Netty Epoll Server IO #1/DEBUG] [net.minecraftforge.network.HandshakeHandler/FMLHANDSHAKE]: Received acknowledgement from client
[20Dec2025 06:18:29.116] [Server thread/DEBUG] [net.minecraftforge.network.HandshakeHandler/FMLHANDSHAKE]: Sending ticking packet info 'Registry minecraft:potion' to 'fml:handshake' sequence 10
[20Dec2025 06:18:29.139] [Netty Epoll Server IO #1/DEBUG] [net.minecraftforge.network.LoginWrapper/FMLHANDSHAKE]: Recieved login wrapper packet event for channel fml:handshake with index 9
[20Dec2025 06:18:29.139] [Netty Epoll Server IO #1/DEBUG] [net.minecraftforge.network.HandshakeHandler/FMLHANDSHAKE]: Received client indexed reply 9 of type net.minecraftforge.network.HandshakeMessages$C2SAcknowledge
[20Dec2025 06:18:29.139] [Netty Epoll Server IO #1/DEBUG] [net.minecraftforge.network.HandshakeHandler/FMLHANDSHAKE]: Received acknowledgement from client
[20Dec2025 06:18:29.167] [Server thread/DEBUG] [net.minecraftforge.network.HandshakeHandler/FMLHANDSHAKE]: Sending ticking packet info 'Registry minecraft:painting_variant' to 'fml:handshake' sequence 11
[20Dec2025 06:18:29.180] [Netty Epoll Server IO #1/DEBUG] [net.minecraftforge.network.LoginWrapper/FMLHANDSHAKE]: Recieved login wrapper packet event for channel fml:handshake with index 10
[20Dec2025 06:18:29.180] [Netty Epoll Server IO #1/DEBUG] [net.minecraftforge.network.HandshakeHandler/FMLHANDSHAKE]: Received client indexed reply 10 of type net.minecraftforge.network.HandshakeMessages$C2SAcknowledge
[20Dec2025 06:18:29.180] [Netty Epoll Server IO #1/DEBUG] [net.minecraftforge.network.HandshakeHandler/FMLHANDSHAKE]: Received acknowledgement from client
[20Dec2025 06:18:29.218] [Server thread/DEBUG] [net.minecraftforge.network.HandshakeHandler/FMLHANDSHAKE]: Sending ticking packet info 'Registry forge:fluid_type' to 'fml:handshake' sequence 12
[20Dec2025 06:18:29.231] [Netty Epoll Server IO #1/DEBUG] [net.minecraftforge.network.LoginWrapper/FMLHANDSHAKE]: Recieved login wrapper packet event for channel fml:handshake with index 11
[20Dec2025 06:18:29.231] [Netty Epoll Server IO #1/DEBUG] [net.minecraftforge.network.HandshakeHandler/FMLHANDSHAKE]: Received client indexed reply 11 of type net.minecraftforge.network.HandshakeMessages$C2SAcknowledge
[20Dec2025 06:18:29.231] [Netty Epoll Server IO #1/DEBUG] [net.minecraftforge.network.HandshakeHandler/FMLHANDSHAKE]: Received acknowledgement from client
[20Dec2025 06:18:29.270] [Server thread/DEBUG] [net.minecraftforge.network.HandshakeHandler/FMLHANDSHAKE]: Sending ticking packet info 'Registry minecraft:block_entity_type' to 'fml:handshake' sequence 13
[20Dec2025 06:18:29.282] [Netty Epoll Server IO #1/DEBUG] [net.minecraftforge.network.LoginWrapper/FMLHANDSHAKE]: Recieved login wrapper packet event for channel fml:handshake with index 12
[20Dec2025 06:18:29.282] [Netty Epoll Server IO #1/DEBUG] [net.minecraftforge.network.HandshakeHandler/FMLHANDSHAKE]: Received client indexed reply 12 of type net.minecraftforge.network.HandshakeMessages$C2SAcknowledge
[20Dec2025 06:18:29.282] [Netty Epoll Server IO #1/DEBUG] [net.minecraftforge.network.HandshakeHandler/FMLHANDSHAKE]: Received acknowledgement from client
[20Dec2025 06:18:29.317] [Server thread/DEBUG] [net.minecraftforge.network.HandshakeHandler/FMLHANDSHAKE]: Sending ticking packet info 'Registry forge:display_contexts' to 'fml:handshake' sequence 14
[20Dec2025 06:18:29.335] [Netty Epoll Server IO #1/DEBUG] [net.minecraftforge.network.LoginWrapper/FMLHANDSHAKE]: Recieved login wrapper packet event for channel fml:handshake with index 13
[20Dec2025 06:18:29.335] [Netty Epoll Server IO #1/DEBUG] [net.minecraftforge.network.HandshakeHandler/FMLHANDSHAKE]: Received client indexed reply 13 of type net.minecraftforge.network.HandshakeMessages$C2SAcknowledge
[20Dec2025 06:18:29.335] [Netty Epoll Server IO #1/DEBUG] [net.minecraftforge.network.HandshakeHandler/FMLHANDSHAKE]: Received acknowledgement from client
[20Dec2025 06:18:29.365] [Server thread/DEBUG] [net.minecraftforge.network.HandshakeHandler/FMLHANDSHAKE]: Sending ticking packet info 'Registry minecraft:block' to 'fml:handshake' sequence 15
[20Dec2025 06:18:29.381] [Netty Epoll Server IO #1/DEBUG] [net.minecraftforge.network.LoginWrapper/FMLHANDSHAKE]: Recieved login wrapper packet event for channel fml:handshake with index 14
[20Dec2025 06:18:29.381] [Netty Epoll Server IO #1/DEBUG] [net.minecraftforge.network.HandshakeHandler/FMLHANDSHAKE]: Received client indexed reply 14 of type net.minecraftforge.network.HandshakeMessages$C2SAcknowledge
[20Dec2025 06:18:29.381] [Netty Epoll Server IO #1/DEBUG] [net.minecraftforge.network.HandshakeHandler/FMLHANDSHAKE]: Received acknowledgement from client
[20Dec2025 06:18:29.416] [Server thread/DEBUG] [net.minecraftforge.network.HandshakeHandler/FMLHANDSHAKE]: Sending ticking packet info 'Registry forge:entity_data_serializers' to 'fml:handshake' sequence 16
[20Dec2025 06:18:29.433] [Netty Epoll Server IO #1/DEBUG] [net.minecraftforge.network.LoginWrapper/FMLHANDSHAKE]: Recieved login wrapper packet event for channel fml:handshake with index 15
[20Dec2025 06:18:29.433] [Netty Epoll Server IO #1/DEBUG] [net.minecraftforge.network.HandshakeHandler/FMLHANDSHAKE]: Received client indexed reply 15 of type net.minecraftforge.network.HandshakeMessages$C2SAcknowledge
[20Dec2025 06:18:29.433] [Netty Epoll Server IO #1/DEBUG] [net.minecraftforge.network.HandshakeHandler/FMLHANDSHAKE]: Received acknowledgement from client
[20Dec2025 06:18:29.467] [Server thread/DEBUG] [net.minecraftforge.network.HandshakeHandler/FMLHANDSHAKE]: Sending ticking packet info 'Registry minecraft:mob_effect' to 'fml:handshake' sequence 17
[20Dec2025 06:18:29.479] [Netty Epoll Server IO #1/DEBUG] [net.minecraftforge.network.LoginWrapper/FMLHANDSHAKE]: Recieved login wrapper packet event for channel fml:handshake with index 16
[20Dec2025 06:18:29.479] [Netty Epoll Server IO #1/DEBUG] [net.minecraftforge.network.HandshakeHandler/FMLHANDSHAKE]: Received client indexed reply 16 of type net.minecraftforge.network.HandshakeMessages$C2SAcknowledge
[20Dec2025 06:18:29.479] [Netty Epoll Server IO #1/DEBUG] [net.minecraftforge.network.HandshakeHandler/FMLHANDSHAKE]: Received acknowledgement from client
[20Dec2025 06:18:29.517] [Server thread/DEBUG] [net.minecraftforge.network.HandshakeHandler/FMLHANDSHAKE]: Sending ticking packet info 'Registry minecraft:stat_type' to 'fml:handshake' sequence 18
[20Dec2025 06:18:29.530] [Netty Epoll Server IO #1/DEBUG] [net.minecraftforge.network.LoginWrapper/FMLHANDSHAKE]: Recieved login wrapper packet event for channel fml:handshake with index 17
[20Dec2025 06:18:29.530] [Netty Epoll Server IO #1/DEBUG] [net.minecraftforge.network.HandshakeHandler/FMLHANDSHAKE]: Received client indexed reply 17 of type net.minecraftforge.network.HandshakeMessages$C2SAcknowledge
[20Dec2025 06:18:29.530] [Netty Epoll Server IO #1/DEBUG] [net.minecraftforge.network.HandshakeHandler/FMLHANDSHAKE]: Received acknowledgement from client
[20Dec2025 06:18:29.567] [Server thread/DEBUG] [net.minecraftforge.network.HandshakeHandler/FMLHANDSHAKE]: Sending ticking packet info 'Registry minecraft:menu' to 'fml:handshake' sequence 19
[20Dec2025 06:18:29.581] [Netty Epoll Server IO #1/DEBUG] [net.minecraftforge.network.LoginWrapper/FMLHANDSHAKE]: Recieved login wrapper packet event for channel fml:handshake with index 18
[20Dec2025 06:18:29.581] [Netty Epoll Server IO #1/DEBUG] [net.minecraftforge.network.HandshakeHandler/FMLHANDSHAKE]: Received client indexed reply 18 of type net.minecraftforge.network.HandshakeMessages$C2SAcknowledge
[20Dec2025 06:18:29.581] [Netty Epoll Server IO #1/DEBUG] [net.minecraftforge.network.HandshakeHandler/FMLHANDSHAKE]: Received acknowledgement from client
[20Dec2025 06:18:29.616] [Server thread/DEBUG] [net.minecraftforge.network.HandshakeHandler/FMLHANDSHAKE]: Sending ticking packet info 'Registry minecraft:enchantment' to 'fml:handshake' sequence 20
[20Dec2025 06:18:29.630] [Netty Epoll Server IO #1/DEBUG] [net.minecraftforge.network.LoginWrapper/FMLHANDSHAKE]: Recieved login wrapper packet event for channel fml:handshake with index 19
[20Dec2025 06:18:29.630] [Netty Epoll Server IO #1/DEBUG] [net.minecraftforge.network.HandshakeHandler/FMLHANDSHAKE]: Received client indexed reply 19 of type net.minecraftforge.network.HandshakeMessages$C2SAcknowledge
[20Dec2025 06:18:29.630] [Netty Epoll Server IO #1/DEBUG] [net.minecraftforge.network.HandshakeHandler/FMLHANDSHAKE]: Received acknowledgement from client
[20Dec2025 06:18:29.669] [Server thread/DEBUG] [net.minecraftforge.network.HandshakeHandler/FMLHANDSHAKE]: Sending ticking packet info 'Registry minecraft:fluid' to 'fml:handshake' sequence 21
[20Dec2025 06:18:29.680] [Netty Epoll Server IO #1/DEBUG] [net.minecraftforge.network.LoginWrapper/FMLHANDSHAKE]: Recieved login wrapper packet event for channel fml:handshake with index 20
[20Dec2025 06:18:29.680] [Netty Epoll Server IO #1/DEBUG] [net.minecraftforge.network.HandshakeHandler/FMLHANDSHAKE]: Received client indexed reply 20 of type net.minecraftforge.network.HandshakeMessages$C2SAcknowledge
[20Dec2025 06:18:29.680] [Netty Epoll Server IO #1/DEBUG] [net.minecraftforge.network.HandshakeHandler/FMLHANDSHAKE]: Received acknowledgement from client
[20Dec2025 06:18:29.717] [Server thread/DEBUG] [net.minecraftforge.network.HandshakeHandler/FMLHANDSHAKE]: Sending ticking packet info 'Registry minecraft:entity_type' to 'fml:handshake' sequence 22
[20Dec2025 06:18:29.733] [Netty Epoll Server IO #1/DEBUG] [net.minecraftforge.network.LoginWrapper/FMLHANDSHAKE]: Recieved login wrapper packet event for channel fml:handshake with index 21
[20Dec2025 06:18:29.733] [Netty Epoll Server IO #1/DEBUG] [net.minecraftforge.network.HandshakeHandler/FMLHANDSHAKE]: Received client indexed reply 21 of type net.minecraftforge.network.HandshakeMessages$C2SAcknowledge
[20Dec2025 06:18:29.733] [Netty Epoll Server IO #1/DEBUG] [net.minecraftforge.network.HandshakeHandler/FMLHANDSHAKE]: Received acknowledgement from client
[20Dec2025 06:18:29.768] [Server thread/DEBUG] [net.minecraftforge.network.HandshakeHandler/FMLHANDSHAKE]: Sending ticking packet info 'Config curios-server.toml' to 'fml:handshake' sequence 23
[20Dec2025 06:18:29.818] [Server thread/DEBUG] [net.minecraftforge.network.HandshakeHandler/FMLHANDSHAKE]: Sending ticking packet info 'Config jeg-server.toml' to 'fml:handshake' sequence 24
[20Dec2025 06:18:29.866] [Server thread/DEBUG] [net.minecraftforge.network.HandshakeHandler/FMLHANDSHAKE]: Sending ticking packet info 'Config gravestone-server.toml' to 'fml:handshake' sequence 25
[20Dec2025 06:18:29.917] [Server thread/DEBUG] [net.minecraftforge.network.HandshakeHandler/FMLHANDSHAKE]: Sending ticking packet info 'Config travelersbackpack-server.toml' to 'fml:handshake' sequence 26
[20Dec2025 06:18:29.967] [Server thread/DEBUG] [net.minecraftforge.network.HandshakeHandler/FMLHANDSHAKE]: Sending ticking packet info 'Config enchantinginfuser-server.toml' to 'fml:handshake' sequence 27
[20Dec2025 06:18:30.016] [Server thread/DEBUG] [net.minecraftforge.network.HandshakeHandler/FMLHANDSHAKE]: Sending ticking packet info 'Config jei-server.toml' to 'fml:handshake' sequence 28
[20Dec2025 06:18:30.069] [Server thread/DEBUG] [net.minecraftforge.network.HandshakeHandler/FMLHANDSHAKE]: Sending ticking packet info 'Config forge-server.toml' to 'fml:handshake' sequence 29
[20Dec2025 06:18:30.321] [Netty Epoll Server IO #1/DEBUG] [net.minecraftforge.network.LoginWrapper/FMLHANDSHAKE]: Recieved login wrapper packet event for channel fml:handshake with index 22
[20Dec2025 06:18:30.321] [Netty Epoll Server IO #1/DEBUG] [net.minecraftforge.network.HandshakeHandler/FMLHANDSHAKE]: Received client indexed reply 22 of type net.minecraftforge.network.HandshakeMessages$C2SAcknowledge
[20Dec2025 06:18:30.321] [Netty Epoll Server IO #1/DEBUG] [net.minecraftforge.network.HandshakeHandler/FMLHANDSHAKE]: Received acknowledgement from client
[20Dec2025 06:18:30.323] [Netty Epoll Server IO #1/DEBUG] [net.minecraftforge.network.LoginWrapper/FMLHANDSHAKE]: Recieved login wrapper packet event for channel fml:handshake with index 23
[20Dec2025 06:18:30.323] [Netty Epoll Server IO #1/DEBUG] [net.minecraftforge.network.HandshakeHandler/FMLHANDSHAKE]: Received client indexed reply 23 of type net.minecraftforge.network.HandshakeMessages$C2SAcknowledge
[20Dec2025 06:18:30.323] [Netty Epoll Server IO #1/DEBUG] [net.minecraftforge.network.HandshakeHandler/FMLHANDSHAKE]: Received acknowledgement from client
[20Dec2025 06:18:30.324] [Netty Epoll Server IO #1/DEBUG] [net.minecraftforge.network.LoginWrapper/FMLHANDSHAKE]: Recieved login wrapper packet event for channel fml:handshake with index 24
[20Dec2025 06:18:30.324] [Netty Epoll Server IO #1/DEBUG] [net.minecraftforge.network.HandshakeHandler/FMLHANDSHAKE]: Received client indexed reply 24 of type net.minecraftforge.network.HandshakeMessages$C2SAcknowledge
[20Dec2025 06:18:30.324] [Netty Epoll Server IO #1/DEBUG] [net.minecraftforge.network.HandshakeHandler/FMLHANDSHAKE]: Received acknowledgement from client
[20Dec2025 06:18:30.327] [Netty Epoll Server IO #1/DEBUG] [net.minecraftforge.network.LoginWrapper/FMLHANDSHAKE]: Recieved login wrapper packet event for channel fml:handshake with index 25
[20Dec2025 06:18:30.327] [Netty Epoll Server IO #1/DEBUG] [net.minecraftforge.network.HandshakeHandler/FMLHANDSHAKE]: Received client indexed reply 25 of type net.minecraftforge.network.HandshakeMessages$C2SAcknowledge
[20Dec2025 06:18:30.327] [Netty Epoll Server IO #1/DEBUG] [net.minecraftforge.network.HandshakeHandler/FMLHANDSHAKE]: Received acknowledgement from client
[20Dec2025 06:18:30.338] [Netty Epoll Server IO #1/DEBUG] [net.minecraftforge.network.LoginWrapper/FMLHANDSHAKE]: Recieved login wrapper packet event for channel fml:handshake with index 26
[20Dec2025 06:18:30.338] [Netty Epoll Server IO #1/DEBUG] [net.minecraftforge.network.HandshakeHandler/FMLHANDSHAKE]: Received client indexed reply 26 of type net.minecraftforge.network.HandshakeMessages$C2SAcknowledge
[20Dec2025 06:18:30.338] [Netty Epoll Server IO #1/DEBUG] [net.minecraftforge.network.HandshakeHandler/FMLHANDSHAKE]: Received acknowledgement from client
[20Dec2025 06:18:30.341] [Netty Epoll Server IO #1/DEBUG] [net.minecraftforge.network.LoginWrapper/FMLHANDSHAKE]: Recieved login wrapper packet event for channel fml:handshake with index 27
[20Dec2025 06:18:30.341] [Netty Epoll Server IO #1/DEBUG] [net.minecraftforge.network.HandshakeHandler/FMLHANDSHAKE]: Received client indexed reply 27 of type net.minecraftforge.network.HandshakeMessages$C2SAcknowledge
[20Dec2025 06:18:30.341] [Netty Epoll Server IO #1/DEBUG] [net.minecraftforge.network.HandshakeHandler/FMLHANDSHAKE]: Received acknowledgement from client
[20Dec2025 06:18:30.342] [Netty Epoll Server IO #1/DEBUG] [net.minecraftforge.network.LoginWrapper/FMLHANDSHAKE]: Recieved login wrapper packet event for channel fml:handshake with index 28
[20Dec2025 06:18:30.342] [Netty Epoll Server IO #1/DEBUG] [net.minecraftforge.network.HandshakeHandler/FMLHANDSHAKE]: Received client indexed reply 28 of type net.minecraftforge.network.HandshakeMessages$C2SAcknowledge
[20Dec2025 06:18:30.342] [Netty Epoll Server IO #1/DEBUG] [net.minecraftforge.network.HandshakeHandler/FMLHANDSHAKE]: Received acknowledgement from client
[20Dec2025 06:18:30.344] [Netty Epoll Server IO #1/DEBUG] [net.minecraftforge.network.LoginWrapper/FMLHANDSHAKE]: Recieved login wrapper packet event for channel fml:handshake with index 29
[20Dec2025 06:18:30.344] [Netty Epoll Server IO #1/DEBUG] [net.minecraftforge.network.HandshakeHandler/FMLHANDSHAKE]: Received client indexed reply 29 of type net.minecraftforge.network.HandshakeMessages$C2SAcknowledge
[20Dec2025 06:18:30.344] [Netty Epoll Server IO #1/DEBUG] [net.minecraftforge.network.HandshakeHandler/FMLHANDSHAKE]: Received acknowledgement from client
[20Dec2025 06:18:30.367] [Server thread/DEBUG] [net.minecraftforge.network.HandshakeHandler/FMLHANDSHAKE]: Handshake complete!
[20Dec2025 06:18:30.416] [ForkJoinPool.commonPool-worker-13/DEBUG] [SkinRestorer/]: Fetching Crowdante53's skin
[20Dec2025 06:18:30.677] [Server thread/INFO] [net.minecraft.server.players.PlayerList/]: Crowdante53[/127.58.36.201:34623] logged in with entity id 47833 at (-121.49722119299358, 63.0, 47.60853410250486)
[20Dec2025 06:18:30.677] [Server thread/DEBUG] [net.minecraftforge.network.filters.NetworkFilters/]: Injected net.minecraftforge.network.filters.ForgeConnectionNetworkFilter@7fee2f57 into net.minecraft.network.Connection@27f4df
[20Dec2025 06:18:30.682] [Server thread/INFO] [net.minecraft.server.MinecraftServer/]: Crowdante53 joined the game
[20Dec2025 06:18:30.704] [Server thread/INFO] [Jade/]: Syncing config to Crowdante53 (8744c8f4-4c4b-3768-9a3b-15d229f12b52)
[20Dec2025 06:18:35.844] [Server thread/DEBUG] [net.minecraftforge.common.ForgeHooks/WP]: Gathering id map for writing to world save world
[20Dec2025 06:18:35.849] [Server thread/DEBUG] [net.minecraftforge.common.ForgeHooks/WP]: ID Map collection complete world
[20Dec2025 06:23:35.836] [Server thread/DEBUG] [net.minecraftforge.common.ForgeHooks/WP]: Gathering id map for writing to world save world
[20Dec2025 06:23:35.843] [Server thread/DEBUG] [net.minecraftforge.common.ForgeHooks/WP]: ID Map collection complete world
[20Dec2025 06:28:24.909] [Server thread/INFO] [net.minecraft.server.MinecraftServer/]: The Faction Nosy Business has started a raid at BlockPos{x=-105, y=64, z=40}!
[20Dec2025 06:28:35.836] [Server thread/DEBUG] [net.minecraftforge.common.ForgeHooks/WP]: Gathering id map for writing to world save world
[20Dec2025 06:28:35.843] [Server thread/DEBUG] [net.minecraftforge.common.ForgeHooks/WP]: ID Map collection complete world
[20Dec2025 06:29:13.318] [Server thread/INFO] [net.minecraft.server.MinecraftServer/]: AcidD_x has made the advancement [Cover Me with Diamonds]
[20Dec2025 06:30:53.617] [Server thread/INFO] [net.minecraft.server.MinecraftServer/]: Crowdante53 has reached the goal [Postmortal]
[20Dec2025 06:30:56.167] [Server thread/INFO] [net.minecraft.server.MinecraftServer/]: AcidD_x was slain by Vindicator
[20Dec2025 06:30:56.170] [Server thread/INFO] [com.tiviacz.travelersbackpack.TravelersBackpack/]: Created new backpack backup file for AcidD_x with unique ID travelersbackpack.standard_20.12.2025-06.30.56.dat
[20Dec2025 06:30:56.170] [Server thread/INFO] [gravestone/]: The death ID of player AcidD_x is d2bccfdb-8e1d-4381-a42d-a701c62e5ff1
[20Dec2025 06:31:04.202] [Server thread/INFO] [net.minecraft.server.MinecraftServer/]: [TheAstoria1090: Gave 64 [Shotgun Shell] to TheAstoria1090]
[20Dec2025 06:31:14.436] [Server thread/INFO] [net.minecraft.server.MinecraftServer/]: Crowdante53 blew up
[20Dec2025 06:31:14.438] [Server thread/INFO] [com.tiviacz.travelersbackpack.TravelersBackpack/]: Created new backpack backup file for Crowdante53 with unique ID travelersbackpack.standard_20.12.2025-06.31.14.dat
[20Dec2025 06:31:14.439] [Server thread/INFO] [gravestone/]: The death ID of player Crowdante53 is 9cdb3bc5-f474-4fd0-b016-ed632804d369
[20Dec2025 06:31:31.262] [Server thread/INFO] [net.minecraft.server.MinecraftServer/]: TheAstoria1090 was slain by Iron Golem
[20Dec2025 06:31:31.266] [Server thread/INFO] [com.tiviacz.travelersbackpack.TravelersBackpack/]: Created new backpack backup file for TheAstoria1090 with unique ID travelersbackpack.redstone_20.12.2025-06.31.31.dat
[20Dec2025 06:31:31.266] [Server thread/INFO] [gravestone/]: The death ID of player TheAstoria1090 is 50dc2651-2f4f-49c0-9b71-f6d2e4750ff6
[20Dec2025 06:31:35.519] [Server thread/INFO] [net.minecraft.server.MinecraftServer/]: AcidD_x was slain by Vex
[20Dec2025 06:31:35.519] [Server thread/INFO] [gravestone/]: The death ID of player AcidD_x is 430fe6f5-6585-4dec-9441-e36e21e49f4e
[20Dec2025 06:31:51.172] [Server thread/INFO] [net.minecraft.server.MinecraftServer/]: TheAstoria1090 was executed by Pillager
[20Dec2025 06:31:51.173] [Server thread/INFO] [gravestone/]: The death ID of player TheAstoria1090 is aad7e72d-182c-481b-b4e7-959009d1ccce
[20Dec2025 06:31:55.217] [Server thread/INFO] [net.minecraft.server.MinecraftServer/]: AcidD_x was executed by Pillager
[20Dec2025 06:31:55.218] [Server thread/INFO] [gravestone/]: The death ID of player AcidD_x is d3824b0f-042b-459f-ac20-feefe2c56093
[20Dec2025 06:32:36.020] [Server thread/INFO] [net.minecraft.server.MinecraftServer/]: TheAstoria1090 was eliminated by Pillager
[20Dec2025 06:32:36.023] [Server thread/INFO] [com.tiviacz.travelersbackpack.TravelersBackpack/]: Created new backpack backup file for TheAstoria1090 with unique ID travelersbackpack.redstone_20.12.2025-06.32.36.dat
[20Dec2025 06:32:36.024] [Server thread/INFO] [gravestone/]: The death ID of player TheAstoria1090 is a60ca87c-f829-41f1-a696-ba8fc08521ac
[20Dec2025 06:33:33.470] [Server thread/INFO] [net.minecraft.server.MinecraftServer/]: AcidD_x was eliminated by Vindicator
[20Dec2025 06:33:33.471] [Server thread/INFO] [gravestone/]: The death ID of player AcidD_x is ab852592-9bf9-46df-8d60-44ed6e3fecac
[20Dec2025 06:33:35.839] [Server thread/DEBUG] [net.minecraftforge.common.ForgeHooks/WP]: Gathering id map for writing to world save world
[20Dec2025 06:33:35.846] [Server thread/DEBUG] [net.minecraftforge.common.ForgeHooks/WP]: ID Map collection complete world
[20Dec2025 06:33:37.518] [Server thread/INFO] [net.minecraft.server.MinecraftServer/]: [TheAstoria1090: Gave 124 [Rifle Ammo] to TheAstoria1090]
[20Dec2025 06:34:45.317] [Server thread/INFO] [net.minecraft.server.MinecraftServer/]: Crowdante53 was eliminated by Vindicator
[20Dec2025 06:34:45.319] [Server thread/INFO] [com.tiviacz.travelersbackpack.TravelersBackpack/]: Created new backpack backup file for Crowdante53 with unique ID travelersbackpack.standard_20.12.2025-06.34.45.dat
[20Dec2025 06:34:45.320] [Server thread/INFO] [gravestone/]: The death ID of player Crowdante53 is e1559ca6-21e8-439f-9ac9-b3b694c909f5
[20Dec2025 06:34:47.076] [Server thread/INFO] [net.minecraft.server.MinecraftServer/]: TheAstoria1090 was taken down by Vindicator
[20Dec2025 06:34:47.079] [Server thread/INFO] [com.tiviacz.travelersbackpack.TravelersBackpack/]: Created new backpack backup file for TheAstoria1090 with unique ID travelersbackpack.redstone_20.12.2025-06.34.47.dat
[20Dec2025 06:34:47.079] [Server thread/INFO] [gravestone/]: The death ID of player TheAstoria1090 is 378d938c-e388-4036-86c2-7142aba2ff02
[20Dec2025 06:35:49.314] [Server thread/INFO] [net.minecraft.server.MinecraftServer/]: The Faction Nosy Business has been defeated!
[20Dec2025 06:37:24.381] [Server thread/INFO] [net.minecraft.server.MinecraftServer/]: [TheAstoria1090: Gave 1 [Benelli M4] to TheAstoria1090]
[20Dec2025 06:38:35.835] [Server thread/DEBUG] [net.minecraftforge.common.ForgeHooks/WP]: Gathering id map for writing to world save world
[20Dec2025 06:38:35.842] [Server thread/DEBUG] [net.minecraftforge.common.ForgeHooks/WP]: ID Map collection complete world
[20Dec2025 06:43:35.835] [Server thread/DEBUG] [net.minecraftforge.common.ForgeHooks/WP]: Gathering id map for writing to world save world
[20Dec2025 06:43:35.842] [Server thread/DEBUG] [net.minecraftforge.common.ForgeHooks/WP]: ID Map collection complete world
[20Dec2025 06:48:35.837] [Server thread/DEBUG] [net.minecraftforge.common.ForgeHooks/WP]: Gathering id map for writing to world save world
[20Dec2025 06:48:35.844] [Server thread/DEBUG] [net.minecraftforge.common.ForgeHooks/WP]: ID Map collection complete world
[20Dec2025 06:53:35.875] [Server thread/DEBUG] [net.minecraftforge.common.ForgeHooks/WP]: Gathering id map for writing to world save world
[20Dec2025 06:53:35.890] [Server thread/DEBUG] [net.minecraftforge.common.ForgeHooks/WP]: ID Map collection complete world
[20Dec2025 06:56:39.777] [Worker-Main-3/DEBUG] [Dungeon Crawl/]: Building dungeoncrawl:default/multipart/corridor/default with rotation CLOCKWISE_180 at (-397 | 54 | 337)
[20Dec2025 06:56:39.778] [Worker-Main-3/DEBUG] [Dungeon Crawl/]: Finished building dungeoncrawl:default/multipart/corridor/default with rotation CLOCKWISE_180 at (-397 | 54 | 337)
[20Dec2025 06:56:39.778] [Worker-Main-3/DEBUG] [Dungeon Crawl/]: Building dungeoncrawl:default/corridor/secret_room_entrance with rotation NONE at (-400 | 54 | 332)
[20Dec2025 06:56:39.778] [Worker-Main-3/DEBUG] [Dungeon Crawl/]: Finished building dungeoncrawl:default/corridor/secret_room_entrance with rotation NONE at (-400 | 54 | 332)
[20Dec2025 06:56:39.778] [Worker-Main-3/DEBUG] [Dungeon Crawl/]: Building dungeoncrawl:default/multipart/corridor/variant_2 with rotation CLOCKWISE_180 at (-388 | 54 | 337)
[20Dec2025 06:56:39.779] [Worker-Main-3/DEBUG] [Dungeon Crawl/]: Finished building dungeoncrawl:default/multipart/corridor/variant_2 with rotation CLOCKWISE_180 at (-388 | 54 | 337)
[20Dec2025 06:56:39.779] [Worker-Main-3/DEBUG] [Dungeon Crawl/]: Building dungeoncrawl:default/corridor/corridor with rotation NONE at (-391 | 54 | 332)
[20Dec2025 06:56:39.779] [Worker-Main-3/DEBUG] [Dungeon Crawl/]: Finished building dungeoncrawl:default/corridor/corridor with rotation NONE at (-391 | 54 | 332)
[20Dec2025 06:56:39.779] [Worker-Main-3/DEBUG] [Dungeon Crawl/]: Building dungeoncrawl:catacombs/multipart/node/ceiling/flat with rotation CLOCKWISE_90 at (-389 | 50 | 342)
[20Dec2025 06:56:39.779] [Worker-Main-3/DEBUG] [Dungeon Crawl/]: Finished building dungeoncrawl:catacombs/multipart/node/ceiling/flat with rotation CLOCKWISE_90 at (-389 | 50 | 342)
[20Dec2025 06:56:39.779] [Worker-Main-3/DEBUG] [Dungeon Crawl/]: Building dungeoncrawl:catacombs/multipart/large_spawner_cell_open with rotation CLOCKWISE_90 at (-394 | 45 | 348)
[20Dec2025 06:56:39.781] [Worker-Main-3/DEBUG] [Dungeon Crawl/]: Finished building dungeoncrawl:catacombs/multipart/large_spawner_cell_open with rotation CLOCKWISE_90 at (-394 | 45 | 348)
[20Dec2025 06:56:39.781] [Worker-Main-3/DEBUG] [Dungeon Crawl/]: Building dungeoncrawl:default/multipart/large_wall with rotation CLOCKWISE_90 at (-389 | 45 | 348)
[20Dec2025 06:56:39.781] [Worker-Main-3/DEBUG] [Dungeon Crawl/]: Finished building dungeoncrawl:default/multipart/large_wall with rotation CLOCKWISE_90 at (-389 | 45 | 348)
[20Dec2025 06:56:39.781] [Worker-Main-3/DEBUG] [Dungeon Crawl/]: Building dungeoncrawl:default/node/connector/connector_2 with rotation NONE at (-400 | 45 | 341)
[20Dec2025 06:56:39.782] [Worker-Main-3/DEBUG] [Dungeon Crawl/]: Finished building dungeoncrawl:default/node/connector/connector_2 with rotation NONE at (-400 | 45 | 341)
[20Dec2025 06:56:39.782] [Worker-Main-3/DEBUG] [Dungeon Crawl/]: Building dungeoncrawl:catacombs/node/crypt_turn with rotation CLOCKWISE_90 at (-395 | 45 | 336)
[20Dec2025 06:56:39.784] [Worker-Main-3/DEBUG] [Dungeon Crawl/]: Finished building dungeoncrawl:catacombs/node/crypt_turn with rotation CLOCKWISE_90 at (-395 | 45 | 336)
[20Dec2025 06:56:39.784] [Worker-Main-3/DEBUG] [Dungeon Crawl/]: Building dungeoncrawl:default/multipart/short_node_connector with rotation NONE at (-388 | 36 | 342)
[20Dec2025 06:56:39.785] [Worker-Main-3/DEBUG] [Dungeon Crawl/]: Finished building dungeoncrawl:default/multipart/short_node_connector with rotation NONE at (-388 | 36 | 342)
[20Dec2025 06:56:39.785] [Worker-Main-3/DEBUG] [Dungeon Crawl/]: Running decoration VineDecoration[chance=0.35] for dungeoncrawl:default/multipart/short_node_connector at (-388 | 36 | 342)
[20Dec2025 06:56:39.785] [Worker-Main-3/DEBUG] [Dungeon Crawl/]: Finished decoration VineDecoration[chance=0.35] for dungeoncrawl:default/multipart/short_node_connector at (-388 | 36 | 342)
[20Dec2025 06:56:39.785] [Worker-Main-3/DEBUG] [Dungeon Crawl/]: Building dungeoncrawl:default/node/connector/connector_3 with rotation CLOCKWISE_180 at (-387 | 36 | 341)
[20Dec2025 06:56:39.785] [Worker-Main-3/DEBUG] [Dungeon Crawl/]: Finished building dungeoncrawl:default/node/connector/connector_3 with rotation CLOCKWISE_180 at (-387 | 36 | 341)
[20Dec2025 06:56:39.785] [Worker-Main-3/DEBUG] [Dungeon Crawl/]: Running decoration VineDecoration[chance=0.35] for dungeoncrawl:default/node/connector/connector_3 at (-387 | 36 | 341)
[20Dec2025 06:56:39.785] [Worker-Main-3/DEBUG] [Dungeon Crawl/]: Finished decoration VineDecoration[chance=0.35] for dungeoncrawl:default/node/connector/connector_3 at (-387 | 36 | 341)
[20Dec2025 06:56:39.785] [Worker-Main-3/DEBUG] [Dungeon Crawl/]: Building dungeoncrawl:catacombs/node/room with rotation NONE at (-403 | 36 | 337)
[20Dec2025 06:56:39.788] [Worker-Main-3/DEBUG] [Dungeon Crawl/]: Finished building dungeoncrawl:catacombs/node/room with rotation NONE at (-403 | 36 | 337)
[20Dec2025 06:56:39.788] [Worker-Main-3/DEBUG] [Dungeon Crawl/]: Running decoration VineDecoration[chance=0.35] for dungeoncrawl:catacombs/node/room at (-403 | 36 | 337)
[20Dec2025 06:56:39.790] [Worker-Main-3/DEBUG] [Dungeon Crawl/]: Finished decoration VineDecoration[chance=0.35] for dungeoncrawl:catacombs/node/room at (-403 | 36 | 337)
[20Dec2025 06:56:39.790] [Worker-Main-3/DEBUG] [Dungeon Crawl/]: Building dungeoncrawl:catacombs/room/spawner_room with rotation NONE at (-400 | 27 | 340)
[20Dec2025 06:56:39.792] [Worker-Main-3/DEBUG] [Dungeon Crawl/]: Finished building dungeoncrawl:catacombs/room/spawner_room with rotation NONE at (-400 | 27 | 340)
[20Dec2025 06:56:39.792] [Worker-Main-3/DEBUG] [Dungeon Crawl/]: Building dungeoncrawl:default/multipart/corridor/variant with rotation CLOCKWISE_180 at (-388 | 27 | 346)
[20Dec2025 06:56:39.792] [Worker-Main-3/DEBUG] [Dungeon Crawl/]: Finished building dungeoncrawl:default/multipart/corridor/variant with rotation CLOCKWISE_180 at (-388 | 27 | 346)
[20Dec2025 06:56:39.792] [Worker-Main-3/DEBUG] [Dungeon Crawl/]: Building dungeoncrawl:default/multipart/corridor/bookshelf with rotation NONE at (-388 | 27 | 341)
[20Dec2025 06:56:39.792] [Worker-Main-3/DEBUG] [Dungeon Crawl/]: Finished building dungeoncrawl:default/multipart/corridor/bookshelf with rotation NONE at (-388 | 27 | 341)
[20Dec2025 06:56:39.792] [Worker-Main-3/DEBUG] [Dungeon Crawl/]: Building dungeoncrawl:default/corridor/corridor with rotation CLOCKWISE_180 at (-391 | 27 | 341)
[20Dec2025 06:56:39.793] [Worker-Main-3/DEBUG] [Dungeon Crawl/]: Finished building dungeoncrawl:default/corridor/corridor with rotation CLOCKWISE_180 at (-391 | 27 | 341)
[20Dec2025 06:56:39.825] [Worker-Main-3/DEBUG] [Dungeon Crawl/]: Building dungeoncrawl:default/multipart/node_connector with rotation NONE at (-398 | 63 | 324)
[20Dec2025 06:56:39.826] [Worker-Main-3/DEBUG] [Dungeon Crawl/]: Finished building dungeoncrawl:default/multipart/node_connector with rotation NONE at (-398 | 63 | 324)
[20Dec2025 06:56:39.826] [Worker-Main-3/DEBUG] [Dungeon Crawl/]: Building dungeoncrawl:default/node/connector/connector with rotation CLOCKWISE_180 at (-396 | 63 | 324)
[20Dec2025 06:56:39.827] [Worker-Main-3/DEBUG] [Dungeon Crawl/]: Finished building dungeoncrawl:default/node/connector/connector with rotation CLOCKWISE_180 at (-396 | 63 | 324)
[20Dec2025 06:56:39.827] [Worker-Main-3/DEBUG] [Dungeon Crawl/]: Building dungeoncrawl:default/node/jukebox_room with rotation COUNTERCLOCKWISE_90 at (-411 | 63 | 320)
[20Dec2025 06:56:39.828] [Worker-Main-3/DEBUG] [Dungeon Crawl/]: Finished building dungeoncrawl:default/node/jukebox_room with rotation COUNTERCLOCKWISE_90 at (-411 | 63 | 320)
[20Dec2025 06:56:39.828] [Worker-Main-3/DEBUG] [Dungeon Crawl/]: Building dungeoncrawl:default/multipart/node_connector with rotation CLOCKWISE_180 at (-386 | 63 | 324)
[20Dec2025 06:56:39.829] [Worker-Main-3/DEBUG] [Dungeon Crawl/]: Finished building dungeoncrawl:default/multipart/node_connector with rotation CLOCKWISE_180 at (-386 | 63 | 324)
[20Dec2025 06:56:39.829] [Worker-Main-3/DEBUG] [Dungeon Crawl/]: Building dungeoncrawl:default/node/connector/connector_4 with rotation NONE at (-391 | 63 | 324)
[20Dec2025 06:56:39.829] [Worker-Main-3/DEBUG] [Dungeon Crawl/]: Finished building dungeoncrawl:default/node/connector/connector_4 with rotation NONE at (-391 | 63 | 324)
[20Dec2025 06:56:39.829] [Worker-Main-3/DEBUG] [Dungeon Crawl/]: Building dungeoncrawl:default/room/secret_room with rotation COUNTERCLOCKWISE_90 at (-400 | 54 | 313)
[20Dec2025 06:56:39.834] [Worker-Main-3/DEBUG] [Dungeon Crawl/]: Finished building dungeoncrawl:default/room/secret_room with rotation COUNTERCLOCKWISE_90 at (-400 | 54 | 313)
[20Dec2025 06:56:39.834] [Worker-Main-3/DEBUG] [Dungeon Crawl/]: Building dungeoncrawl:default/multipart/corridor/secret_room_entrance_3 with rotation NONE at (-397 | 54 | 331)
[20Dec2025 06:56:39.835] [Worker-Main-3/DEBUG] [Dungeon Crawl/]: Finished building dungeoncrawl:default/multipart/corridor/secret_room_entrance_3 with rotation NONE at (-397 | 54 | 331)
[20Dec2025 06:56:39.835] [Worker-Main-3/DEBUG] [Dungeon Crawl/]: Building dungeoncrawl:default/corridor/secret_room_entrance with rotation NONE at (-400 | 54 | 332)
[20Dec2025 06:56:39.836] [Worker-Main-3/DEBUG] [Dungeon Crawl/]: Finished building dungeoncrawl:default/corridor/secret_room_entrance with rotation NONE at (-400 | 54 | 332)
[20Dec2025 06:56:39.836] [Worker-Main-3/DEBUG] [Dungeon Crawl/]: Building dungeoncrawl:default/multipart/corridor/variant_2 with rotation NONE at (-388 | 54 | 332)
[20Dec2025 06:56:39.836] [Worker-Main-3/DEBUG] [Dungeon Crawl/]: Finished building dungeoncrawl:default/multipart/corridor/variant_2 with rotation NONE at (-388 | 54 | 332)
[20Dec2025 06:56:39.836] [Worker-Main-3/DEBUG] [Dungeon Crawl/]: Building dungeoncrawl:default/corridor/corridor with rotation NONE at (-391 | 54 | 332)
[20Dec2025 06:56:39.836] [Worker-Main-3/DEBUG] [Dungeon Crawl/]: Finished building dungeoncrawl:default/corridor/corridor with rotation NONE at (-391 | 54 | 332)
[20Dec2025 06:56:39.836] [Worker-Main-3/DEBUG] [Dungeon Crawl/]: Building dungeoncrawl:catacombs/room/spawner_room with rotation NONE at (-391 | 45 | 322)
[20Dec2025 06:56:39.839] [Worker-Main-3/DEBUG] [Dungeon Crawl/]: Finished building dungeoncrawl:catacombs/room/spawner_room with rotation NONE at (-391 | 45 | 322)
[20Dec2025 06:56:39.839] [Worker-Main-3/DEBUG] [Dungeon Crawl/]: Building dungeoncrawl:default/node/connector/connector with rotation CLOCKWISE_90 at (-389 | 45 | 331)
[20Dec2025 06:56:39.839] [Worker-Main-3/DEBUG] [Dungeon Crawl/]: Finished building dungeoncrawl:default/node/connector/connector with rotation CLOCKWISE_90 at (-389 | 45 | 331)
[20Dec2025 06:56:39.839] [Worker-Main-3/DEBUG] [Dungeon Crawl/]: Building dungeoncrawl:catacombs/node/prison with rotation COUNTERCLOCKWISE_90 at (-386 | 36 | 309)
[20Dec2025 06:56:39.840] [Worker-Main-3/DEBUG] [Dungeon Crawl/]: Finished building dungeoncrawl:catacombs/node/prison with rotation COUNTERCLOCKWISE_90 at (-386 | 36 | 309)
[20Dec2025 06:56:39.840] [Worker-Main-3/DEBUG] [Dungeon Crawl/]: Running decoration VineDecoration[chance=0.35] for dungeoncrawl:catacombs/node/prison at (-386 | 36 | 309)
[20Dec2025 06:56:39.841] [Worker-Main-3/DEBUG] [Dungeon Crawl/]: Finished decoration VineDecoration[chance=0.35] for dungeoncrawl:catacombs/node/prison at (-386 | 36 | 309)
[20Dec2025 06:56:39.841] [Worker-Main-3/DEBUG] [Dungeon Crawl/]: Building dungeoncrawl:default/corridor/corridor with rotation COUNTERCLOCKWISE_90 at (-399 | 27 | 313)
[20Dec2025 06:56:39.841] [Worker-Main-3/DEBUG] [Dungeon Crawl/]: Finished building dungeoncrawl:default/corridor/corridor with rotation COUNTERCLOCKWISE_90 at (-399 | 27 | 313)
[20Dec2025 06:56:39.841] [Worker-Main-3/DEBUG] [Dungeon Crawl/]: Building dungeoncrawl:catacombs/room/spawner_room with rotation NONE at (-400 | 27 | 322)
[20Dec2025 06:56:39.843] [Worker-Main-3/DEBUG] [Dungeon Crawl/]: Finished building dungeoncrawl:catacombs/room/spawner_room with rotation NONE at (-400 | 27 | 322)
[20Dec2025 06:56:39.843] [Worker-Main-3/DEBUG] [Dungeon Crawl/]: Building dungeoncrawl:default/node/connector/connector_lava with rotation NONE at (-391 | 27 | 323)
[20Dec2025 06:56:39.844] [Worker-Main-3/DEBUG] [Dungeon Crawl/]: Finished building dungeoncrawl:default/node/connector/connector_lava with rotation NONE at (-391 | 27 | 323)
[20Dec2025 06:56:39.844] [Worker-Main-3/DEBUG] [Dungeon Crawl/]: Building dungeoncrawl:hell/node/lava_hall with rotation NONE at (-386 | 27 | 318)
[20Dec2025 06:56:39.844] [Worker-Main-3/DEBUG] [Dungeon Crawl/]: Finished building dungeoncrawl:hell/node/lava_hall with rotation NONE at (-386 | 27 | 318)
[20Dec2025 06:57:24.711] [Worker-Main-1/DEBUG] [Dungeon Crawl/]: Building dungeoncrawl:default/multipart/node_connector with rotation CLOCKWISE_90 at (-407 | 63 | 333)
[20Dec2025 06:57:24.712] [Worker-Main-1/DEBUG] [Dungeon Crawl/]: Finished building dungeoncrawl:default/multipart/node_connector with rotation CLOCKWISE_90 at (-407 | 63 | 333)
[20Dec2025 06:57:24.712] [Worker-Main-1/DEBUG] [Dungeon Crawl/]: Building dungeoncrawl:default/node/connector/connector_6 with rotation COUNTERCLOCKWISE_90 at (-408 | 63 | 335)
[20Dec2025 06:57:24.712] [Worker-Main-1/DEBUG] [Dungeon Crawl/]: Finished building dungeoncrawl:default/node/connector/connector_6 with rotation COUNTERCLOCKWISE_90 at (-408 | 63 | 335)
[20Dec2025 06:57:24.712] [Worker-Main-1/DEBUG] [Dungeon Crawl/]: Building dungeoncrawl:default/node/jukebox_room with rotation COUNTERCLOCKWISE_90 at (-411 | 63 | 320)
[20Dec2025 06:57:24.713] [Worker-Main-1/DEBUG] [Dungeon Crawl/]: Finished building dungeoncrawl:default/node/jukebox_room with rotation COUNTERCLOCKWISE_90 at (-411 | 63 | 320)
[20Dec2025 06:57:24.714] [Worker-Main-1/DEBUG] [Dungeon Crawl/]: Building dungeoncrawl:default/room/spawner_room with rotation CLOCKWISE_180 at (-418 | 54 | 313)
[20Dec2025 06:57:24.714] [Worker-Main-1/DEBUG] [Dungeon Crawl/]: Finished building dungeoncrawl:default/room/spawner_room with rotation CLOCKWISE_180 at (-418 | 54 | 313)
[20Dec2025 06:57:24.714] [Worker-Main-1/DEBUG] [Dungeon Crawl/]: Building dungeoncrawl:default/multipart/corridor/default with rotation NONE at (-415 | 54 | 332)
[20Dec2025 06:57:24.716] [Worker-Main-1/DEBUG] [Dungeon Crawl/]: Finished building dungeoncrawl:default/multipart/corridor/default with rotation NONE at (-415 | 54 | 332)
[20Dec2025 06:57:24.716] [Worker-Main-1/DEBUG] [Dungeon Crawl/]: Building dungeoncrawl:default/corridor/corridor with rotation CLOCKWISE_180 at (-418 | 54 | 332)
[20Dec2025 06:57:24.716] [Worker-Main-1/DEBUG] [Dungeon Crawl/]: Finished building dungeoncrawl:default/corridor/corridor with rotation CLOCKWISE_180 at (-418 | 54 | 332)
[20Dec2025 06:57:24.716] [Worker-Main-1/DEBUG] [Dungeon Crawl/]: Building dungeoncrawl:default/corridor/linker/linker_5 with rotation CLOCKWISE_90 at (-409 | 54 | 313)
[20Dec2025 06:57:24.716] [Worker-Main-1/DEBUG] [Dungeon Crawl/]: Finished building dungeoncrawl:default/corridor/linker/linker_5 with rotation CLOCKWISE_90 at (-409 | 54 | 313)
[20Dec2025 06:57:24.717] [Worker-Main-1/DEBUG] [Dungeon Crawl/]: Building dungeoncrawl:default/corridor/corridor_2 with rotation CLOCKWISE_90 at (-408 | 54 | 322)
[20Dec2025 06:57:24.717] [Worker-Main-1/DEBUG] [Dungeon Crawl/]: Finished building dungeoncrawl:default/corridor/corridor_2 with rotation CLOCKWISE_90 at (-408 | 54 | 322)
[20Dec2025 06:57:24.717] [Worker-Main-1/DEBUG] [Dungeon Crawl/]: Building dungeoncrawl:default/room/spawner_room_2 with rotation NONE at (-409 | 54 | 331)
[20Dec2025 06:57:24.718] [Worker-Main-1/DEBUG] [Dungeon Crawl/]: Finished building dungeoncrawl:default/room/spawner_room_2 with rotation NONE at (-409 | 54 | 331)
[20Dec2025 06:57:24.718] [Worker-Main-1/DEBUG] [Dungeon Crawl/]: Building dungeoncrawl:default/corridor/corridor with rotation COUNTERCLOCKWISE_90 at (-417 | 45 | 313)
[20Dec2025 06:57:24.718] [Worker-Main-1/DEBUG] [Dungeon Crawl/]: Finished building dungeoncrawl:default/corridor/corridor with rotation COUNTERCLOCKWISE_90 at (-417 | 45 | 313)
[20Dec2025 06:57:24.718] [Worker-Main-1/DEBUG] [Dungeon Crawl/]: Building dungeoncrawl:default/corridor/stone_corridor with rotation COUNTERCLOCKWISE_90 at (-417 | 45 | 322)
[20Dec2025 06:57:24.719] [Worker-Main-1/DEBUG] [Dungeon Crawl/]: Finished building dungeoncrawl:default/corridor/stone_corridor with rotation COUNTERCLOCKWISE_90 at (-417 | 45 | 322)
[20Dec2025 06:57:24.719] [Worker-Main-1/DEBUG] [Dungeon Crawl/]: Building dungeoncrawl:catacombs/room/spawner_room with rotation NONE at (-418 | 45 | 331)
[20Dec2025 06:57:24.719] [Worker-Main-1/DEBUG] [Dungeon Crawl/]: Finished building dungeoncrawl:catacombs/room/spawner_room with rotation NONE at (-418 | 45 | 331)
[20Dec2025 06:57:24.719] [Worker-Main-1/DEBUG] [Dungeon Crawl/]: Building dungeoncrawl:catacombs/node/prison with rotation CLOCKWISE_90 at (-431 | 36 | 309)
[20Dec2025 06:57:24.720] [Worker-Main-1/DEBUG] [Dungeon Crawl/]: Finished building dungeoncrawl:catacombs/node/prison with rotation CLOCKWISE_90 at (-431 | 36 | 309)
[20Dec2025 06:57:24.720] [Worker-Main-1/DEBUG] [Dungeon Crawl/]: Running decoration VineDecoration[chance=0.35] for dungeoncrawl:catacombs/node/prison at (-431 | 36 | 309)
[20Dec2025 06:57:24.721] [Worker-Main-1/DEBUG] [Dungeon Crawl/]: Finished decoration VineDecoration[chance=0.35] for dungeoncrawl:catacombs/node/prison at (-431 | 36 | 309)
[20Dec2025 06:57:24.769] [Worker-Main-1/DEBUG] [Dungeon Crawl/]: Building dungeoncrawl:default/node/connector/connector_6 with rotation COUNTERCLOCKWISE_90 at (-408 | 63 | 335)
[20Dec2025 06:57:24.769] [Worker-Main-1/DEBUG] [Dungeon Crawl/]: Finished building dungeoncrawl:default/node/connector/connector_6 with rotation COUNTERCLOCKWISE_90 at (-408 | 63 | 335)
[20Dec2025 06:57:24.769] [Worker-Main-1/DEBUG] [Dungeon Crawl/]: Building dungeoncrawl:default/room/spawner_room with rotation NONE at (-409 | 63 | 340)
[20Dec2025 06:57:24.770] [Worker-Main-1/DEBUG] [Dungeon Crawl/]: Finished building dungeoncrawl:default/room/spawner_room with rotation NONE at (-409 | 63 | 340)
[20Dec2025 06:57:24.770] [Worker-Main-1/DEBUG] [Dungeon Crawl/]: Building dungeoncrawl:default/multipart/corridor/fire with rotation CLOCKWISE_180 at (-415 | 54 | 337)
[20Dec2025 06:57:24.770] [Worker-Main-1/DEBUG] [Dungeon Crawl/]: Finished building dungeoncrawl:default/multipart/corridor/fire with rotation CLOCKWISE_180 at (-415 | 54 | 337)
[20Dec2025 06:57:24.770] [Worker-Main-1/DEBUG] [Dungeon Crawl/]: Building dungeoncrawl:default/corridor/corridor with rotation CLOCKWISE_180 at (-418 | 54 | 332)
[20Dec2025 06:57:24.770] [Worker-Main-1/DEBUG] [Dungeon Crawl/]: Finished building dungeoncrawl:default/corridor/corridor with rotation CLOCKWISE_180 at (-418 | 54 | 332)
[20Dec2025 06:57:24.770] [Worker-Main-1/DEBUG] [Dungeon Crawl/]: Building dungeoncrawl:default/room/spawner_room_2 with rotation NONE at (-409 | 54 | 331)
[20Dec2025 06:57:24.771] [Worker-Main-1/DEBUG] [Dungeon Crawl/]: Finished building dungeoncrawl:default/room/spawner_room_2 with rotation NONE at (-409 | 54 | 331)
[20Dec2025 06:57:24.771] [Worker-Main-1/DEBUG] [Dungeon Crawl/]: Building dungeoncrawl:catacombs/room/spawner_room with rotation NONE at (-418 | 45 | 331)
[20Dec2025 06:57:24.771] [Worker-Main-1/DEBUG] [Dungeon Crawl/]: Finished building dungeoncrawl:catacombs/room/spawner_room with rotation NONE at (-418 | 45 | 331)
[20Dec2025 06:57:24.771] [Worker-Main-1/DEBUG] [Dungeon Crawl/]: Building dungeoncrawl:default/stairs_top with rotation NONE at (-418 | 45 | 340)
[20Dec2025 06:57:24.772] [Worker-Main-1/DEBUG] [Dungeon Crawl/]: Finished building dungeoncrawl:default/stairs_top with rotation NONE at (-418 | 45 | 340)
[20Dec2025 06:57:24.772] [Worker-Main-1/DEBUG] [Dungeon Crawl/]: Building dungeoncrawl:default/multipart/corridor/spawner_room with rotation NONE at (-407 | 45 | 337)
[20Dec2025 06:57:24.772] [Worker-Main-1/DEBUG] [Dungeon Crawl/]: Finished building dungeoncrawl:default/multipart/corridor/spawner_room with rotation NONE at (-407 | 45 | 337)
[20Dec2025 06:57:24.772] [Worker-Main-1/DEBUG] [Dungeon Crawl/]: Building dungeoncrawl:default/multipart/corridor/spawner_room with rotation CLOCKWISE_180 at (-407 | 45 | 346)
[20Dec2025 06:57:24.773] [Worker-Main-1/DEBUG] [Dungeon Crawl/]: Finished building dungeoncrawl:default/multipart/corridor/spawner_room with rotation CLOCKWISE_180 at (-407 | 45 | 346)
[20Dec2025 06:57:24.773] [Worker-Main-1/DEBUG] [Dungeon Crawl/]: Building dungeoncrawl:default/corridor/corridor with rotation NONE at (-409 | 45 | 341)
[20Dec2025 06:57:24.773] [Worker-Main-1/DEBUG] [Dungeon Crawl/]: Finished building dungeoncrawl:default/corridor/corridor with rotation NONE at (-409 | 45 | 341)
[20Dec2025 06:57:24.773] [Worker-Main-1/DEBUG] [Dungeon Crawl/]: Building dungeoncrawl:default/stairs_bottom with rotation NONE at (-418 | 36 | 340)
[20Dec2025 06:57:24.777] [Worker-Main-1/DEBUG] [Dungeon Crawl/]: Finished building dungeoncrawl:default/stairs_bottom with rotation NONE at (-418 | 36 | 340)
[20Dec2025 06:57:24.777] [Worker-Main-1/DEBUG] [Dungeon Crawl/]: Running decoration VineDecoration[chance=0.35] for dungeoncrawl:default/stairs_bottom at (-418 | 36 | 340)
[20Dec2025 06:57:24.778] [Worker-Main-1/DEBUG] [Dungeon Crawl/]: Finished decoration VineDecoration[chance=0.35] for dungeoncrawl:default/stairs_bottom at (-418 | 36 | 340)
[20Dec2025 06:57:24.778] [Worker-Main-1/DEBUG] [Dungeon Crawl/]: Building dungeoncrawl:default/multipart/short_node_connector with rotation CLOCKWISE_180 at (-404 | 36 | 342)
[20Dec2025 06:57:24.778] [Worker-Main-1/DEBUG] [Dungeon Crawl/]: Finished building dungeoncrawl:default/multipart/short_node_connector with rotation CLOCKWISE_180 at (-404 | 36 | 342)
[20Dec2025 06:57:24.778] [Worker-Main-1/DEBUG] [Dungeon Crawl/]: Running decoration VineDecoration[chance=0.35] for dungeoncrawl:default/multipart/short_node_connector at (-404 | 36 | 342)
[20Dec2025 06:57:24.778] [Worker-Main-1/DEBUG] [Dungeon Crawl/]: Finished decoration VineDecoration[chance=0.35] for dungeoncrawl:default/multipart/short_node_connector at (-404 | 36 | 342)
[20Dec2025 06:57:24.778] [Worker-Main-1/DEBUG] [Dungeon Crawl/]: Building dungeoncrawl:default/node/connector/connector_4 with rotation NONE at (-409 | 36 | 342)
[20Dec2025 06:57:24.779] [Worker-Main-1/DEBUG] [Dungeon Crawl/]: Finished building dungeoncrawl:default/node/connector/connector_4 with rotation NONE at (-409 | 36 | 342)
[20Dec2025 06:57:24.779] [Worker-Main-1/DEBUG] [Dungeon Crawl/]: Running decoration VineDecoration[chance=0.35] for dungeoncrawl:default/node/connector/connector_4 at (-409 | 36 | 342)
[20Dec2025 06:57:24.779] [Worker-Main-1/DEBUG] [Dungeon Crawl/]: Finished decoration VineDecoration[chance=0.35] for dungeoncrawl:default/node/connector/connector_4 at (-409 | 36 | 342)
[20Dec2025 06:57:24.779] [Worker-Main-1/DEBUG] [Dungeon Crawl/]: Building dungeoncrawl:catacombs/node/room with rotation NONE at (-403 | 36 | 337)
[20Dec2025 06:57:24.779] [Worker-Main-1/DEBUG] [Dungeon Crawl/]: Finished building dungeoncrawl:catacombs/node/room with rotation NONE at (-403 | 36 | 337)
[20Dec2025 06:57:24.779] [Worker-Main-1/DEBUG] [Dungeon Crawl/]: Running decoration VineDecoration[chance=0.35] for dungeoncrawl:catacombs/node/room at (-403 | 36 | 337)
[20Dec2025 06:57:24.780] [Worker-Main-1/DEBUG] [Dungeon Crawl/]: Finished decoration VineDecoration[chance=0.35] for dungeoncrawl:catacombs/node/room at (-403 | 36 | 337)
[20Dec2025 06:57:24.780] [Worker-Main-1/DEBUG] [Dungeon Crawl/]: Building dungeoncrawl:default/node/connector/connector_lava with rotation CLOCKWISE_180 at (-405 | 27 | 341)
[20Dec2025 06:57:24.780] [Worker-Main-1/DEBUG] [Dungeon Crawl/]: Finished building dungeoncrawl:default/node/connector/connector_lava with rotation CLOCKWISE_180 at (-405 | 27 | 341)
[20Dec2025 06:57:24.780] [Worker-Main-1/DEBUG] [Dungeon Crawl/]: Building dungeoncrawl:hell/node/lava_hall with rotation CLOCKWISE_180 at (-422 | 27 | 336)
[20Dec2025 06:57:24.783] [Worker-Main-1/DEBUG] [Dungeon Crawl/]: Finished building dungeoncrawl:hell/node/lava_hall with rotation CLOCKWISE_180 at (-422 | 27 | 336)
[20Dec2025 06:57:32.496] [Worker-Main-3/DEBUG] [Dungeon Crawl/]: Building dungeoncrawl:default/room/spawner_room_2 with rotation NONE at (-436 | 63 | 313)
[20Dec2025 06:57:32.496] [Worker-Main-3/DEBUG] [Dungeon Crawl/]: Finished building dungeoncrawl:default/room/spawner_room_2 with rotation NONE at (-436 | 63 | 313)
[20Dec2025 06:57:32.496] [Worker-Main-3/DEBUG] [Dungeon Crawl/]: Building dungeoncrawl:default/multipart/node_connector with rotation COUNTERCLOCKWISE_90 at (-434 | 63 | 327)
[20Dec2025 06:57:32.496] [Worker-Main-3/DEBUG] [Dungeon Crawl/]: Finished building dungeoncrawl:default/multipart/node_connector with rotation COUNTERCLOCKWISE_90 at (-434 | 63 | 327)
[20Dec2025 06:57:32.496] [Worker-Main-3/DEBUG] [Dungeon Crawl/]: Building dungeoncrawl:default/node/connector/connector_6 with rotation CLOCKWISE_90 at (-435 | 63 | 322)
[20Dec2025 06:57:32.496] [Worker-Main-3/DEBUG] [Dungeon Crawl/]: Finished building dungeoncrawl:default/node/connector/connector_6 with rotation CLOCKWISE_90 at (-435 | 63 | 322)
[20Dec2025 06:57:32.496] [Worker-Main-3/DEBUG] [Dungeon Crawl/]: Building dungeoncrawl:default/node/room with rotation CLOCKWISE_90 at (-438 | 63 | 329)
[20Dec2025 06:57:32.497] [Worker-Main-3/DEBUG] [Dungeon Crawl/]: Finished building dungeoncrawl:default/node/room with rotation CLOCKWISE_90 at (-438 | 63 | 329)
[20Dec2025 06:57:32.497] [Worker-Main-3/DEBUG] [Dungeon Crawl/]: Building dungeoncrawl:default/room/spawner_room with rotation NONE at (-436 | 54 | 313)
[20Dec2025 06:57:32.497] [Worker-Main-3/DEBUG] [Dungeon Crawl/]: Finished building dungeoncrawl:default/room/spawner_room with rotation NONE at (-436 | 54 | 313)
[20Dec2025 06:57:32.497] [Worker-Main-3/DEBUG] [Dungeon Crawl/]: Building dungeoncrawl:default/multipart/corridor/chest_room with rotation NONE at (-434 | 54 | 328)
[20Dec2025 06:57:32.498] [Worker-Main-3/DEBUG] [Dungeon Crawl/]: Finished building dungeoncrawl:default/multipart/corridor/chest_room with rotation NONE at (-434 | 54 | 328)
[20Dec2025 06:57:32.498] [Worker-Main-3/DEBUG] [Dungeon Crawl/]: Building dungeoncrawl:default/corridor/corridor with rotation CLOCKWISE_180 at (-436 | 54 | 332)
[20Dec2025 06:57:32.498] [Worker-Main-3/DEBUG] [Dungeon Crawl/]: Finished building dungeoncrawl:default/corridor/corridor with rotation CLOCKWISE_180 at (-436 | 54 | 332)
[20Dec2025 06:57:32.498] [Worker-Main-3/DEBUG] [Dungeon Crawl/]: Building dungeoncrawl:default/corridor/corridor_2 with rotation CLOCKWISE_180 at (-427 | 54 | 332)
[20Dec2025 06:57:32.498] [Worker-Main-3/DEBUG] [Dungeon Crawl/]: Finished building dungeoncrawl:default/corridor/corridor_2 with rotation CLOCKWISE_180 at (-427 | 54 | 332)
[20Dec2025 06:57:32.498] [Worker-Main-3/DEBUG] [Dungeon Crawl/]: Building dungeoncrawl:default/room/spawner_room with rotation CLOCKWISE_180 at (-418 | 54 | 313)
[20Dec2025 06:57:32.498] [Worker-Main-3/DEBUG] [Dungeon Crawl/]: Finished building dungeoncrawl:default/room/spawner_room with rotation CLOCKWISE_180 at (-418 | 54 | 313)
[20Dec2025 06:57:32.498] [Worker-Main-3/DEBUG] [Dungeon Crawl/]: Building dungeoncrawl:default/corridor/corridor with rotation CLOCKWISE_180 at (-418 | 54 | 332)
[20Dec2025 06:57:32.498] [Worker-Main-3/DEBUG] [Dungeon Crawl/]: Finished building dungeoncrawl:default/corridor/corridor with rotation CLOCKWISE_180 at (-418 | 54 | 332)
[20Dec2025 06:57:32.498] [Worker-Main-3/DEBUG] [Dungeon Crawl/]: Building dungeoncrawl:catacombs/multipart/large_spawner_cell_open with rotation NONE at (-428 | 45 | 320)
[20Dec2025 06:57:32.498] [Worker-Main-3/DEBUG] [Dungeon Crawl/]: Finished building dungeoncrawl:catacombs/multipart/large_spawner_cell_open with rotation NONE at (-428 | 45 | 320)
[20Dec2025 06:57:32.498] [Worker-Main-3/DEBUG] [Dungeon Crawl/]: Building dungeoncrawl:default/node/connector/connector_3 with rotation COUNTERCLOCKWISE_90 at (-435 | 45 | 326)
[20Dec2025 06:57:32.498] [Worker-Main-3/DEBUG] [Dungeon Crawl/]: Finished building dungeoncrawl:default/node/connector/connector_3 with rotation COUNTERCLOCKWISE_90 at (-435 | 45 | 326)
[20Dec2025 06:57:32.498] [Worker-Main-3/DEBUG] [Dungeon Crawl/]: Building dungeoncrawl:catacombs/node/crypt_turn with rotation NONE at (-440 | 45 | 309)
[20Dec2025 06:57:32.499] [Worker-Main-3/DEBUG] [Dungeon Crawl/]: Finished building dungeoncrawl:catacombs/node/crypt_turn with rotation NONE at (-440 | 45 | 309)
[20Dec2025 06:57:32.499] [Worker-Main-3/DEBUG] [Dungeon Crawl/]: Building dungeoncrawl:catacombs/room/spawner_room with rotation NONE at (-436 | 45 | 331)
[20Dec2025 06:57:32.499] [Worker-Main-3/DEBUG] [Dungeon Crawl/]: Finished building dungeoncrawl:catacombs/room/spawner_room with rotation NONE at (-436 | 45 | 331)
[20Dec2025 06:57:32.500] [Worker-Main-3/DEBUG] [Dungeon Crawl/]: Building dungeoncrawl:default/multipart/corridor/variant with rotation NONE at (-424 | 45 | 332)
[20Dec2025 06:57:32.500] [Worker-Main-3/DEBUG] [Dungeon Crawl/]: Finished building dungeoncrawl:default/multipart/corridor/variant with rotation NONE at (-424 | 45 | 332)
[20Dec2025 06:57:32.500] [Worker-Main-3/DEBUG] [Dungeon Crawl/]: Building dungeoncrawl:default/corridor/corridor with rotation NONE at (-427 | 45 | 332)
[20Dec2025 06:57:32.500] [Worker-Main-3/DEBUG] [Dungeon Crawl/]: Finished building dungeoncrawl:default/corridor/corridor with rotation NONE at (-427 | 45 | 332)
[20Dec2025 06:57:32.500] [Worker-Main-3/DEBUG] [Dungeon Crawl/]: Building dungeoncrawl:default/corridor/corridor with rotation COUNTERCLOCKWISE_90 at (-417 | 45 | 313)
[20Dec2025 06:57:32.500] [Worker-Main-3/DEBUG] [Dungeon Crawl/]: Finished building dungeoncrawl:default/corridor/corridor with rotation COUNTERCLOCKWISE_90 at (-417 | 45 | 313)
[20Dec2025 06:57:32.500] [Worker-Main-3/DEBUG] [Dungeon Crawl/]: Building dungeoncrawl:default/corridor/stone_corridor with rotation COUNTERCLOCKWISE_90 at (-417 | 45 | 322)
[20Dec2025 06:57:32.500] [Worker-Main-3/DEBUG] [Dungeon Crawl/]: Finished building dungeoncrawl:default/corridor/stone_corridor with rotation COUNTERCLOCKWISE_90 at (-417 | 45 | 322)
[20Dec2025 06:57:32.500] [Worker-Main-3/DEBUG] [Dungeon Crawl/]: Building dungeoncrawl:catacombs/room/spawner_room with rotation NONE at (-418 | 45 | 331)
[20Dec2025 06:57:32.500] [Worker-Main-3/DEBUG] [Dungeon Crawl/]: Finished building dungeoncrawl:catacombs/room/spawner_room with rotation NONE at (-418 | 45 | 331)
[20Dec2025 06:57:32.500] [Worker-Main-3/DEBUG] [Dungeon Crawl/]: Building dungeoncrawl:default/multipart/corridor/spawner_room with rotation NONE at (-434 | 36 | 328)
[20Dec2025 06:57:32.501] [Worker-Main-3/DEBUG] [Dungeon Crawl/]: Finished building dungeoncrawl:default/multipart/corridor/spawner_room with rotation NONE at (-434 | 36 | 328)
[20Dec2025 06:57:32.501] [Worker-Main-3/DEBUG] [Dungeon Crawl/]: Running decoration VineDecoration[chance=0.35] for dungeoncrawl:default/multipart/corridor/spawner_room at (-434 | 36 | 328)
[20Dec2025 06:57:32.501] [Worker-Main-3/DEBUG] [Dungeon Crawl/]: Finished decoration VineDecoration[chance=0.35] for dungeoncrawl:default/multipart/corridor/spawner_room at (-434 | 36 | 328)
[20Dec2025 06:57:32.501] [Worker-Main-3/DEBUG] [Dungeon Crawl/]: Building dungeoncrawl:default/corridor/corridor with rotation CLOCKWISE_180 at (-436 | 36 | 332)
[20Dec2025 06:57:32.501] [Worker-Main-3/DEBUG] [Dungeon Crawl/]: Finished building dungeoncrawl:default/corridor/corridor with rotation CLOCKWISE_180 at (-436 | 36 | 332)
[20Dec2025 06:57:32.501] [Worker-Main-3/DEBUG] [Dungeon Crawl/]: Running decoration VineDecoration[chance=0.35] for dungeoncrawl:default/corridor/corridor at (-436 | 36 | 332)
[20Dec2025 06:57:32.501] [Worker-Main-3/DEBUG] [Dungeon Crawl/]: Finished decoration VineDecoration[chance=0.35] for dungeoncrawl:default/corridor/corridor at (-436 | 36 | 332)
[20Dec2025 06:57:32.501] [Worker-Main-3/DEBUG] [Dungeon Crawl/]: Building dungeoncrawl:default/node/connector/connector_4 with rotation COUNTERCLOCKWISE_90 at (-425 | 36 | 326)
[20Dec2025 06:57:32.502] [Worker-Main-3/DEBUG] [Dungeon Crawl/]: Finished building dungeoncrawl:default/node/connector/connector_4 with rotation COUNTERCLOCKWISE_90 at (-425 | 36 | 326)
[20Dec2025 06:57:32.502] [Worker-Main-3/DEBUG] [Dungeon Crawl/]: Running decoration VineDecoration[chance=0.35] for dungeoncrawl:default/node/connector/connector_4 at (-425 | 36 | 326)
[20Dec2025 06:57:32.502] [Worker-Main-3/DEBUG] [Dungeon Crawl/]: Finished decoration VineDecoration[chance=0.35] for dungeoncrawl:default/node/connector/connector_4 at (-425 | 36 | 326)
[20Dec2025 06:57:32.502] [Worker-Main-3/DEBUG] [Dungeon Crawl/]: Building dungeoncrawl:catacombs/node/prison with rotation CLOCKWISE_90 at (-431 | 36 | 309)
[20Dec2025 06:57:32.503] [Worker-Main-3/DEBUG] [Dungeon Crawl/]: Finished building dungeoncrawl:catacombs/node/prison with rotation CLOCKWISE_90 at (-431 | 36 | 309)
[20Dec2025 06:57:32.503] [Worker-Main-3/DEBUG] [Dungeon Crawl/]: Running decoration VineDecoration[chance=0.35] for dungeoncrawl:catacombs/node/prison at (-431 | 36 | 309)
[20Dec2025 06:57:32.504] [Worker-Main-3/DEBUG] [Dungeon Crawl/]: Finished decoration VineDecoration[chance=0.35] for dungeoncrawl:catacombs/node/prison at (-431 | 36 | 309)
[20Dec2025 06:57:32.504] [Worker-Main-3/DEBUG] [Dungeon Crawl/]: Building dungeoncrawl:catacombs/room/spawner_room with rotation NONE at (-427 | 36 | 331)
[20Dec2025 06:57:32.505] [Worker-Main-3/DEBUG] [Dungeon Crawl/]: Finished building dungeoncrawl:catacombs/room/spawner_room with rotation NONE at (-427 | 36 | 331)
[20Dec2025 06:57:32.505] [Worker-Main-3/DEBUG] [Dungeon Crawl/]: Running decoration VineDecoration[chance=0.35] for dungeoncrawl:catacombs/room/spawner_room at (-427 | 36 | 331)
[20Dec2025 06:57:32.505] [Worker-Main-3/DEBUG] [Dungeon Crawl/]: Finished decoration VineDecoration[chance=0.35] for dungeoncrawl:catacombs/room/spawner_room at (-427 | 36 | 331)
[20Dec2025 06:58:35.844] [Server thread/DEBUG] [net.minecraftforge.common.ForgeHooks/WP]: Gathering id map for writing to world save world
[20Dec2025 06:58:35.852] [Server thread/DEBUG] [net.minecraftforge.common.ForgeHooks/WP]: ID Map collection complete world
[20Dec2025 06:58:59.620] [Server thread/INFO] [net.minecraft.server.MinecraftServer/]: AcidD_x has made the advancement [Hot Stuff]
[20Dec2025 07:00:52.699] [Server thread/INFO] [net.minecraft.server.MinecraftServer/]: TheAstoria1090 has made the advancement [Dragon Commander]
[20Dec2025 07:03:35.848] [Server thread/DEBUG] [net.minecraftforge.common.ForgeHooks/WP]: Gathering id map for writing to world save world
[20Dec2025 07:03:35.855] [Server thread/DEBUG] [net.minecraftforge.common.ForgeHooks/WP]: ID Map collection complete world
[20Dec2025 07:07:52.838] [Server thread/INFO] [net.minecraft.server.MinecraftServer/]: [TheAstoria1090: Teleported AcidD_x to TheAstoria1090]
[20Dec2025 07:08:24.865] [Server thread/INFO] [net.minecraft.server.MinecraftServer/]: Crowdante53 has made the advancement [Dragon Commander]
[20Dec2025 07:08:35.839] [Server thread/DEBUG] [net.minecraftforge.common.ForgeHooks/WP]: Gathering id map for writing to world save world
[20Dec2025 07:08:35.846] [Server thread/DEBUG] [net.minecraftforge.common.ForgeHooks/WP]: ID Map collection complete world
[20Dec2025 07:12:56.537] [Server thread/INFO] [net.minecraft.server.MinecraftServer/]: [TheAstoria1090: Teleported TheAstoria1090 to Crowdante53]
[20Dec2025 07:13:35.840] [Server thread/DEBUG] [net.minecraftforge.common.ForgeHooks/WP]: Gathering id map for writing to world save world
[20Dec2025 07:13:35.847] [Server thread/DEBUG] [net.minecraftforge.common.ForgeHooks/WP]: ID Map collection complete world
[20Dec2025 07:14:03.034] [Server thread/INFO] [net.minecraft.server.MinecraftServer/]: [TheAstoria1090: Teleported TheAstoria1090 to Crowdante53]
[20Dec2025 07:16:36.219] [Server thread/INFO] [net.minecraft.server.MinecraftServer/]: [TheAstoria1090: Teleported TheAstoria1090 to Crowdante53]
[20Dec2025 07:16:55.347] [Server thread/INFO] [net.minecraft.server.MinecraftServer/]: [TheAstoria1090: Teleported TheAstoria1090 to AcidD_x]
[20Dec2025 07:17:49.824] [Server thread/INFO] [net.minecraft.server.MinecraftServer/]: [TheAstoria1090: Teleported TheAstoria1090 to Crowdante53]
[20Dec2025 07:18:35.855] [Server thread/DEBUG] [net.minecraftforge.common.ForgeHooks/WP]: Gathering id map for writing to world save world
[20Dec2025 07:18:35.865] [Server thread/DEBUG] [net.minecraftforge.common.ForgeHooks/WP]: ID Map collection complete world
[20Dec2025 07:19:48.391] [Server thread/INFO] [net.minecraft.server.MinecraftServer/]: [TheAstoria1090: Teleported AcidD_x to TheAstoria1090]
[20Dec2025 07:22:54.714] [Server thread/INFO] [net.minecraft.server.MinecraftServer/]: TheAstoria1090 has made the advancement [Best Friends Forever]
[20Dec2025 07:23:35.842] [Server thread/DEBUG] [net.minecraftforge.common.ForgeHooks/WP]: Gathering id map for writing to world save world
[20Dec2025 07:23:35.849] [Server thread/DEBUG] [net.minecraftforge.common.ForgeHooks/WP]: ID Map collection complete world
[20Dec2025 07:24:25.129] [Server thread/INFO] [net.minecraft.server.MinecraftServer/]: [TheAstoria1090: Teleported TheAstoria1090 to Crowdante53]
[20Dec2025 07:27:20.984] [Worker-Main-1/WARN] [net.minecraft.world.entity.EntityType/]: Skipping Entity with id scpo:scp_049
[20Dec2025 07:27:21.296] [Worker-Main-2/WARN] [net.minecraft.world.entity.EntityType/]: Skipping Entity with id scpo:scp_049
[20Dec2025 07:28:23.872] [Server thread/INFO] [net.minecraft.server.MinecraftServer/]: [TheAstoria1090: Gave 1 [Combat Rifle] to TheAstoria1090]
[20Dec2025 07:28:35.857] [Server thread/DEBUG] [net.minecraftforge.common.ForgeHooks/WP]: Gathering id map for writing to world save world
[20Dec2025 07:28:35.865] [Server thread/DEBUG] [net.minecraftforge.common.ForgeHooks/WP]: ID Map collection complete world
[20Dec2025 07:29:07.627] [Server thread/INFO] [net.minecraft.server.MinecraftServer/]: [TheAstoria1090: Gave 1 [Assault Rifle] to TheAstoria1090]
[20Dec2025 07:30:40.473] [Server thread/INFO] [net.minecraft.server.MinecraftServer/]: TheAstoria1090 has made the advancement [My Name is Nobody]
[20Dec2025 07:31:01.902] [Server thread/INFO] [net.minecraft.server.MinecraftServer/]: [TheAstoria1090: Gave 124 [Rifle Ammo] to TheAstoria1090]
[20Dec2025 07:31:50.006] [Worker-Main-1/WARN] [net.minecraft.world.entity.EntityType/]: Skipping Entity with id scpo:scp_049
[20Dec2025 07:33:35.845] [Server thread/DEBUG] [net.minecraftforge.common.ForgeHooks/WP]: Gathering id map for writing to world save world
[20Dec2025 07:33:35.853] [Server thread/DEBUG] [net.minecraftforge.common.ForgeHooks/WP]: ID Map collection complete world
[20Dec2025 07:33:56.408] [Worker-Main-1/WARN] [net.minecraft.world.entity.EntityType/]: Skipping Entity with id shy_guy:shy_guy
[20Dec2025 07:33:56.458] [Worker-Main-3/WARN] [net.minecraft.world.entity.EntityType/]: Skipping Entity with id scpo:scp_049
[20Dec2025 07:34:02.978] [Worker-Main-1/WARN] [net.minecraft.world.entity.EntityType/]: Skipping Entity with id scpo:scp_173
[20Dec2025 07:34:06.591] [Worker-Main-1/WARN] [net.minecraft.world.entity.EntityType/]: Skipping Entity with id scpo:scp_3199
[20Dec2025 07:34:09.067] [Worker-Main-3/WARN] [net.minecraft.world.entity.EntityType/]: Skipping Entity with id scpo:scp_173
[20Dec2025 07:34:15.778] [Worker-Main-3/WARN] [net.minecraft.world.entity.EntityType/]: Skipping Entity with id scpo:scp_966
[20Dec2025 07:34:15.843] [Worker-Main-1/WARN] [net.minecraft.world.entity.EntityType/]: Skipping Entity with id scpo:scp_049
[20Dec2025 07:34:21.365] [Worker-Main-1/WARN] [net.minecraft.world.entity.EntityType/]: Skipping Entity with id scpo:scp_106
[20Dec2025 07:34:23.823] [Worker-Main-3/WARN] [net.minecraft.world.entity.EntityType/]: Skipping Entity with id scpo:scp_049
[20Dec2025 07:34:27.047] [Worker-Main-2/WARN] [net.minecraft.world.entity.EntityType/]: Skipping Entity with id scpo:scp_966
[20Dec2025 07:36:11.591] [Server thread/INFO] [net.minecraft.server.MinecraftServer/]: [TheAstoria1090: Teleported TheAstoria1090 to Crowdante53]
[20Dec2025 07:36:26.943] [Server thread/INFO] [net.minecraft.server.MinecraftServer/]: [TheAstoria1090: Teleported TheAstoria1090 to AcidD_x]
[20Dec2025 07:36:45.039] [Server thread/INFO] [net.minecraft.server.MinecraftServer/]: [TheAstoria1090: Teleported TheAstoria1090 to AcidD_x]
[20Dec2025 07:38:35.836] [Server thread/DEBUG] [net.minecraftforge.common.ForgeHooks/WP]: Gathering id map for writing to world save world
[20Dec2025 07:38:35.843] [Server thread/DEBUG] [net.minecraftforge.common.ForgeHooks/WP]: ID Map collection complete world
[20Dec2025 07:38:36.993] [Server thread/INFO] [net.minecraft.server.MinecraftServer/]: [TheAstoria1090: Teleported AcidD_x to TheAstoria1090]
[20Dec2025 07:40:54.938] [Server thread/INFO] [net.minecraft.server.MinecraftServer/]: [TheAstoria1090: Teleported TheAstoria1090 to AcidD_x]
[20Dec2025 07:41:26.794] [Server thread/INFO] [net.minecraft.server.MinecraftServer/]: [TheAstoria1090: Teleported TheAstoria1090 to Crowdante53]
[20Dec2025 07:41:50.618] [Server thread/INFO] [net.minecraft.server.MinecraftServer/]: [TheAstoria1090: Teleported TheAstoria1090 to Crowdante53]
[20Dec2025 07:41:54.070] [Server thread/INFO] [net.minecraft.server.MinecraftServer/]: [TheAstoria1090: Teleported TheAstoria1090 to AcidD_x]
[20Dec2025 07:42:11.035] [Server thread/INFO] [net.minecraft.server.MinecraftServer/]: [TheAstoria1090: Teleported TheAstoria1090 to Crowdante53]
[20Dec2025 07:42:43.531] [Server thread/INFO] [net.minecraft.server.MinecraftServer/]: [TheAstoria1090: Teleported TheAstoria1090 to AcidD_x]
[20Dec2025 07:43:35.838] [Server thread/DEBUG] [net.minecraftforge.common.ForgeHooks/WP]: Gathering id map for writing to world save world
[20Dec2025 07:43:35.846] [Server thread/DEBUG] [net.minecraftforge.common.ForgeHooks/WP]: ID Map collection complete world
[20Dec2025 07:43:53.996] [Server thread/INFO] [net.minecraft.server.MinecraftServer/]: [TheAstoria1090: Teleported TheAstoria1090 to Crowdante53]
[20Dec2025 07:46:03.071] [Server thread/INFO] [net.minecraft.server.MinecraftServer/]: [TheAstoria1090: Gave 1 [Obsidian Axe] to TheAstoria1090]
[20Dec2025 07:46:20.637] [Server thread/INFO] [net.minecraft.server.MinecraftServer/]: [TheAstoria1090: Gave 1 [Obsidian Pickaxe] to TheAstoria1090]
[20Dec2025 07:46:56.077] [Server thread/INFO] [net.minecraft.server.MinecraftServer/]: [TheAstoria1090: Teleported TheAstoria1090 to Crowdante53]
[20Dec2025 07:46:59.068] [Server thread/INFO] [net.minecraft.server.MinecraftServer/]: [TheAstoria1090: Teleported TheAstoria1090 to AcidD_x]
[20Dec2025 07:47:42.933] [Server thread/INFO] [net.minecraft.server.MinecraftServer/]: [TheAstoria1090: Teleported AcidD_x to TheAstoria1090]
[20Dec2025 07:48:35.843] [Server thread/DEBUG] [net.minecraftforge.common.ForgeHooks/WP]: Gathering id map for writing to world save world
[20Dec2025 07:48:35.850] [Server thread/DEBUG] [net.minecraftforge.common.ForgeHooks/WP]: ID Map collection complete world
[20Dec2025 07:48:39.095] [Server thread/INFO] [net.minecraft.server.MinecraftServer/]: [TheAstoria1090: Gave 1 [Netherite Pickaxe] to TheAstoria1090]
[20Dec2025 07:50:13.192] [Server thread/INFO] [net.minecraft.server.MinecraftServer/]: [TheAstoria1090: Teleported TheAstoria1090 to Crowdante53]
[20Dec2025 07:51:20.620] [Server thread/INFO] [net.minecraft.server.MinecraftServer/]: [TheAstoria1090: Teleported TheAstoria1090 to AcidD_x]
[20Dec2025 07:52:09.051] [Server thread/INFO] [net.minecraft.server.MinecraftServer/]: [TheAstoria1090: Teleported TheAstoria1090 to Crowdante53]
[20Dec2025 07:52:43.619] [Server thread/INFO] [net.minecraft.server.network.ServerGamePacketListenerImpl/]: TheAstoria1090 lost connection: Disconnected
[20Dec2025 07:52:43.620] [Server thread/INFO] [net.minecraft.server.MinecraftServer/]: TheAstoria1090 left the game
[20Dec2025 07:53:35.834] [Server thread/DEBUG] [net.minecraftforge.common.ForgeHooks/WP]: Gathering id map for writing to world save world
[20Dec2025 07:53:35.841] [Server thread/DEBUG] [net.minecraftforge.common.ForgeHooks/WP]: ID Map collection complete world
[20Dec2025 07:56:34.024] [Netty Epoll Server IO #3/DEBUG] [net.minecraftforge.network.HandshakeHandler/FMLHANDSHAKE]: Starting new modded impl connection. Found 30 messages to dispatch.
[20Dec2025 07:56:34.068] [Server thread/DEBUG] [net.minecraftforge.network.HandshakeHandler/FMLHANDSHAKE]: Sending ticking packet info 'jeg:custom_gun_manager' to 'framework:handshake' sequence 0
[20Dec2025 07:56:34.123] [Server thread/DEBUG] [net.minecraftforge.network.HandshakeHandler/FMLHANDSHAKE]: Sending ticking packet info 'jeg:network_gun_manager' to 'framework:handshake' sequence 1
[20Dec2025 07:56:34.130] [Netty Epoll Server IO #3/DEBUG] [net.minecraftforge.network.LoginWrapper/FMLHANDSHAKE]: Recieved login wrapper packet event for channel framework:handshake with index 0
[20Dec2025 07:56:34.130] [Netty Epoll Server IO #3/DEBUG] [net.minecraftforge.network.HandshakeHandler/FMLHANDSHAKE]: Received client indexed reply 0 of type com.mrcrayfish.framework.api.network.message.HandshakeMessage$Acknowledge
[20Dec2025 07:56:34.130] [Netty Epoll Server IO #3/DEBUG] [Framework/FRAMEWORK_HANDSHAKE]: Received acknowledgement from client
[20Dec2025 07:56:34.167] [Server thread/DEBUG] [net.minecraftforge.network.HandshakeHandler/FMLHANDSHAKE]: Sending ticking packet info 'net.minecraftforge.network.HandshakeMessages$S2CModData' to 'fml:handshake' sequence 2
[20Dec2025 07:56:34.216] [Server thread/DEBUG] [net.minecraftforge.network.HandshakeHandler/FMLHANDSHAKE]: Sending ticking packet info 'net.minecraftforge.network.HandshakeMessages$S2CModList' to 'fml:handshake' sequence 3
[20Dec2025 07:56:34.267] [Server thread/DEBUG] [net.minecraftforge.network.HandshakeHandler/FMLHANDSHAKE]: Sending ticking packet info 'Registry minecraft:command_argument_type' to 'fml:handshake' sequence 4
[20Dec2025 07:56:34.319] [Server thread/DEBUG] [net.minecraftforge.network.HandshakeHandler/FMLHANDSHAKE]: Sending ticking packet info 'Registry minecraft:recipe_serializer' to 'fml:handshake' sequence 5
[20Dec2025 07:56:34.368] [Server thread/DEBUG] [net.minecraftforge.network.HandshakeHandler/FMLHANDSHAKE]: Sending ticking packet info 'Registry minecraft:sound_event' to 'fml:handshake' sequence 6
[20Dec2025 07:56:34.384] [Netty Epoll Server IO #3/DEBUG] [net.minecraftforge.network.LoginWrapper/FMLHANDSHAKE]: Recieved login wrapper packet event for channel framework:handshake with index 1
[20Dec2025 07:56:34.384] [Netty Epoll Server IO #3/DEBUG] [net.minecraftforge.network.HandshakeHandler/FMLHANDSHAKE]: Received client indexed reply 1 of type com.mrcrayfish.framework.api.network.message.HandshakeMessage$Acknowledge
[20Dec2025 07:56:34.384] [Netty Epoll Server IO #3/DEBUG] [Framework/FRAMEWORK_HANDSHAKE]: Received acknowledgement from client
[20Dec2025 07:56:34.385] [Netty Epoll Server IO #3/DEBUG] [net.minecraftforge.network.LoginWrapper/FMLHANDSHAKE]: Recieved login wrapper packet event for channel fml:handshake with index 3
[20Dec2025 07:56:34.385] [Netty Epoll Server IO #3/DEBUG] [net.minecraftforge.network.HandshakeHandler/FMLHANDSHAKE]: Received client indexed reply 3 of type net.minecraftforge.network.HandshakeMessages$C2SModListReply
[20Dec2025 07:56:34.385] [Netty Epoll Server IO #3/DEBUG] [net.minecraftforge.network.HandshakeHandler/FMLHANDSHAKE]: Received client connection with modlist [man_of_many_planes, kuma_api, trashslot, netherexp, protectmobsfromdaylight, geckolib, elysium_api, goblintraders, immersive_aircraft, bettercaves, underground_bunkers, waystones, modernfix, citadel, travelersbackpack, zombieawareness, yungsapi, mixinextras, dungeoncrawl, iceandfire, balm, puzzlesaccessapi, cloth_config, forge, embeddium, rubidium, minecraft, emi, jei, jeg, mteg, block_factorys_bosses, jade, ribbits, curios, easy_emerald, gravestone, gobber2, coroutil, warfare_wings, architectury, vinery, ferritecore, aiimprovements, embeddium_extra, puzzleslib, framework, horde_hoard, enchantinginfuser, skinrestorer]
[20Dec2025 07:56:34.385] [Netty Epoll Server IO #3/DEBUG] [net.minecraftforge.network.NetworkRegistry/NETREGISTRY]: Channel 'skinshuffle:skin_refresh' : Version test of '' from client : ACCEPTED
[20Dec2025 07:56:34.385] [Netty Epoll Server IO #3/DEBUG] [net.minecraftforge.network.NetworkRegistry/NETREGISTRY]: Channel 'block_factorys_bosses:block_factorys_bosses' : Version test of '1' from client : ACCEPTED
[20Dec2025 07:56:34.385] [Netty Epoll Server IO #3/DEBUG] [net.minecraftforge.network.NetworkRegistry/NETREGISTRY]: Channel 'jei:channel' : Version test of '1.0.0' from client : ACCEPTED
[20Dec2025 07:56:34.385] [Netty Epoll Server IO #3/DEBUG] [net.minecraftforge.network.NetworkRegistry/NETREGISTRY]: Channel 'minecraft:unregister' : Version test of 'FML3' from client : ACCEPTED
[20Dec2025 07:56:34.385] [Netty Epoll Server IO #3/DEBUG] [net.minecraftforge.network.NetworkRegistry/NETREGISTRY]: Channel 'ic_air:main' : Version test of '1' from client : ACCEPTED
[20Dec2025 07:56:34.385] [Netty Epoll Server IO #3/DEBUG] [net.minecraftforge.network.NetworkRegistry/NETREGISTRY]: Channel 'citadel:main_channel' : Version test of '1' from client : ACCEPTED
[20Dec2025 07:56:34.385] [Netty Epoll Server IO #3/DEBUG] [net.minecraftforge.network.NetworkRegistry/NETREGISTRY]: Channel 'puzzleslib:1' : Version test of '1' from client : ACCEPTED
[20Dec2025 07:56:34.385] [Netty Epoll Server IO #3/DEBUG] [net.minecraftforge.network.NetworkRegistry/NETREGISTRY]: Channel 'jeg:play' : Version test of '1' from client : ACCEPTED
[20Dec2025 07:56:34.385] [Netty Epoll Server IO #3/DEBUG] [net.minecraftforge.network.NetworkRegistry/NETREGISTRY]: Channel 'iceandfire:main_channel' : Version test of '1' from client : ACCEPTED
[20Dec2025 07:56:34.385] [Netty Epoll Server IO #3/DEBUG] [net.minecraftforge.network.NetworkRegistry/NETREGISTRY]: Channel 'emi:emi' : Version test of '0' from client : ACCEPTED
[20Dec2025 07:56:34.385] [Netty Epoll Server IO #3/DEBUG] [net.minecraftforge.network.NetworkRegistry/NETREGISTRY]: Channel 'framework:play' : Version test of '1' from client : ACCEPTED
[20Dec2025 07:56:34.385] [Netty Epoll Server IO #3/DEBUG] [net.minecraftforge.network.NetworkRegistry/NETREGISTRY]: Channel 'travelersbackpack:network' : Version test of 'travelersbackpack:1' from client : ACCEPTED
[20Dec2025 07:56:34.385] [Netty Epoll Server IO #3/DEBUG] [net.minecraftforge.network.NetworkRegistry/NETREGISTRY]: Channel 'curios:main' : Version test of '1' from client : ACCEPTED
[20Dec2025 07:56:34.385] [Netty Epoll Server IO #3/DEBUG] [net.minecraftforge.network.NetworkRegistry/NETREGISTRY]: Channel 'balm:network' : Version test of '1.0' from client : ACCEPTED
[20Dec2025 07:56:34.385] [Netty Epoll Server IO #3/DEBUG] [net.minecraftforge.network.NetworkRegistry/NETREGISTRY]: Channel 'skinshuffle:handshake' : Version test of '' from client : ACCEPTED
[20Dec2025 07:56:34.385] [Netty Epoll Server IO #3/DEBUG] [net.minecraftforge.network.NetworkRegistry/NETREGISTRY]: Channel 'framework:handshake' : Version test of '1' from client : ACCEPTED
[20Dec2025 07:56:34.385] [Netty Epoll Server IO #3/DEBUG] [net.minecraftforge.network.NetworkRegistry/NETREGISTRY]: Channel 'fml:loginwrapper' : Version test of 'FML3' from client : ACCEPTED
[20Dec2025 07:56:34.385] [Netty Epoll Server IO #3/DEBUG] [net.minecraftforge.network.NetworkRegistry/NETREGISTRY]: Channel 'enchantinginfuser:1' : Version test of '1' from client : ACCEPTED
[20Dec2025 07:56:34.385] [Netty Epoll Server IO #3/DEBUG] [net.minecraftforge.network.NetworkRegistry/NETREGISTRY]: Channel 'mteg:play' : Version test of '1' from client : ACCEPTED
[20Dec2025 07:56:34.385] [Netty Epoll Server IO #3/DEBUG] [net.minecraftforge.network.NetworkRegistry/NETREGISTRY]: Channel 'ribbits:messages' : Version test of '1.0' from client : ACCEPTED
[20Dec2025 07:56:34.385] [Netty Epoll Server IO #3/DEBUG] [net.minecraftforge.network.NetworkRegistry/NETREGISTRY]: Channel 'forge:tier_sorting' : Version test of '1.0' from client : ACCEPTED
[20Dec2025 07:56:34.385] [Netty Epoll Server IO #3/DEBUG] [net.minecraftforge.network.NetworkRegistry/NETREGISTRY]: Channel 'trashslot:network' : Version test of '1.0' from client : ACCEPTED
[20Dec2025 07:56:34.385] [Netty Epoll Server IO #3/DEBUG] [net.minecraftforge.network.NetworkRegistry/NETREGISTRY]: Channel 'fml:play' : Version test of 'FML3' from client : ACCEPTED
[20Dec2025 07:56:34.385] [Netty Epoll Server IO #3/DEBUG] [net.minecraftforge.network.NetworkRegistry/NETREGISTRY]: Channel 'gravestone:default' : Version test of '1.0.0' from client : ACCEPTED
[20Dec2025 07:56:34.385] [Netty Epoll Server IO #3/DEBUG] [net.minecraftforge.network.NetworkRegistry/NETREGISTRY]: Channel 'fml:handshake' : Version test of 'FML3' from client : ACCEPTED
[20Dec2025 07:56:34.385] [Netty Epoll Server IO #3/DEBUG] [net.minecraftforge.network.NetworkRegistry/NETREGISTRY]: Channel 'horde_hoard:horde_hoard' : Version test of '1' from client : ACCEPTED
[20Dec2025 07:56:34.385] [Netty Epoll Server IO #3/DEBUG] [net.minecraftforge.network.NetworkRegistry/NETREGISTRY]: Channel 'minecraft:register' : Version test of 'FML3' from client : ACCEPTED
[20Dec2025 07:56:34.385] [Netty Epoll Server IO #3/DEBUG] [net.minecraftforge.network.NetworkRegistry/NETREGISTRY]: Channel 'forge:split' : Version test of '1.1' from client : ACCEPTED
[20Dec2025 07:56:34.386] [Netty Epoll Server IO #3/DEBUG] [net.minecraftforge.network.NetworkRegistry/NETREGISTRY]: Channel 'geckolib:main' : Version test of '1' from client : ACCEPTED
[20Dec2025 07:56:34.386] [Netty Epoll Server IO #3/DEBUG] [net.minecraftforge.network.NetworkRegistry/NETREGISTRY]: Channel 'jade:networking' : Version test of '2' from client : ACCEPTED
[20Dec2025 07:56:34.386] [Netty Epoll Server IO #3/DEBUG] [net.minecraftforge.network.NetworkRegistry/NETREGISTRY]: Channel 'waystones:network' : Version test of '1.0' from client : ACCEPTED
[20Dec2025 07:56:34.386] [Netty Epoll Server IO #3/DEBUG] [net.minecraftforge.network.NetworkRegistry/NETREGISTRY]: Channel 'skinshuffle:refresh' : Version test of '' from client : ACCEPTED
[20Dec2025 07:56:34.386] [Netty Epoll Server IO #3/DEBUG] [net.minecraftforge.network.NetworkRegistry/NETREGISTRY]: Accepting channel list from client
[20Dec2025 07:56:34.386] [Netty Epoll Server IO #3/DEBUG] [net.minecraftforge.network.HandshakeHandler/FMLHANDSHAKE]: Accepted client connection mod list
[20Dec2025 07:56:34.386] [Netty Epoll Server IO #3/DEBUG] [net.minecraftforge.network.LoginWrapper/FMLHANDSHAKE]: Recieved login wrapper packet event for channel fml:handshake with index 4
[20Dec2025 07:56:34.386] [Netty Epoll Server IO #3/DEBUG] [net.minecraftforge.network.HandshakeHandler/FMLHANDSHAKE]: Received client indexed reply 4 of type net.minecraftforge.network.HandshakeMessages$C2SAcknowledge
[20Dec2025 07:56:34.386] [Netty Epoll Server IO #3/DEBUG] [net.minecraftforge.network.HandshakeHandler/FMLHANDSHAKE]: Received acknowledgement from client
[20Dec2025 07:56:34.386] [Netty Epoll Server IO #3/DEBUG] [net.minecraftforge.network.LoginWrapper/FMLHANDSHAKE]: Recieved login wrapper packet event for channel fml:handshake with index 5
[20Dec2025 07:56:34.386] [Netty Epoll Server IO #3/DEBUG] [net.minecraftforge.network.HandshakeHandler/FMLHANDSHAKE]: Received client indexed reply 5 of type net.minecraftforge.network.HandshakeMessages$C2SAcknowledge
[20Dec2025 07:56:34.386] [Netty Epoll Server IO #3/DEBUG] [net.minecraftforge.network.HandshakeHandler/FMLHANDSHAKE]: Received acknowledgement from client
[20Dec2025 07:56:34.418] [Server thread/DEBUG] [net.minecraftforge.network.HandshakeHandler/FMLHANDSHAKE]: Sending ticking packet info 'Registry minecraft:particle_type' to 'fml:handshake' sequence 7
[20Dec2025 07:56:34.468] [Server thread/DEBUG] [net.minecraftforge.network.HandshakeHandler/FMLHANDSHAKE]: Sending ticking packet info 'Registry minecraft:villager_profession' to 'fml:handshake' sequence 8
[20Dec2025 07:56:34.488] [Netty Epoll Server IO #3/DEBUG] [net.minecraftforge.network.LoginWrapper/FMLHANDSHAKE]: Recieved login wrapper packet event for channel fml:handshake with index 6
[20Dec2025 07:56:34.489] [Netty Epoll Server IO #3/DEBUG] [net.minecraftforge.network.HandshakeHandler/FMLHANDSHAKE]: Received client indexed reply 6 of type net.minecraftforge.network.HandshakeMessages$C2SAcknowledge
[20Dec2025 07:56:34.489] [Netty Epoll Server IO #3/DEBUG] [net.minecraftforge.network.HandshakeHandler/FMLHANDSHAKE]: Received acknowledgement from client
[20Dec2025 07:56:34.489] [Netty Epoll Server IO #3/DEBUG] [net.minecraftforge.network.LoginWrapper/FMLHANDSHAKE]: Recieved login wrapper packet event for channel fml:handshake with index 7
[20Dec2025 07:56:34.489] [Netty Epoll Server IO #3/DEBUG] [net.minecraftforge.network.HandshakeHandler/FMLHANDSHAKE]: Received client indexed reply 7 of type net.minecraftforge.network.HandshakeMessages$C2SAcknowledge
[20Dec2025 07:56:34.489] [Netty Epoll Server IO #3/DEBUG] [net.minecraftforge.network.HandshakeHandler/FMLHANDSHAKE]: Received acknowledgement from client
[20Dec2025 07:56:34.520] [Server thread/DEBUG] [net.minecraftforge.network.HandshakeHandler/FMLHANDSHAKE]: Sending ticking packet info 'Registry minecraft:item' to 'fml:handshake' sequence 9
[20Dec2025 07:56:34.529] [Netty Epoll Server IO #3/DEBUG] [net.minecraftforge.network.LoginWrapper/FMLHANDSHAKE]: Recieved login wrapper packet event for channel fml:handshake with index 8
[20Dec2025 07:56:34.529] [Netty Epoll Server IO #3/DEBUG] [net.minecraftforge.network.HandshakeHandler/FMLHANDSHAKE]: Received client indexed reply 8 of type net.minecraftforge.network.HandshakeMessages$C2SAcknowledge
[20Dec2025 07:56:34.529] [Netty Epoll Server IO #3/DEBUG] [net.minecraftforge.network.HandshakeHandler/FMLHANDSHAKE]: Received acknowledgement from client
[20Dec2025 07:56:34.567] [Server thread/DEBUG] [net.minecraftforge.network.HandshakeHandler/FMLHANDSHAKE]: Sending ticking packet info 'Registry minecraft:potion' to 'fml:handshake' sequence 10
[20Dec2025 07:56:34.616] [Server thread/DEBUG] [net.minecraftforge.network.HandshakeHandler/FMLHANDSHAKE]: Sending ticking packet info 'Registry minecraft:painting_variant' to 'fml:handshake' sequence 11
[20Dec2025 07:56:34.642] [Netty Epoll Server IO #3/DEBUG] [net.minecraftforge.network.LoginWrapper/FMLHANDSHAKE]: Recieved login wrapper packet event for channel fml:handshake with index 9
[20Dec2025 07:56:34.642] [Netty Epoll Server IO #3/DEBUG] [net.minecraftforge.network.HandshakeHandler/FMLHANDSHAKE]: Received client indexed reply 9 of type net.minecraftforge.network.HandshakeMessages$C2SAcknowledge
[20Dec2025 07:56:34.642] [Netty Epoll Server IO #3/DEBUG] [net.minecraftforge.network.HandshakeHandler/FMLHANDSHAKE]: Received acknowledgement from client
[20Dec2025 07:56:34.642] [Netty Epoll Server IO #3/DEBUG] [net.minecraftforge.network.LoginWrapper/FMLHANDSHAKE]: Recieved login wrapper packet event for channel fml:handshake with index 10
[20Dec2025 07:56:34.642] [Netty Epoll Server IO #3/DEBUG] [net.minecraftforge.network.HandshakeHandler/FMLHANDSHAKE]: Received client indexed reply 10 of type net.minecraftforge.network.HandshakeMessages$C2SAcknowledge
[20Dec2025 07:56:34.642] [Netty Epoll Server IO #3/DEBUG] [net.minecraftforge.network.HandshakeHandler/FMLHANDSHAKE]: Received acknowledgement from client
[20Dec2025 07:56:34.667] [Server thread/DEBUG] [net.minecraftforge.network.HandshakeHandler/FMLHANDSHAKE]: Sending ticking packet info 'Registry forge:fluid_type' to 'fml:handshake' sequence 12
[20Dec2025 07:56:34.676] [Netty Epoll Server IO #3/DEBUG] [net.minecraftforge.network.LoginWrapper/FMLHANDSHAKE]: Recieved login wrapper packet event for channel fml:handshake with index 11
[20Dec2025 07:56:34.676] [Netty Epoll Server IO #3/DEBUG] [net.minecraftforge.network.HandshakeHandler/FMLHANDSHAKE]: Received client indexed reply 11 of type net.minecraftforge.network.HandshakeMessages$C2SAcknowledge
[20Dec2025 07:56:34.676] [Netty Epoll Server IO #3/DEBUG] [net.minecraftforge.network.HandshakeHandler/FMLHANDSHAKE]: Received acknowledgement from client
[20Dec2025 07:56:34.719] [Server thread/DEBUG] [net.minecraftforge.network.HandshakeHandler/FMLHANDSHAKE]: Sending ticking packet info 'Registry minecraft:block_entity_type' to 'fml:handshake' sequence 13
[20Dec2025 07:56:34.727] [Netty Epoll Server IO #3/DEBUG] [net.minecraftforge.network.LoginWrapper/FMLHANDSHAKE]: Recieved login wrapper packet event for channel fml:handshake with index 12
[20Dec2025 07:56:34.727] [Netty Epoll Server IO #3/DEBUG] [net.minecraftforge.network.HandshakeHandler/FMLHANDSHAKE]: Received client indexed reply 12 of type net.minecraftforge.network.HandshakeMessages$C2SAcknowledge
[20Dec2025 07:56:34.727] [Netty Epoll Server IO #3/DEBUG] [net.minecraftforge.network.HandshakeHandler/FMLHANDSHAKE]: Received acknowledgement from client
[20Dec2025 07:56:34.765] [Server thread/DEBUG] [net.minecraftforge.network.HandshakeHandler/FMLHANDSHAKE]: Sending ticking packet info 'Registry forge:display_contexts' to 'fml:handshake' sequence 14
[20Dec2025 07:56:34.778] [Netty Epoll Server IO #3/DEBUG] [net.minecraftforge.network.LoginWrapper/FMLHANDSHAKE]: Recieved login wrapper packet event for channel fml:handshake with index 13
[20Dec2025 07:56:34.778] [Netty Epoll Server IO #3/DEBUG] [net.minecraftforge.network.HandshakeHandler/FMLHANDSHAKE]: Received client indexed reply 13 of type net.minecraftforge.network.HandshakeMessages$C2SAcknowledge
[20Dec2025 07:56:34.778] [Netty Epoll Server IO #3/DEBUG] [net.minecraftforge.network.HandshakeHandler/FMLHANDSHAKE]: Received acknowledgement from client
[20Dec2025 07:56:34.816] [Server thread/DEBUG] [net.minecraftforge.network.HandshakeHandler/FMLHANDSHAKE]: Sending ticking packet info 'Registry minecraft:block' to 'fml:handshake' sequence 15
[20Dec2025 07:56:34.824] [Netty Epoll Server IO #3/DEBUG] [net.minecraftforge.network.LoginWrapper/FMLHANDSHAKE]: Recieved login wrapper packet event for channel fml:handshake with index 14
[20Dec2025 07:56:34.824] [Netty Epoll Server IO #3/DEBUG] [net.minecraftforge.network.HandshakeHandler/FMLHANDSHAKE]: Received client indexed reply 14 of type net.minecraftforge.network.HandshakeMessages$C2SAcknowledge
[20Dec2025 07:56:34.824] [Netty Epoll Server IO #3/DEBUG] [net.minecraftforge.network.HandshakeHandler/FMLHANDSHAKE]: Received acknowledgement from client
[20Dec2025 07:56:34.867] [Server thread/DEBUG] [net.minecraftforge.network.HandshakeHandler/FMLHANDSHAKE]: Sending ticking packet info 'Registry forge:entity_data_serializers' to 'fml:handshake' sequence 16
[20Dec2025 07:56:34.878] [Netty Epoll Server IO #3/DEBUG] [net.minecraftforge.network.LoginWrapper/FMLHANDSHAKE]: Recieved login wrapper packet event for channel fml:handshake with index 15
[20Dec2025 07:56:34.878] [Netty Epoll Server IO #3/DEBUG] [net.minecraftforge.network.HandshakeHandler/FMLHANDSHAKE]: Received client indexed reply 15 of type net.minecraftforge.network.HandshakeMessages$C2SAcknowledge
[20Dec2025 07:56:34.878] [Netty Epoll Server IO #3/DEBUG] [net.minecraftforge.network.HandshakeHandler/FMLHANDSHAKE]: Received acknowledgement from client
[20Dec2025 07:56:34.917] [Server thread/DEBUG] [net.minecraftforge.network.HandshakeHandler/FMLHANDSHAKE]: Sending ticking packet info 'Registry minecraft:mob_effect' to 'fml:handshake' sequence 17
[20Dec2025 07:56:34.927] [Netty Epoll Server IO #3/DEBUG] [net.minecraftforge.network.LoginWrapper/FMLHANDSHAKE]: Recieved login wrapper packet event for channel fml:handshake with index 16
[20Dec2025 07:56:34.927] [Netty Epoll Server IO #3/DEBUG] [net.minecraftforge.network.HandshakeHandler/FMLHANDSHAKE]: Received client indexed reply 16 of type net.minecraftforge.network.HandshakeMessages$C2SAcknowledge
[20Dec2025 07:56:34.927] [Netty Epoll Server IO #3/DEBUG] [net.minecraftforge.network.HandshakeHandler/FMLHANDSHAKE]: Received acknowledgement from client
[20Dec2025 07:56:34.966] [Server thread/DEBUG] [net.minecraftforge.network.HandshakeHandler/FMLHANDSHAKE]: Sending ticking packet info 'Registry minecraft:stat_type' to 'fml:handshake' sequence 18
[20Dec2025 07:56:34.977] [Netty Epoll Server IO #3/DEBUG] [net.minecraftforge.network.LoginWrapper/FMLHANDSHAKE]: Recieved login wrapper packet event for channel fml:handshake with index 17
[20Dec2025 07:56:34.977] [Netty Epoll Server IO #3/DEBUG] [net.minecraftforge.network.HandshakeHandler/FMLHANDSHAKE]: Received client indexed reply 17 of type net.minecraftforge.network.HandshakeMessages$C2SAcknowledge
[20Dec2025 07:56:34.977] [Netty Epoll Server IO #3/DEBUG] [net.minecraftforge.network.HandshakeHandler/FMLHANDSHAKE]: Received acknowledgement from client
[20Dec2025 07:56:35.023] [Server thread/DEBUG] [net.minecraftforge.network.HandshakeHandler/FMLHANDSHAKE]: Sending ticking packet info 'Registry minecraft:menu' to 'fml:handshake' sequence 19
[20Dec2025 07:56:35.026] [Netty Epoll Server IO #3/DEBUG] [net.minecraftforge.network.LoginWrapper/FMLHANDSHAKE]: Recieved login wrapper packet event for channel fml:handshake with index 18
[20Dec2025 07:56:35.026] [Netty Epoll Server IO #3/DEBUG] [net.minecraftforge.network.HandshakeHandler/FMLHANDSHAKE]: Received client indexed reply 18 of type net.minecraftforge.network.HandshakeMessages$C2SAcknowledge
[20Dec2025 07:56:35.026] [Netty Epoll Server IO #3/DEBUG] [net.minecraftforge.network.HandshakeHandler/FMLHANDSHAKE]: Received acknowledgement from client
[20Dec2025 07:56:35.069] [Server thread/DEBUG] [net.minecraftforge.network.HandshakeHandler/FMLHANDSHAKE]: Sending ticking packet info 'Registry minecraft:enchantment' to 'fml:handshake' sequence 20
[20Dec2025 07:56:35.082] [Netty Epoll Server IO #3/DEBUG] [net.minecraftforge.network.LoginWrapper/FMLHANDSHAKE]: Recieved login wrapper packet event for channel fml:handshake with index 19
[20Dec2025 07:56:35.083] [Netty Epoll Server IO #3/DEBUG] [net.minecraftforge.network.HandshakeHandler/FMLHANDSHAKE]: Received client indexed reply 19 of type net.minecraftforge.network.HandshakeMessages$C2SAcknowledge
[20Dec2025 07:56:35.083] [Netty Epoll Server IO #3/DEBUG] [net.minecraftforge.network.HandshakeHandler/FMLHANDSHAKE]: Received acknowledgement from client
[20Dec2025 07:56:35.118] [Server thread/DEBUG] [net.minecraftforge.network.HandshakeHandler/FMLHANDSHAKE]: Sending ticking packet info 'Registry minecraft:fluid' to 'fml:handshake' sequence 21
[20Dec2025 07:56:35.128] [Netty Epoll Server IO #3/DEBUG] [net.minecraftforge.network.LoginWrapper/FMLHANDSHAKE]: Recieved login wrapper packet event for channel fml:handshake with index 20
[20Dec2025 07:56:35.128] [Netty Epoll Server IO #3/DEBUG] [net.minecraftforge.network.HandshakeHandler/FMLHANDSHAKE]: Received client indexed reply 20 of type net.minecraftforge.network.HandshakeMessages$C2SAcknowledge
[20Dec2025 07:56:35.128] [Netty Epoll Server IO #3/DEBUG] [net.minecraftforge.network.HandshakeHandler/FMLHANDSHAKE]: Received acknowledgement from client
[20Dec2025 07:56:35.166] [Server thread/DEBUG] [net.minecraftforge.network.HandshakeHandler/FMLHANDSHAKE]: Sending ticking packet info 'Registry minecraft:entity_type' to 'fml:handshake' sequence 22
[20Dec2025 07:56:35.177] [Netty Epoll Server IO #3/DEBUG] [net.minecraftforge.network.LoginWrapper/FMLHANDSHAKE]: Recieved login wrapper packet event for channel fml:handshake with index 21
[20Dec2025 07:56:35.177] [Netty Epoll Server IO #3/DEBUG] [net.minecraftforge.network.HandshakeHandler/FMLHANDSHAKE]: Received client indexed reply 21 of type net.minecraftforge.network.HandshakeMessages$C2SAcknowledge
[20Dec2025 07:56:35.177] [Netty Epoll Server IO #3/DEBUG] [net.minecraftforge.network.HandshakeHandler/FMLHANDSHAKE]: Received acknowledgement from client
[20Dec2025 07:56:35.216] [Server thread/DEBUG] [net.minecraftforge.network.HandshakeHandler/FMLHANDSHAKE]: Sending ticking packet info 'Config curios-server.toml' to 'fml:handshake' sequence 23
[20Dec2025 07:56:35.268] [Server thread/DEBUG] [net.minecraftforge.network.HandshakeHandler/FMLHANDSHAKE]: Sending ticking packet info 'Config jeg-server.toml' to 'fml:handshake' sequence 24
[20Dec2025 07:56:35.280] [Netty Epoll Server IO #3/DEBUG] [net.minecraftforge.network.LoginWrapper/FMLHANDSHAKE]: Recieved login wrapper packet event for channel fml:handshake with index 22
[20Dec2025 07:56:35.280] [Netty Epoll Server IO #3/DEBUG] [net.minecraftforge.network.HandshakeHandler/FMLHANDSHAKE]: Received client indexed reply 22 of type net.minecraftforge.network.HandshakeMessages$C2SAcknowledge
[20Dec2025 07:56:35.280] [Netty Epoll Server IO #3/DEBUG] [net.minecraftforge.network.HandshakeHandler/FMLHANDSHAKE]: Received acknowledgement from client
[20Dec2025 07:56:35.280] [Netty Epoll Server IO #3/DEBUG] [net.minecraftforge.network.LoginWrapper/FMLHANDSHAKE]: Recieved login wrapper packet event for channel fml:handshake with index 23
[20Dec2025 07:56:35.280] [Netty Epoll Server IO #3/DEBUG] [net.minecraftforge.network.HandshakeHandler/FMLHANDSHAKE]: Received client indexed reply 23 of type net.minecraftforge.network.HandshakeMessages$C2SAcknowledge
[20Dec2025 07:56:35.280] [Netty Epoll Server IO #3/DEBUG] [net.minecraftforge.network.HandshakeHandler/FMLHANDSHAKE]: Received acknowledgement from client
[20Dec2025 07:56:35.317] [Server thread/DEBUG] [net.minecraftforge.network.HandshakeHandler/FMLHANDSHAKE]: Sending ticking packet info 'Config gravestone-server.toml' to 'fml:handshake' sequence 25
[20Dec2025 07:56:35.328] [Netty Epoll Server IO #3/DEBUG] [net.minecraftforge.network.LoginWrapper/FMLHANDSHAKE]: Recieved login wrapper packet event for channel fml:handshake with index 24
[20Dec2025 07:56:35.328] [Netty Epoll Server IO #3/DEBUG] [net.minecraftforge.network.HandshakeHandler/FMLHANDSHAKE]: Received client indexed reply 24 of type net.minecraftforge.network.HandshakeMessages$C2SAcknowledge
[20Dec2025 07:56:35.328] [Netty Epoll Server IO #3/DEBUG] [net.minecraftforge.network.HandshakeHandler/FMLHANDSHAKE]: Received acknowledgement from client
[20Dec2025 07:56:35.368] [Server thread/DEBUG] [net.minecraftforge.network.HandshakeHandler/FMLHANDSHAKE]: Sending ticking packet info 'Config travelersbackpack-server.toml' to 'fml:handshake' sequence 26
[20Dec2025 07:56:35.377] [Netty Epoll Server IO #3/DEBUG] [net.minecraftforge.network.LoginWrapper/FMLHANDSHAKE]: Recieved login wrapper packet event for channel fml:handshake with index 25
[20Dec2025 07:56:35.377] [Netty Epoll Server IO #3/DEBUG] [net.minecraftforge.network.HandshakeHandler/FMLHANDSHAKE]: Received client indexed reply 25 of type net.minecraftforge.network.HandshakeMessages$C2SAcknowledge
[20Dec2025 07:56:35.377] [Netty Epoll Server IO #3/DEBUG] [net.minecraftforge.network.HandshakeHandler/FMLHANDSHAKE]: Received acknowledgement from client
[20Dec2025 07:56:35.416] [Server thread/DEBUG] [net.minecraftforge.network.HandshakeHandler/FMLHANDSHAKE]: Sending ticking packet info 'Config enchantinginfuser-server.toml' to 'fml:handshake' sequence 27
[20Dec2025 07:56:35.431] [Netty Epoll Server IO #3/DEBUG] [net.minecraftforge.network.LoginWrapper/FMLHANDSHAKE]: Recieved login wrapper packet event for channel fml:handshake with index 26
[20Dec2025 07:56:35.432] [Netty Epoll Server IO #3/DEBUG] [net.minecraftforge.network.HandshakeHandler/FMLHANDSHAKE]: Received client indexed reply 26 of type net.minecraftforge.network.HandshakeMessages$C2SAcknowledge
[20Dec2025 07:56:35.432] [Netty Epoll Server IO #3/DEBUG] [net.minecraftforge.network.HandshakeHandler/FMLHANDSHAKE]: Received acknowledgement from client
[20Dec2025 07:56:35.465] [Server thread/DEBUG] [net.minecraftforge.network.HandshakeHandler/FMLHANDSHAKE]: Sending ticking packet info 'Config jei-server.toml' to 'fml:handshake' sequence 28
[20Dec2025 07:56:35.478] [Netty Epoll Server IO #3/DEBUG] [net.minecraftforge.network.LoginWrapper/FMLHANDSHAKE]: Recieved login wrapper packet event for channel fml:handshake with index 27
[20Dec2025 07:56:35.478] [Netty Epoll Server IO #3/DEBUG] [net.minecraftforge.network.HandshakeHandler/FMLHANDSHAKE]: Received client indexed reply 27 of type net.minecraftforge.network.HandshakeMessages$C2SAcknowledge
[20Dec2025 07:56:35.478] [Netty Epoll Server IO #3/DEBUG] [net.minecraftforge.network.HandshakeHandler/FMLHANDSHAKE]: Received acknowledgement from client
[20Dec2025 07:56:35.516] [Server thread/DEBUG] [net.minecraftforge.network.HandshakeHandler/FMLHANDSHAKE]: Sending ticking packet info 'Config forge-server.toml' to 'fml:handshake' sequence 29
[20Dec2025 07:56:35.525] [Netty Epoll Server IO #3/DEBUG] [net.minecraftforge.network.LoginWrapper/FMLHANDSHAKE]: Recieved login wrapper packet event for channel fml:handshake with index 28
[20Dec2025 07:56:35.525] [Netty Epoll Server IO #3/DEBUG] [net.minecraftforge.network.HandshakeHandler/FMLHANDSHAKE]: Received client indexed reply 28 of type net.minecraftforge.network.HandshakeMessages$C2SAcknowledge
[20Dec2025 07:56:35.525] [Netty Epoll Server IO #3/DEBUG] [net.minecraftforge.network.HandshakeHandler/FMLHANDSHAKE]: Received acknowledgement from client
[20Dec2025 07:56:35.576] [Netty Epoll Server IO #3/DEBUG] [net.minecraftforge.network.LoginWrapper/FMLHANDSHAKE]: Recieved login wrapper packet event for channel fml:handshake with index 29
[20Dec2025 07:56:35.576] [Netty Epoll Server IO #3/DEBUG] [net.minecraftforge.network.HandshakeHandler/FMLHANDSHAKE]: Received client indexed reply 29 of type net.minecraftforge.network.HandshakeMessages$C2SAcknowledge
[20Dec2025 07:56:35.576] [Netty Epoll Server IO #3/DEBUG] [net.minecraftforge.network.HandshakeHandler/FMLHANDSHAKE]: Received acknowledgement from client
[20Dec2025 07:56:35.616] [Server thread/DEBUG] [net.minecraftforge.network.HandshakeHandler/FMLHANDSHAKE]: Handshake complete!
[20Dec2025 07:56:35.668] [ForkJoinPool.commonPool-worker-19/DEBUG] [SkinRestorer/]: Fetching TheAstoria1090's skin
[20Dec2025 07:56:36.044] [Server thread/INFO] [net.minecraft.server.players.PlayerList/]: TheAstoria1090[/127.197.22.13:53297] logged in with entity id 80563 at (-240.91325556027408, 63.0, 98.68429753229182)
[20Dec2025 07:56:36.046] [Server thread/DEBUG] [net.minecraftforge.network.filters.NetworkFilters/]: Injected net.minecraftforge.network.filters.ForgeConnectionNetworkFilter@67188aed into net.minecraft.network.Connection@17ce9e0a
[20Dec2025 07:56:36.165] [Server thread/INFO] [net.minecraft.server.MinecraftServer/]: TheAstoria1090 joined the game
[20Dec2025 07:56:36.183] [Server thread/INFO] [Jade/]: Syncing config to TheAstoria1090 (a3b499f0-51af-3225-aacb-9c421195ca4d)
[20Dec2025 07:56:47.748] [Server thread/INFO] [net.minecraft.server.MinecraftServer/]: [TheAstoria1090: Teleported TheAstoria1090 to Crowdante53]
[20Dec2025 07:56:54.756] [Server thread/INFO] [net.minecraft.server.MinecraftServer/]: [TheAstoria1090: Teleported TheAstoria1090 to AcidD_x]
[20Dec2025 07:57:26.670] [Server thread/WARN] [net.minecraft.server.network.ServerGamePacketListenerImpl/]: TheAstoria1090 was kicked for floating too long!
[20Dec2025 07:57:26.720] [Server thread/INFO] [net.minecraft.server.network.ServerGamePacketListenerImpl/]: TheAstoria1090 lost connection: Flying is not enabled on this server
[20Dec2025 07:57:26.720] [Server thread/INFO] [net.minecraft.server.MinecraftServer/]: TheAstoria1090 left the game
[20Dec2025 07:57:31.996] [Netty Epoll Server IO #4/DEBUG] [net.minecraftforge.network.HandshakeHandler/FMLHANDSHAKE]: Starting new modded impl connection. Found 30 messages to dispatch.
[20Dec2025 07:57:32.066] [Server thread/DEBUG] [net.minecraftforge.network.HandshakeHandler/FMLHANDSHAKE]: Sending ticking packet info 'jeg:custom_gun_manager' to 'framework:handshake' sequence 0
[20Dec2025 07:57:32.118] [Server thread/DEBUG] [net.minecraftforge.network.HandshakeHandler/FMLHANDSHAKE]: Sending ticking packet info 'jeg:network_gun_manager' to 'framework:handshake' sequence 1
[20Dec2025 07:57:32.140] [Netty Epoll Server IO #4/DEBUG] [net.minecraftforge.network.LoginWrapper/FMLHANDSHAKE]: Recieved login wrapper packet event for channel framework:handshake with index 0
[20Dec2025 07:57:32.140] [Netty Epoll Server IO #4/DEBUG] [net.minecraftforge.network.HandshakeHandler/FMLHANDSHAKE]: Received client indexed reply 0 of type com.mrcrayfish.framework.api.network.message.HandshakeMessage$Acknowledge
[20Dec2025 07:57:32.140] [Netty Epoll Server IO #4/DEBUG] [Framework/FRAMEWORK_HANDSHAKE]: Received acknowledgement from client
[20Dec2025 07:57:32.169] [Server thread/DEBUG] [net.minecraftforge.network.HandshakeHandler/FMLHANDSHAKE]: Sending ticking packet info 'net.minecraftforge.network.HandshakeMessages$S2CModData' to 'fml:handshake' sequence 2
[20Dec2025 07:57:32.218] [Server thread/DEBUG] [net.minecraftforge.network.HandshakeHandler/FMLHANDSHAKE]: Sending ticking packet info 'net.minecraftforge.network.HandshakeMessages$S2CModList' to 'fml:handshake' sequence 3
[20Dec2025 07:57:32.268] [Server thread/DEBUG] [net.minecraftforge.network.HandshakeHandler/FMLHANDSHAKE]: Sending ticking packet info 'Registry minecraft:command_argument_type' to 'fml:handshake' sequence 4
[20Dec2025 07:57:32.321] [Server thread/DEBUG] [net.minecraftforge.network.HandshakeHandler/FMLHANDSHAKE]: Sending ticking packet info 'Registry minecraft:recipe_serializer' to 'fml:handshake' sequence 5
[20Dec2025 07:57:32.361] [Netty Epoll Server IO #4/DEBUG] [net.minecraftforge.network.LoginWrapper/FMLHANDSHAKE]: Recieved login wrapper packet event for channel framework:handshake with index 1
[20Dec2025 07:57:32.361] [Netty Epoll Server IO #4/DEBUG] [net.minecraftforge.network.HandshakeHandler/FMLHANDSHAKE]: Received client indexed reply 1 of type com.mrcrayfish.framework.api.network.message.HandshakeMessage$Acknowledge
[20Dec2025 07:57:32.361] [Netty Epoll Server IO #4/DEBUG] [Framework/FRAMEWORK_HANDSHAKE]: Received acknowledgement from client
[20Dec2025 07:57:32.361] [Netty Epoll Server IO #4/DEBUG] [net.minecraftforge.network.LoginWrapper/FMLHANDSHAKE]: Recieved login wrapper packet event for channel fml:handshake with index 3
[20Dec2025 07:57:32.362] [Netty Epoll Server IO #4/DEBUG] [net.minecraftforge.network.HandshakeHandler/FMLHANDSHAKE]: Received client indexed reply 3 of type net.minecraftforge.network.HandshakeMessages$C2SModListReply
[20Dec2025 07:57:32.362] [Netty Epoll Server IO #4/DEBUG] [net.minecraftforge.network.HandshakeHandler/FMLHANDSHAKE]: Received client connection with modlist [man_of_many_planes, kuma_api, trashslot, netherexp, protectmobsfromdaylight, geckolib, elysium_api, goblintraders, immersive_aircraft, bettercaves, underground_bunkers, waystones, modernfix, citadel, travelersbackpack, zombieawareness, yungsapi, mixinextras, dungeoncrawl, iceandfire, balm, puzzlesaccessapi, cloth_config, forge, embeddium, rubidium, minecraft, emi, jei, jeg, mteg, block_factorys_bosses, jade, ribbits, curios, easy_emerald, gravestone, gobber2, coroutil, warfare_wings, architectury, vinery, ferritecore, aiimprovements, embeddium_extra, puzzleslib, framework, horde_hoard, enchantinginfuser, skinrestorer]
[20Dec2025 07:57:32.362] [Netty Epoll Server IO #4/DEBUG] [net.minecraftforge.network.NetworkRegistry/NETREGISTRY]: Channel 'skinshuffle:skin_refresh' : Version test of '' from client : ACCEPTED
[20Dec2025 07:57:32.362] [Netty Epoll Server IO #4/DEBUG] [net.minecraftforge.network.NetworkRegistry/NETREGISTRY]: Channel 'block_factorys_bosses:block_factorys_bosses' : Version test of '1' from client : ACCEPTED
[20Dec2025 07:57:32.362] [Netty Epoll Server IO #4/DEBUG] [net.minecraftforge.network.NetworkRegistry/NETREGISTRY]: Channel 'jei:channel' : Version test of '1.0.0' from client : ACCEPTED
[20Dec2025 07:57:32.362] [Netty Epoll Server IO #4/DEBUG] [net.minecraftforge.network.NetworkRegistry/NETREGISTRY]: Channel 'minecraft:unregister' : Version test of 'FML3' from client : ACCEPTED
[20Dec2025 07:57:32.362] [Netty Epoll Server IO #4/DEBUG] [net.minecraftforge.network.NetworkRegistry/NETREGISTRY]: Channel 'ic_air:main' : Version test of '1' from client : ACCEPTED
[20Dec2025 07:57:32.362] [Netty Epoll Server IO #4/DEBUG] [net.minecraftforge.network.NetworkRegistry/NETREGISTRY]: Channel 'citadel:main_channel' : Version test of '1' from client : ACCEPTED
[20Dec2025 07:57:32.362] [Netty Epoll Server IO #4/DEBUG] [net.minecraftforge.network.NetworkRegistry/NETREGISTRY]: Channel 'puzzleslib:1' : Version test of '1' from client : ACCEPTED
[20Dec2025 07:57:32.362] [Netty Epoll Server IO #4/DEBUG] [net.minecraftforge.network.NetworkRegistry/NETREGISTRY]: Channel 'jeg:play' : Version test of '1' from client : ACCEPTED
[20Dec2025 07:57:32.362] [Netty Epoll Server IO #4/DEBUG] [net.minecraftforge.network.NetworkRegistry/NETREGISTRY]: Channel 'iceandfire:main_channel' : Version test of '1' from client : ACCEPTED
[20Dec2025 07:57:32.362] [Netty Epoll Server IO #4/DEBUG] [net.minecraftforge.network.NetworkRegistry/NETREGISTRY]: Channel 'emi:emi' : Version test of '0' from client : ACCEPTED
[20Dec2025 07:57:32.362] [Netty Epoll Server IO #4/DEBUG] [net.minecraftforge.network.NetworkRegistry/NETREGISTRY]: Channel 'framework:play' : Version test of '1' from client : ACCEPTED
[20Dec2025 07:57:32.362] [Netty Epoll Server IO #4/DEBUG] [net.minecraftforge.network.NetworkRegistry/NETREGISTRY]: Channel 'travelersbackpack:network' : Version test of 'travelersbackpack:1' from client : ACCEPTED
[20Dec2025 07:57:32.362] [Netty Epoll Server IO #4/DEBUG] [net.minecraftforge.network.NetworkRegistry/NETREGISTRY]: Channel 'curios:main' : Version test of '1' from client : ACCEPTED
[20Dec2025 07:57:32.362] [Netty Epoll Server IO #4/DEBUG] [net.minecraftforge.network.NetworkRegistry/NETREGISTRY]: Channel 'balm:network' : Version test of '1.0' from client : ACCEPTED
[20Dec2025 07:57:32.362] [Netty Epoll Server IO #4/DEBUG] [net.minecraftforge.network.NetworkRegistry/NETREGISTRY]: Channel 'skinshuffle:handshake' : Version test of '' from client : ACCEPTED
[20Dec2025 07:57:32.362] [Netty Epoll Server IO #4/DEBUG] [net.minecraftforge.network.NetworkRegistry/NETREGISTRY]: Channel 'framework:handshake' : Version test of '1' from client : ACCEPTED
[20Dec2025 07:57:32.362] [Netty Epoll Server IO #4/DEBUG] [net.minecraftforge.network.NetworkRegistry/NETREGISTRY]: Channel 'fml:loginwrapper' : Version test of 'FML3' from client : ACCEPTED
[20Dec2025 07:57:32.362] [Netty Epoll Server IO #4/DEBUG] [net.minecraftforge.network.NetworkRegistry/NETREGISTRY]: Channel 'enchantinginfuser:1' : Version test of '1' from client : ACCEPTED
[20Dec2025 07:57:32.362] [Netty Epoll Server IO #4/DEBUG] [net.minecraftforge.network.NetworkRegistry/NETREGISTRY]: Channel 'mteg:play' : Version test of '1' from client : ACCEPTED
[20Dec2025 07:57:32.362] [Netty Epoll Server IO #4/DEBUG] [net.minecraftforge.network.NetworkRegistry/NETREGISTRY]: Channel 'ribbits:messages' : Version test of '1.0' from client : ACCEPTED
[20Dec2025 07:57:32.362] [Netty Epoll Server IO #4/DEBUG] [net.minecraftforge.network.NetworkRegistry/NETREGISTRY]: Channel 'forge:tier_sorting' : Version test of '1.0' from client : ACCEPTED
[20Dec2025 07:57:32.362] [Netty Epoll Server IO #4/DEBUG] [net.minecraftforge.network.NetworkRegistry/NETREGISTRY]: Channel 'trashslot:network' : Version test of '1.0' from client : ACCEPTED
[20Dec2025 07:57:32.362] [Netty Epoll Server IO #4/DEBUG] [net.minecraftforge.network.NetworkRegistry/NETREGISTRY]: Channel 'fml:play' : Version test of 'FML3' from client : ACCEPTED
[20Dec2025 07:57:32.362] [Netty Epoll Server IO #4/DEBUG] [net.minecraftforge.network.NetworkRegistry/NETREGISTRY]: Channel 'gravestone:default' : Version test of '1.0.0' from client : ACCEPTED
[20Dec2025 07:57:32.362] [Netty Epoll Server IO #4/DEBUG] [net.minecraftforge.network.NetworkRegistry/NETREGISTRY]: Channel 'fml:handshake' : Version test of 'FML3' from client : ACCEPTED
[20Dec2025 07:57:32.362] [Netty Epoll Server IO #4/DEBUG] [net.minecraftforge.network.NetworkRegistry/NETREGISTRY]: Channel 'horde_hoard:horde_hoard' : Version test of '1' from client : ACCEPTED
[20Dec2025 07:57:32.363] [Netty Epoll Server IO #4/DEBUG] [net.minecraftforge.network.NetworkRegistry/NETREGISTRY]: Channel 'minecraft:register' : Version test of 'FML3' from client : ACCEPTED
[20Dec2025 07:57:32.363] [Netty Epoll Server IO #4/DEBUG] [net.minecraftforge.network.NetworkRegistry/NETREGISTRY]: Channel 'forge:split' : Version test of '1.1' from client : ACCEPTED
[20Dec2025 07:57:32.363] [Netty Epoll Server IO #4/DEBUG] [net.minecraftforge.network.NetworkRegistry/NETREGISTRY]: Channel 'geckolib:main' : Version test of '1' from client : ACCEPTED
[20Dec2025 07:57:32.363] [Netty Epoll Server IO #4/DEBUG] [net.minecraftforge.network.NetworkRegistry/NETREGISTRY]: Channel 'jade:networking' : Version test of '2' from client : ACCEPTED
[20Dec2025 07:57:32.363] [Netty Epoll Server IO #4/DEBUG] [net.minecraftforge.network.NetworkRegistry/NETREGISTRY]: Channel 'waystones:network' : Version test of '1.0' from client : ACCEPTED
[20Dec2025 07:57:32.363] [Netty Epoll Server IO #4/DEBUG] [net.minecraftforge.network.NetworkRegistry/NETREGISTRY]: Channel 'skinshuffle:refresh' : Version test of '' from client : ACCEPTED
[20Dec2025 07:57:32.363] [Netty Epoll Server IO #4/DEBUG] [net.minecraftforge.network.NetworkRegistry/NETREGISTRY]: Accepting channel list from client
[20Dec2025 07:57:32.363] [Netty Epoll Server IO #4/DEBUG] [net.minecraftforge.network.HandshakeHandler/FMLHANDSHAKE]: Accepted client connection mod list
[20Dec2025 07:57:32.363] [Netty Epoll Server IO #4/DEBUG] [net.minecraftforge.network.LoginWrapper/FMLHANDSHAKE]: Recieved login wrapper packet event for channel fml:handshake with index 4
[20Dec2025 07:57:32.363] [Netty Epoll Server IO #4/DEBUG] [net.minecraftforge.network.HandshakeHandler/FMLHANDSHAKE]: Received client indexed reply 4 of type net.minecraftforge.network.HandshakeMessages$C2SAcknowledge
[20Dec2025 07:57:32.363] [Netty Epoll Server IO #4/DEBUG] [net.minecraftforge.network.HandshakeHandler/FMLHANDSHAKE]: Received acknowledgement from client
[20Dec2025 07:57:32.369] [Server thread/DEBUG] [net.minecraftforge.network.HandshakeHandler/FMLHANDSHAKE]: Sending ticking packet info 'Registry minecraft:sound_event' to 'fml:handshake' sequence 6
[20Dec2025 07:57:32.380] [Netty Epoll Server IO #4/DEBUG] [net.minecraftforge.network.LoginWrapper/FMLHANDSHAKE]: Recieved login wrapper packet event for channel fml:handshake with index 5
[20Dec2025 07:57:32.380] [Netty Epoll Server IO #4/DEBUG] [net.minecraftforge.network.HandshakeHandler/FMLHANDSHAKE]: Received client indexed reply 5 of type net.minecraftforge.network.HandshakeMessages$C2SAcknowledge
[20Dec2025 07:57:32.380] [Netty Epoll Server IO #4/DEBUG] [net.minecraftforge.network.HandshakeHandler/FMLHANDSHAKE]: Received acknowledgement from client
[20Dec2025 07:57:32.416] [Server thread/DEBUG] [net.minecraftforge.network.HandshakeHandler/FMLHANDSHAKE]: Sending ticking packet info 'Registry minecraft:particle_type' to 'fml:handshake' sequence 7
[20Dec2025 07:57:32.471] [Server thread/DEBUG] [net.minecraftforge.network.HandshakeHandler/FMLHANDSHAKE]: Sending ticking packet info 'Registry minecraft:villager_profession' to 'fml:handshake' sequence 8
[20Dec2025 07:57:32.487] [Netty Epoll Server IO #4/DEBUG] [net.minecraftforge.network.LoginWrapper/FMLHANDSHAKE]: Recieved login wrapper packet event for channel fml:handshake with index 6
[20Dec2025 07:57:32.487] [Netty Epoll Server IO #4/DEBUG] [net.minecraftforge.network.HandshakeHandler/FMLHANDSHAKE]: Received client indexed reply 6 of type net.minecraftforge.network.HandshakeMessages$C2SAcknowledge
[20Dec2025 07:57:32.487] [Netty Epoll Server IO #4/DEBUG] [net.minecraftforge.network.HandshakeHandler/FMLHANDSHAKE]: Received acknowledgement from client
[20Dec2025 07:57:32.487] [Netty Epoll Server IO #4/DEBUG] [net.minecraftforge.network.LoginWrapper/FMLHANDSHAKE]: Recieved login wrapper packet event for channel fml:handshake with index 7
[20Dec2025 07:57:32.487] [Netty Epoll Server IO #4/DEBUG] [net.minecraftforge.network.HandshakeHandler/FMLHANDSHAKE]: Received client indexed reply 7 of type net.minecraftforge.network.HandshakeMessages$C2SAcknowledge
[20Dec2025 07:57:32.487] [Netty Epoll Server IO #4/DEBUG] [net.minecraftforge.network.HandshakeHandler/FMLHANDSHAKE]: Received acknowledgement from client
[20Dec2025 07:57:32.519] [Server thread/DEBUG] [net.minecraftforge.network.HandshakeHandler/FMLHANDSHAKE]: Sending ticking packet info 'Registry minecraft:item' to 'fml:handshake' sequence 9
[20Dec2025 07:57:32.530] [Netty Epoll Server IO #4/DEBUG] [net.minecraftforge.network.LoginWrapper/FMLHANDSHAKE]: Recieved login wrapper packet event for channel fml:handshake with index 8
[20Dec2025 07:57:32.530] [Netty Epoll Server IO #4/DEBUG] [net.minecraftforge.network.HandshakeHandler/FMLHANDSHAKE]: Received client indexed reply 8 of type net.minecraftforge.network.HandshakeMessages$C2SAcknowledge
[20Dec2025 07:57:32.530] [Netty Epoll Server IO #4/DEBUG] [net.minecraftforge.network.HandshakeHandler/FMLHANDSHAKE]: Received acknowledgement from client
[20Dec2025 07:57:32.566] [Server thread/DEBUG] [net.minecraftforge.network.HandshakeHandler/FMLHANDSHAKE]: Sending ticking packet info 'Registry minecraft:potion' to 'fml:handshake' sequence 10
[20Dec2025 07:57:32.581] [Netty Epoll Server IO #4/DEBUG] [net.minecraftforge.network.LoginWrapper/FMLHANDSHAKE]: Recieved login wrapper packet event for channel fml:handshake with index 9
[20Dec2025 07:57:32.581] [Netty Epoll Server IO #4/DEBUG] [net.minecraftforge.network.HandshakeHandler/FMLHANDSHAKE]: Received client indexed reply 9 of type net.minecraftforge.network.HandshakeMessages$C2SAcknowledge
[20Dec2025 07:57:32.581] [Netty Epoll Server IO #4/DEBUG] [net.minecraftforge.network.HandshakeHandler/FMLHANDSHAKE]: Received acknowledgement from client
[20Dec2025 07:57:32.619] [Server thread/DEBUG] [net.minecraftforge.network.HandshakeHandler/FMLHANDSHAKE]: Sending ticking packet info 'Registry minecraft:painting_variant' to 'fml:handshake' sequence 11
[20Dec2025 07:57:32.625] [Netty Epoll Server IO #4/DEBUG] [net.minecraftforge.network.LoginWrapper/FMLHANDSHAKE]: Recieved login wrapper packet event for channel fml:handshake with index 10
[20Dec2025 07:57:32.625] [Netty Epoll Server IO #4/DEBUG] [net.minecraftforge.network.HandshakeHandler/FMLHANDSHAKE]: Received client indexed reply 10 of type net.minecraftforge.network.HandshakeMessages$C2SAcknowledge
[20Dec2025 07:57:32.625] [Netty Epoll Server IO #4/DEBUG] [net.minecraftforge.network.HandshakeHandler/FMLHANDSHAKE]: Received acknowledgement from client
[20Dec2025 07:57:32.668] [Server thread/DEBUG] [net.minecraftforge.network.HandshakeHandler/FMLHANDSHAKE]: Sending ticking packet info 'Registry forge:fluid_type' to 'fml:handshake' sequence 12
[20Dec2025 07:57:32.677] [Netty Epoll Server IO #4/DEBUG] [net.minecraftforge.network.LoginWrapper/FMLHANDSHAKE]: Recieved login wrapper packet event for channel fml:handshake with index 11
[20Dec2025 07:57:32.678] [Netty Epoll Server IO #4/DEBUG] [net.minecraftforge.network.HandshakeHandler/FMLHANDSHAKE]: Received client indexed reply 11 of type net.minecraftforge.network.HandshakeMessages$C2SAcknowledge
[20Dec2025 07:57:32.678] [Netty Epoll Server IO #4/DEBUG] [net.minecraftforge.network.HandshakeHandler/FMLHANDSHAKE]: Received acknowledgement from client
[20Dec2025 07:57:32.719] [Server thread/DEBUG] [net.minecraftforge.network.HandshakeHandler/FMLHANDSHAKE]: Sending ticking packet info 'Registry minecraft:block_entity_type' to 'fml:handshake' sequence 13
[20Dec2025 07:57:32.726] [Netty Epoll Server IO #4/DEBUG] [net.minecraftforge.network.LoginWrapper/FMLHANDSHAKE]: Recieved login wrapper packet event for channel fml:handshake with index 12
[20Dec2025 07:57:32.726] [Netty Epoll Server IO #4/DEBUG] [net.minecraftforge.network.HandshakeHandler/FMLHANDSHAKE]: Received client indexed reply 12 of type net.minecraftforge.network.HandshakeMessages$C2SAcknowledge
[20Dec2025 07:57:32.726] [Netty Epoll Server IO #4/DEBUG] [net.minecraftforge.network.HandshakeHandler/FMLHANDSHAKE]: Received acknowledgement from client
[20Dec2025 07:57:32.768] [Server thread/DEBUG] [net.minecraftforge.network.HandshakeHandler/FMLHANDSHAKE]: Sending ticking packet info 'Registry forge:display_contexts' to 'fml:handshake' sequence 14
[20Dec2025 07:57:32.778] [Netty Epoll Server IO #4/DEBUG] [net.minecraftforge.network.LoginWrapper/FMLHANDSHAKE]: Recieved login wrapper packet event for channel fml:handshake with index 13
[20Dec2025 07:57:32.778] [Netty Epoll Server IO #4/DEBUG] [net.minecraftforge.network.HandshakeHandler/FMLHANDSHAKE]: Received client indexed reply 13 of type net.minecraftforge.network.HandshakeMessages$C2SAcknowledge
[20Dec2025 07:57:32.778] [Netty Epoll Server IO #4/DEBUG] [net.minecraftforge.network.HandshakeHandler/FMLHANDSHAKE]: Received acknowledgement from client
[20Dec2025 07:57:32.817] [Server thread/DEBUG] [net.minecraftforge.network.HandshakeHandler/FMLHANDSHAKE]: Sending ticking packet info 'Registry minecraft:block' to 'fml:handshake' sequence 15
[20Dec2025 07:57:32.827] [Netty Epoll Server IO #4/DEBUG] [net.minecraftforge.network.LoginWrapper/FMLHANDSHAKE]: Recieved login wrapper packet event for channel fml:handshake with index 14
[20Dec2025 07:57:32.827] [Netty Epoll Server IO #4/DEBUG] [net.minecraftforge.network.HandshakeHandler/FMLHANDSHAKE]: Received client indexed reply 14 of type net.minecraftforge.network.HandshakeMessages$C2SAcknowledge
[20Dec2025 07:57:32.827] [Netty Epoll Server IO #4/DEBUG] [net.minecraftforge.network.HandshakeHandler/FMLHANDSHAKE]: Received acknowledgement from client
[20Dec2025 07:57:32.867] [Server thread/DEBUG] [net.minecraftforge.network.HandshakeHandler/FMLHANDSHAKE]: Sending ticking packet info 'Registry forge:entity_data_serializers' to 'fml:handshake' sequence 16
[20Dec2025 07:57:32.877] [Netty Epoll Server IO #4/DEBUG] [net.minecraftforge.network.LoginWrapper/FMLHANDSHAKE]: Recieved login wrapper packet event for channel fml:handshake with index 15
[20Dec2025 07:57:32.877] [Netty Epoll Server IO #4/DEBUG] [net.minecraftforge.network.HandshakeHandler/FMLHANDSHAKE]: Received client indexed reply 15 of type net.minecraftforge.network.HandshakeMessages$C2SAcknowledge
[20Dec2025 07:57:32.877] [Netty Epoll Server IO #4/DEBUG] [net.minecraftforge.network.HandshakeHandler/FMLHANDSHAKE]: Received acknowledgement from client
[20Dec2025 07:57:32.920] [Server thread/DEBUG] [net.minecraftforge.network.HandshakeHandler/FMLHANDSHAKE]: Sending ticking packet info 'Registry minecraft:mob_effect' to 'fml:handshake' sequence 17
[20Dec2025 07:57:32.925] [Netty Epoll Server IO #4/DEBUG] [net.minecraftforge.network.LoginWrapper/FMLHANDSHAKE]: Recieved login wrapper packet event for channel fml:handshake with index 16
[20Dec2025 07:57:32.925] [Netty Epoll Server IO #4/DEBUG] [net.minecraftforge.network.HandshakeHandler/FMLHANDSHAKE]: Received client indexed reply 16 of type net.minecraftforge.network.HandshakeMessages$C2SAcknowledge
[20Dec2025 07:57:32.925] [Netty Epoll Server IO #4/DEBUG] [net.minecraftforge.network.HandshakeHandler/FMLHANDSHAKE]: Received acknowledgement from client
[20Dec2025 07:57:32.969] [Server thread/DEBUG] [net.minecraftforge.network.HandshakeHandler/FMLHANDSHAKE]: Sending ticking packet info 'Registry minecraft:stat_type' to 'fml:handshake' sequence 18
[20Dec2025 07:57:32.978] [Netty Epoll Server IO #4/DEBUG] [net.minecraftforge.network.LoginWrapper/FMLHANDSHAKE]: Recieved login wrapper packet event for channel fml:handshake with index 17
[20Dec2025 07:57:32.978] [Netty Epoll Server IO #4/DEBUG] [net.minecraftforge.network.HandshakeHandler/FMLHANDSHAKE]: Received client indexed reply 17 of type net.minecraftforge.network.HandshakeMessages$C2SAcknowledge
[20Dec2025 07:57:32.978] [Netty Epoll Server IO #4/DEBUG] [net.minecraftforge.network.HandshakeHandler/FMLHANDSHAKE]: Received acknowledgement from client
[20Dec2025 07:57:33.017] [Server thread/DEBUG] [net.minecraftforge.network.HandshakeHandler/FMLHANDSHAKE]: Sending ticking packet info 'Registry minecraft:menu' to 'fml:handshake' sequence 19
[20Dec2025 07:57:33.027] [Netty Epoll Server IO #4/DEBUG] [net.minecraftforge.network.LoginWrapper/FMLHANDSHAKE]: Recieved login wrapper packet event for channel fml:handshake with index 18
[20Dec2025 07:57:33.027] [Netty Epoll Server IO #4/DEBUG] [net.minecraftforge.network.HandshakeHandler/FMLHANDSHAKE]: Received client indexed reply 18 of type net.minecraftforge.network.HandshakeMessages$C2SAcknowledge
[20Dec2025 07:57:33.027] [Netty Epoll Server IO #4/DEBUG] [net.minecraftforge.network.HandshakeHandler/FMLHANDSHAKE]: Received acknowledgement from client
[20Dec2025 07:57:33.068] [Server thread/DEBUG] [net.minecraftforge.network.HandshakeHandler/FMLHANDSHAKE]: Sending ticking packet info 'Registry minecraft:enchantment' to 'fml:handshake' sequence 20
[20Dec2025 07:57:33.075] [Netty Epoll Server IO #4/DEBUG] [net.minecraftforge.network.LoginWrapper/FMLHANDSHAKE]: Recieved login wrapper packet event for channel fml:handshake with index 19
[20Dec2025 07:57:33.075] [Netty Epoll Server IO #4/DEBUG] [net.minecraftforge.network.HandshakeHandler/FMLHANDSHAKE]: Received client indexed reply 19 of type net.minecraftforge.network.HandshakeMessages$C2SAcknowledge
[20Dec2025 07:57:33.075] [Netty Epoll Server IO #4/DEBUG] [net.minecraftforge.network.HandshakeHandler/FMLHANDSHAKE]: Received acknowledgement from client
[20Dec2025 07:57:33.117] [Server thread/DEBUG] [net.minecraftforge.network.HandshakeHandler/FMLHANDSHAKE]: Sending ticking packet info 'Registry minecraft:fluid' to 'fml:handshake' sequence 21
[20Dec2025 07:57:33.127] [Netty Epoll Server IO #4/DEBUG] [net.minecraftforge.network.LoginWrapper/FMLHANDSHAKE]: Recieved login wrapper packet event for channel fml:handshake with index 20
[20Dec2025 07:57:33.127] [Netty Epoll Server IO #4/DEBUG] [net.minecraftforge.network.HandshakeHandler/FMLHANDSHAKE]: Received client indexed reply 20 of type net.minecraftforge.network.HandshakeMessages$C2SAcknowledge
[20Dec2025 07:57:33.127] [Netty Epoll Server IO #4/DEBUG] [net.minecraftforge.network.HandshakeHandler/FMLHANDSHAKE]: Received acknowledgement from client
[20Dec2025 07:57:33.167] [Server thread/DEBUG] [net.minecraftforge.network.HandshakeHandler/FMLHANDSHAKE]: Sending ticking packet info 'Registry minecraft:entity_type' to 'fml:handshake' sequence 22
[20Dec2025 07:57:33.175] [Netty Epoll Server IO #4/DEBUG] [net.minecraftforge.network.LoginWrapper/FMLHANDSHAKE]: Recieved login wrapper packet event for channel fml:handshake with index 21
[20Dec2025 07:57:33.175] [Netty Epoll Server IO #4/DEBUG] [net.minecraftforge.network.HandshakeHandler/FMLHANDSHAKE]: Received client indexed reply 21 of type net.minecraftforge.network.HandshakeMessages$C2SAcknowledge
[20Dec2025 07:57:33.175] [Netty Epoll Server IO #4/DEBUG] [net.minecraftforge.network.HandshakeHandler/FMLHANDSHAKE]: Received acknowledgement from client
[20Dec2025 07:57:33.218] [Server thread/DEBUG] [net.minecraftforge.network.HandshakeHandler/FMLHANDSHAKE]: Sending ticking packet info 'Config curios-server.toml' to 'fml:handshake' sequence 23
[20Dec2025 07:57:33.267] [Server thread/DEBUG] [net.minecraftforge.network.HandshakeHandler/FMLHANDSHAKE]: Sending ticking packet info 'Config jeg-server.toml' to 'fml:handshake' sequence 24
[20Dec2025 07:57:33.274] [Netty Epoll Server IO #4/DEBUG] [net.minecraftforge.network.LoginWrapper/FMLHANDSHAKE]: Recieved login wrapper packet event for channel fml:handshake with index 22
[20Dec2025 07:57:33.274] [Netty Epoll Server IO #4/DEBUG] [net.minecraftforge.network.HandshakeHandler/FMLHANDSHAKE]: Received client indexed reply 22 of type net.minecraftforge.network.HandshakeMessages$C2SAcknowledge
[20Dec2025 07:57:33.275] [Netty Epoll Server IO #4/DEBUG] [net.minecraftforge.network.HandshakeHandler/FMLHANDSHAKE]: Received acknowledgement from client
[20Dec2025 07:57:33.275] [Netty Epoll Server IO #4/DEBUG] [net.minecraftforge.network.LoginWrapper/FMLHANDSHAKE]: Recieved login wrapper packet event for channel fml:handshake with index 23
[20Dec2025 07:57:33.275] [Netty Epoll Server IO #4/DEBUG] [net.minecraftforge.network.HandshakeHandler/FMLHANDSHAKE]: Received client indexed reply 23 of type net.minecraftforge.network.HandshakeMessages$C2SAcknowledge
[20Dec2025 07:57:33.275] [Netty Epoll Server IO #4/DEBUG] [net.minecraftforge.network.HandshakeHandler/FMLHANDSHAKE]: Received acknowledgement from client
[20Dec2025 07:57:33.318] [Server thread/DEBUG] [net.minecraftforge.network.HandshakeHandler/FMLHANDSHAKE]: Sending ticking packet info 'Config gravestone-server.toml' to 'fml:handshake' sequence 25
[20Dec2025 07:57:33.325] [Netty Epoll Server IO #4/DEBUG] [net.minecraftforge.network.LoginWrapper/FMLHANDSHAKE]: Recieved login wrapper packet event for channel fml:handshake with index 24
[20Dec2025 07:57:33.325] [Netty Epoll Server IO #4/DEBUG] [net.minecraftforge.network.HandshakeHandler/FMLHANDSHAKE]: Received client indexed reply 24 of type net.minecraftforge.network.HandshakeMessages$C2SAcknowledge
[20Dec2025 07:57:33.325] [Netty Epoll Server IO #4/DEBUG] [net.minecraftforge.network.HandshakeHandler/FMLHANDSHAKE]: Received acknowledgement from client
[20Dec2025 07:57:33.367] [Server thread/DEBUG] [net.minecraftforge.network.HandshakeHandler/FMLHANDSHAKE]: Sending ticking packet info 'Config travelersbackpack-server.toml' to 'fml:handshake' sequence 26
[20Dec2025 07:57:33.376] [Netty Epoll Server IO #4/DEBUG] [net.minecraftforge.network.LoginWrapper/FMLHANDSHAKE]: Recieved login wrapper packet event for channel fml:handshake with index 25
[20Dec2025 07:57:33.376] [Netty Epoll Server IO #4/DEBUG] [net.minecraftforge.network.HandshakeHandler/FMLHANDSHAKE]: Received client indexed reply 25 of type net.minecraftforge.network.HandshakeMessages$C2SAcknowledge
[20Dec2025 07:57:33.376] [Netty Epoll Server IO #4/DEBUG] [net.minecraftforge.network.HandshakeHandler/FMLHANDSHAKE]: Received acknowledgement from client
[20Dec2025 07:57:33.416] [Server thread/DEBUG] [net.minecraftforge.network.HandshakeHandler/FMLHANDSHAKE]: Sending ticking packet info 'Config enchantinginfuser-server.toml' to 'fml:handshake' sequence 27
[20Dec2025 07:57:33.425] [Netty Epoll Server IO #4/DEBUG] [net.minecraftforge.network.LoginWrapper/FMLHANDSHAKE]: Recieved login wrapper packet event for channel fml:handshake with index 26
[20Dec2025 07:57:33.425] [Netty Epoll Server IO #4/DEBUG] [net.minecraftforge.network.HandshakeHandler/FMLHANDSHAKE]: Received client indexed reply 26 of type net.minecraftforge.network.HandshakeMessages$C2SAcknowledge
[20Dec2025 07:57:33.425] [Netty Epoll Server IO #4/DEBUG] [net.minecraftforge.network.HandshakeHandler/FMLHANDSHAKE]: Received acknowledgement from client
[20Dec2025 07:57:33.470] [Server thread/DEBUG] [net.minecraftforge.network.HandshakeHandler/FMLHANDSHAKE]: Sending ticking packet info 'Config jei-server.toml' to 'fml:handshake' sequence 28
[20Dec2025 07:57:33.474] [Netty Epoll Server IO #4/DEBUG] [net.minecraftforge.network.LoginWrapper/FMLHANDSHAKE]: Recieved login wrapper packet event for channel fml:handshake with index 27
[20Dec2025 07:57:33.474] [Netty Epoll Server IO #4/DEBUG] [net.minecraftforge.network.HandshakeHandler/FMLHANDSHAKE]: Received client indexed reply 27 of type net.minecraftforge.network.HandshakeMessages$C2SAcknowledge
[20Dec2025 07:57:33.474] [Netty Epoll Server IO #4/DEBUG] [net.minecraftforge.network.HandshakeHandler/FMLHANDSHAKE]: Received acknowledgement from client
[20Dec2025 07:57:33.516] [Server thread/DEBUG] [net.minecraftforge.network.HandshakeHandler/FMLHANDSHAKE]: Sending ticking packet info 'Config forge-server.toml' to 'fml:handshake' sequence 29
[20Dec2025 07:57:33.528] [Netty Epoll Server IO #4/DEBUG] [net.minecraftforge.network.LoginWrapper/FMLHANDSHAKE]: Recieved login wrapper packet event for channel fml:handshake with index 28
[20Dec2025 07:57:33.528] [Netty Epoll Server IO #4/DEBUG] [net.minecraftforge.network.HandshakeHandler/FMLHANDSHAKE]: Received client indexed reply 28 of type net.minecraftforge.network.HandshakeMessages$C2SAcknowledge
[20Dec2025 07:57:33.528] [Netty Epoll Server IO #4/DEBUG] [net.minecraftforge.network.HandshakeHandler/FMLHANDSHAKE]: Received acknowledgement from client
[20Dec2025 07:57:33.574] [Netty Epoll Server IO #4/DEBUG] [net.minecraftforge.network.LoginWrapper/FMLHANDSHAKE]: Recieved login wrapper packet event for channel fml:handshake with index 29
[20Dec2025 07:57:33.574] [Netty Epoll Server IO #4/DEBUG] [net.minecraftforge.network.HandshakeHandler/FMLHANDSHAKE]: Received client indexed reply 29 of type net.minecraftforge.network.HandshakeMessages$C2SAcknowledge
[20Dec2025 07:57:33.574] [Netty Epoll Server IO #4/DEBUG] [net.minecraftforge.network.HandshakeHandler/FMLHANDSHAKE]: Received acknowledgement from client
[20Dec2025 07:57:33.617] [Server thread/DEBUG] [net.minecraftforge.network.HandshakeHandler/FMLHANDSHAKE]: Handshake complete!
[20Dec2025 07:57:33.669] [ForkJoinPool.commonPool-worker-19/DEBUG] [SkinRestorer/]: Fetching TheAstoria1090's skin
[20Dec2025 07:57:33.734] [Server thread/INFO] [net.minecraft.server.players.PlayerList/]: TheAstoria1090[/127.197.22.13:37771] logged in with entity id 81112 at (-129.19690406500956, 73.10360926093821, 233.85545976745473)
[20Dec2025 07:57:33.734] [Server thread/DEBUG] [net.minecraftforge.network.filters.NetworkFilters/]: Injected net.minecraftforge.network.filters.ForgeConnectionNetworkFilter@2a4084b8 into net.minecraft.network.Connection@6336030a
[20Dec2025 07:57:33.755] [Server thread/INFO] [net.minecraft.server.MinecraftServer/]: TheAstoria1090 joined the game
[20Dec2025 07:57:33.788] [Server thread/INFO] [Jade/]: Syncing config to TheAstoria1090 (a3b499f0-51af-3225-aacb-9c421195ca4d)
[20Dec2025 07:57:45.700] [Server thread/INFO] [net.minecraft.server.MinecraftServer/]: [TheAstoria1090: Teleported TheAstoria1090 to AcidD_x]
[20Dec2025 07:58:35.850] [Server thread/DEBUG] [net.minecraftforge.common.ForgeHooks/WP]: Gathering id map for writing to world save world
[20Dec2025 07:58:35.859] [Server thread/DEBUG] [net.minecraftforge.common.ForgeHooks/WP]: ID Map collection complete world
[20Dec2025 07:58:53.655] [Server thread/INFO] [net.minecraft.server.MinecraftServer/]: [TheAstoria1090: Teleported TheAstoria1090 to Crowdante53]
[20Dec2025 08:02:02.406] [Server thread/INFO] [net.minecraft.server.MinecraftServer/]: [TheAstoria1090: Teleported TheAstoria1090 to Crowdante53]
[20Dec2025 08:03:35.843] [Server thread/DEBUG] [net.minecraftforge.common.ForgeHooks/WP]: Gathering id map for writing to world save world
[20Dec2025 08:03:35.850] [Server thread/DEBUG] [net.minecraftforge.common.ForgeHooks/WP]: ID Map collection complete world
[20Dec2025 08:08:35.845] [Server thread/DEBUG] [net.minecraftforge.common.ForgeHooks/WP]: Gathering id map for writing to world save world
[20Dec2025 08:08:35.852] [Server thread/DEBUG] [net.minecraftforge.common.ForgeHooks/WP]: ID Map collection complete world
[20Dec2025 08:08:45.037] [Server thread/INFO] [net.minecraft.server.MinecraftServer/]: [TheAstoria1090: Teleported TheAstoria1090 to Crowdante53]
[20Dec2025 08:10:20.524] [Server thread/INFO] [net.minecraft.server.MinecraftServer/]: [TheAstoria1090: Teleported TheAstoria1090 to Crowdante53]
[20Dec2025 08:12:36.267] [Server thread/INFO] [net.minecraft.server.MinecraftServer/]: TheAstoria1090 has made the advancement [Ice Bucket Challenge]
[20Dec2025 08:13:34.342] [Server thread/INFO] [net.minecraft.server.MinecraftServer/]: [TheAstoria1090: Teleported TheAstoria1090 to Crowdante53]
[20Dec2025 08:13:35.842] [Server thread/DEBUG] [net.minecraftforge.common.ForgeHooks/WP]: Gathering id map for writing to world save world
[20Dec2025 08:13:35.848] [Server thread/DEBUG] [net.minecraftforge.common.ForgeHooks/WP]: ID Map collection complete world
[20Dec2025 08:14:22.902] [Server thread/INFO] [net.minecraft.server.MinecraftServer/]: [TheAstoria1090: Gave 1 [Netherite Pickaxe] to TheAstoria1090]
[20Dec2025 08:15:45.168] [Server thread/INFO] [net.minecraft.world.entity.npc.Villager/]: Villager Villager['Fisherman'/76645, l='ServerLevel[world]', x=-124.70, y=72.56, z=240.30] died, message: 'Fisherman was slain by Zombie'
[20Dec2025 08:17:05.888] [Server thread/INFO] [net.minecraft.server.MinecraftServer/]: [TheAstoria1090: Teleported TheAstoria1090 to AcidD_x]
[20Dec2025 08:17:18.531] [Server thread/INFO] [net.minecraft.server.MinecraftServer/]: [TheAstoria1090: Teleported TheAstoria1090 to Crowdante53]
[20Dec2025 08:18:35.844] [Server thread/DEBUG] [net.minecraftforge.common.ForgeHooks/WP]: Gathering id map for writing to world save world
[20Dec2025 08:18:35.851] [Server thread/DEBUG] [net.minecraftforge.common.ForgeHooks/WP]: ID Map collection complete world
[20Dec2025 08:22:43.871] [Server thread/INFO] [net.minecraft.world.entity.npc.Villager/]: Villager Villager['Fisherman'/89978, l='ServerLevel[world]', x=-124.54, y=72.56, z=240.57] died, message: 'Fisherman was slain by Zombie Villager'
[20Dec2025 08:22:46.270] [Server thread/INFO] [net.minecraft.world.entity.npc.Villager/]: Villager Villager['Fisherman'/89979, l='ServerLevel[world]', x=-124.63, y=72.56, z=241.30] died, message: 'Fisherman was slain by Zombie Villager'
[20Dec2025 08:23:19.267] [Server thread/INFO] [net.minecraft.server.MinecraftServer/]: TheAstoria1090 was annihilated by Skeleton
[20Dec2025 08:23:19.271] [Server thread/INFO] [com.tiviacz.travelersbackpack.TravelersBackpack/]: Created new backpack backup file for TheAstoria1090 with unique ID travelersbackpack.redstone_20.12.2025-08.23.19.dat
[20Dec2025 08:23:19.272] [Server thread/INFO] [gravestone/]: The death ID of player TheAstoria1090 is bb6142cd-d315-4439-a203-823972de47fa
[20Dec2025 08:23:25.970] [Server thread/INFO] [net.minecraft.server.MinecraftServer/]: [TheAstoria1090: Teleported TheAstoria1090 to Crowdante53]
[20Dec2025 08:23:35.845] [Server thread/DEBUG] [net.minecraftforge.common.ForgeHooks/WP]: Gathering id map for writing to world save world
[20Dec2025 08:23:35.852] [Server thread/DEBUG] [net.minecraftforge.common.ForgeHooks/WP]: ID Map collection complete world
[20Dec2025 08:24:30.996] [Server thread/INFO] [net.minecraft.server.MinecraftServer/]: [TheAstoria1090: Teleported TheAstoria1090 to AcidD_x]
[20Dec2025 08:25:41.469] [Server thread/INFO] [net.minecraft.server.MinecraftServer/]: Crowdante53 tried to swim in lava
[20Dec2025 08:25:41.472] [Server thread/INFO] [com.tiviacz.travelersbackpack.TravelersBackpack/]: Created new backpack backup file for Crowdante53 with unique ID travelersbackpack.standard_20.12.2025-08.25.41.dat
[20Dec2025 08:25:41.473] [Server thread/INFO] [gravestone/]: The death ID of player Crowdante53 is 0262e43a-e017-46df-8c82-4176f3bc709d
[20Dec2025 08:26:00.884] [Server thread/INFO] [net.minecraft.server.MinecraftServer/]: [TheAstoria1090: Teleported Crowdante53 to TheAstoria1090]
[20Dec2025 08:26:30.621] [Server thread/INFO] [net.minecraft.server.MinecraftServer/]: [TheAstoria1090: Teleported Crowdante53 to 382.500000, -57.000000, 431.500000]
[20Dec2025 08:26:34.270] [Server thread/INFO] [net.minecraft.server.MinecraftServer/]: [TheAstoria1090: Teleported Crowdante53 to TheAstoria1090]
[20Dec2025 08:26:36.320] [Server thread/INFO] [net.minecraft.server.MinecraftServer/]: Crowdante53 burned to death
[20Dec2025 08:26:36.321] [Server thread/INFO] [gravestone/]: The death ID of player Crowdante53 is 46a59d48-100c-4397-bc4e-f1c688f64d62
[20Dec2025 08:26:44.173] [Server thread/INFO] [net.minecraft.server.MinecraftServer/]: [TheAstoria1090: Teleported Crowdante53 to TheAstoria1090]
[20Dec2025 08:27:45.191] [Server thread/INFO] [net.minecraft.server.MinecraftServer/]: [TheAstoria1090: Teleported TheAstoria1090 to AcidD_x]
[20Dec2025 08:28:10.125] [Server thread/INFO] [net.minecraft.server.MinecraftServer/]: [TheAstoria1090: Teleported TheAstoria1090 to Crowdante53]
[20Dec2025 08:28:35.842] [Server thread/DEBUG] [net.minecraftforge.common.ForgeHooks/WP]: Gathering id map for writing to world save world
[20Dec2025 08:28:35.849] [Server thread/DEBUG] [net.minecraftforge.common.ForgeHooks/WP]: ID Map collection complete world
[20Dec2025 08:28:43.919] [Server thread/INFO] [net.minecraft.server.MinecraftServer/]: [TheAstoria1090: Teleported TheAstoria1090 to AcidD_x]
[20Dec2025 08:29:03.150] [Server thread/INFO] [net.minecraft.server.MinecraftServer/]: [TheAstoria1090: Teleported TheAstoria1090 to Crowdante53]
[20Dec2025 08:29:39.576] [Server thread/INFO] [net.minecraft.server.MinecraftServer/]: [TheAstoria1090: Teleported TheAstoria1090 to AcidD_x]
[20Dec2025 08:30:20.856] [Server thread/INFO] [net.minecraft.server.MinecraftServer/]: [TheAstoria1090: Teleported TheAstoria1090 to Crowdante53]
[20Dec2025 08:31:04.118] [Server thread/INFO] [net.minecraft.server.network.ServerGamePacketListenerImpl/]: TheAstoria1090 lost connection: Disconnected
[20Dec2025 08:31:04.118] [Server thread/INFO] [net.minecraft.server.MinecraftServer/]: TheAstoria1090 left the game
[20Dec2025 08:31:52.269] [Server thread/INFO] [net.minecraft.server.network.ServerGamePacketListenerImpl/]: Crowdante53 lost connection: Disconnected
[20Dec2025 08:31:52.270] [Server thread/INFO] [net.minecraft.server.MinecraftServer/]: Crowdante53 left the game
[20Dec2025 08:33:35.831] [Server thread/DEBUG] [net.minecraftforge.common.ForgeHooks/WP]: Gathering id map for writing to world save world
[20Dec2025 08:33:35.839] [Server thread/DEBUG] [net.minecraftforge.common.ForgeHooks/WP]: ID Map collection complete world
[20Dec2025 08:33:42.014] [Server thread/INFO] [net.minecraft.server.network.ServerGamePacketListenerImpl/]: AcidD_x lost connection: Disconnected
[20Dec2025 08:33:42.015] [Server thread/INFO] [net.minecraft.server.MinecraftServer/]: AcidD_x left the game
[20Dec2025 08:38:35.815] [Server thread/DEBUG] [net.minecraftforge.common.ForgeHooks/WP]: Gathering id map for writing to world save world
[20Dec2025 08:38:35.822] [Server thread/DEBUG] [net.minecraftforge.common.ForgeHooks/WP]: ID Map collection complete world
[20Dec2025 08:43:35.814] [Server thread/DEBUG] [net.minecraftforge.common.ForgeHooks/WP]: Gathering id map for writing to world save world
[20Dec2025 08:43:35.821] [Server thread/DEBUG] [net.minecraftforge.common.ForgeHooks/WP]: ID Map collection complete world
[20Dec2025 08:48:35.814] [Server thread/DEBUG] [net.minecraftforge.common.ForgeHooks/WP]: Gathering id map for writing to world save world
[20Dec2025 08:48:35.821] [Server thread/DEBUG] [net.minecraftforge.common.ForgeHooks/WP]: ID Map collection complete world
